country,iso3,year,indicator,unit,source,value
Aruba,ABW,2010,gdp_pc_current_usd,usd,WDI,24093.1401510626
Africa Eastern and Southern,AFE,2010,gdp_pc_current_usd,usd,WDI,1601.72765054704
Afghanistan,AFG,2010,gdp_pc_current_usd,usd,WDI,560.621505463146
Africa Western and Central,AFW,2010,gdp_pc_current_usd,usd,WDI,1663.96693663873
Angola,AGO,2010,gdp_pc_current_usd,usd,WDI,3597.34293216332
Albania,ALB,2010,gdp_pc_current_usd,usd,WDI,4149.14469936847
Andorra,AND,2010,gdp_pc_current_usd,usd,WDI,42746.8309526019
Arab World,ARB,2010,gdp_pc_current_usd,usd,WDI,5928.30535993301
United Arab Emirates,ARE,2010,gdp_pc_current_usd,usd,WDI,43696.6712590463
Argentina,ARG,2010,gdp_pc_current_usd,usd,WDI,10260.1313108254
Armenia,ARM,2010,gdp_pc_current_usd,usd,WDI,3041.34450723339
American Samoa,ASM,2010,gdp_pc_current_usd,usd,WDI,10375.1720141957
Antigua and Barbuda,ATG,2010,gdp_pc_current_usd,usd,WDI,15217.3950790922
Australia,AUS,2010,gdp_pc_current_usd,usd,WDI,52144.6654705468
Austria,AUT,2010,gdp_pc_current_usd,usd,WDI,46611.1393420232
Azerbaijan,AZE,2010,gdp_pc_current_usd,usd,WDI,5843.5337683582
Burundi,BDI,2010,gdp_pc_current_usd,usd,WDI,216.727705301976
Belgium,BEL,2010,gdp_pc_current_usd,usd,WDI,44197.393671162
Benin,BEN,2010,gdp_pc_current_usd,usd,WDI,973.244254931526
Burkina Faso,BFA,2010,gdp_pc_current_usd,usd,WDI,624.957252224766
Bangladesh,BGD,2010,gdp_pc_current_usd,usd,WDI,757.385280361508
Bulgaria,BGR,2010,gdp_pc_current_usd,usd,WDI,6853.94805511171
Bahrain,BHR,2010,gdp_pc_current_usd,usd,WDI,21819.3291098099
"Bahamas, The",BHS,2010,gdp_pc_current_usd,usd,WDI,27473.100430502
Bosnia and Herzegovina,BIH,2010,gdp_pc_current_usd,usd,WDI,4506.47828548389
Belarus,BLR,2010,gdp_pc_current_usd,usd,WDI,6034.67885177216
Belize,BLZ,2010,gdp_pc_current_usd,usd,WDI,5451.13897172477
Bermuda,BMU,2010,gdp_pc_current_usd,usd,WDI,104111.824244802
Bolivia,BOL,2010,gdp_pc_current_usd,usd,WDI,1929.78373077158
Brazil,BRA,2010,gdp_pc_current_usd,usd,WDI,11403.2821278747
Barbados,BRB,2010,gdp_pc_current_usd,usd,WDI,18860.3833703309
Brunei Darussalam,BRN,2010,gdp_pc_current_usd,usd,WDI,34937.5555174068
Bhutan,BTN,2010,gdp_pc_current_usd,usd,WDI,2435.5798056672
Botswana,BWA,2010,gdp_pc_current_usd,usd,WDI,6215.73216077919
Central African Republic,CAF,2010,gdp_pc_current_usd,usd,WDI,476.873786950728
Canada,CAN,2010,gdp_pc_current_usd,usd,WDI,47560.6666009406
Central Europe and the Baltics,CEB,2010,gdp_pc_current_usd,usd,WDI,12635.8166890856
Switzerland,CHE,2010,gdp_pc_current_usd,usd,WDI,76531.3728182297
Channel Islands,CHI,2010,gdp_pc_current_usd,usd,WDI,56121.6387322912
Chile,CHL,2010,gdp_pc_current_usd,usd,WDI,12632.8704724192
China,CHN,2010,gdp_pc_current_usd,usd,WDI,4629.24551710077
Cote d'Ivoire,CIV,2010,gdp_pc_current_usd,usd,WDI,1553.54887048143
Cameroon,CMR,2010,gdp_pc_current_usd,usd,WDI,1398.58702025047
"Congo, Dem. Rep.",COD,2010,gdp_pc_current_usd,usd,WDI,314.53858629844
"Congo, Rep.",COG,2010,gdp_pc_current_usd,usd,WDI,2946.55798067708
Colombia,COL,2010,gdp_pc_current_usd,usd,WDI,6398.2958447102
Comoros,COM,2010,gdp_pc_current_usd,usd,WDI,1386.57533553376
Cabo Verde,CPV,2010,gdp_pc_current_usd,usd,WDI,3579.46006137809
Costa Rica,CRI,2010,gdp_pc_current_usd,usd,WDI,8265.78820275899
Caribbean small states,CSS,2010,gdp_pc_current_usd,usd,WDI,12594.873505728
Cuba,CUB,2010,gdp_pc_current_usd,usd,WDI,5272.26755824835
Curacao,CUW,2010,gdp_pc_current_usd,usd,WDI,19847.2310127979
Cayman Islands,CYM,2010,gdp_pc_current_usd,usd,WDI,76837.6699636672
Cyprus,CYP,2010,gdp_pc_current_usd,usd,WDI,31105.02734375
Czechia,CZE,2010,gdp_pc_current_usd,usd,WDI,20160.4355077059
Germany,DEU,2010,gdp_pc_current_usd,usd,WDI,42409.9356994694
Djibouti,DJI,2010,gdp_pc_current_usd,usd,WDI,1213.23352553429
Dominica,DMA,2010,gdp_pc_current_usd,usd,WDI,7549.61964680375
Denmark,DNK,2010,gdp_pc_current_usd,usd,WDI,58104.5445594981
Dominican Republic,DOM,2010,gdp_pc_current_usd,usd,WDI,5478.62470398954
Algeria,DZA,2010,gdp_pc_current_usd,usd,WDI,4912.78585503672
East Asia & Pacific (excluding high income),EAP,2010,gdp_pc_current_usd,usd,WDI,4057.86841611259
Early-demographic dividend,EAR,2010,gdp_pc_current_usd,usd,WDI,2936.94376472564
East Asia & Pacific,EAS,2010,gdp_pc_current_usd,usd,WDI,7760.44827813549
Europe & Central Asia (excluding high income),ECA,2010,gdp_pc_current_usd,usd,WDI,5995.07850827244
Europe & Central Asia,ECS,2010,gdp_pc_current_usd,usd,WDI,23684.8766148124
Ecuador,ECU,2010,gdp_pc_current_usd,usd,WDI,4520.30959039763
"Egypt, Arab Rep.",EGY,2010,gdp_pc_current_usd,usd,WDI,2455.08194645282
Euro area,EMU,2010,gdp_pc_current_usd,usd,WDI,37495.4820609396
Eritrea,ERI,2010,gdp_pc_current_usd,usd,WDI,539.699512069686
Spain,ESP,2010,gdp_pc_current_usd,usd,WDI,30658.7422282912
Estonia,EST,2010,gdp_pc_current_usd,usd,WDI,14663.7041018705
Ethiopia,ETH,2010,gdp_pc_current_usd,usd,WDI,330.619412798644
European Union,EUU,2010,gdp_pc_current_usd,usd,WDI,33122.5582674613
Fragile and conflict affected situations,FCS,2010,gdp_pc_current_usd,usd,WDI,2017.09471314918
Finland,FIN,2010,gdp_pc_current_usd,usd,WDI,46506.2919016566
Fiji,FJI,2010,gdp_pc_current_usd,usd,WDI,3449.14452883369
France,FRA,2010,gdp_pc_current_usd,usd,WDI,40694.8211697025
Faroe Islands,FRO,2010,gdp_pc_current_usd,usd,WDI,47923.1515374991
"Micronesia, Fed. Sts.",FSM,2010,gdp_pc_current_usd,usd,WDI,2761.24325832248
Gabon,GAB,2010,gdp_pc_current_usd,usd,WDI,8356.74662013345
United Kingdom,GBR,2010,gdp_pc_current_usd,usd,WDI,39598.957119545
Georgia,GEO,2010,gdp_pc_current_usd,usd,WDI,3281.72930937343
Ghana,GHA,2010,gdp_pc_current_usd,usd,WDI,1263.89251760539
Guinea,GIN,2010,gdp_pc_current_usd,usd,WDI,659.235326211315
"Gambia, The",GMB,2010,gdp_pc_current_usd,usd,WDI,801.033372714536
Guinea-Bissau,GNB,2010,gdp_pc_current_usd,usd,WDI,600.194298540768
Equatorial Guinea,GNQ,2010,gdp_pc_current_usd,usd,WDI,13720.1658723222
Greece,GRC,2010,gdp_pc_current_usd,usd,WDI,26653.0488008626
Grenada,GRD,2010,gdp_pc_current_usd,usd,WDI,6909.60169568597
Greenland,GRL,2010,gdp_pc_current_usd,usd,WDI,44277.1993400972
Guatemala,GTM,2010,gdp_pc_current_usd,usd,WDI,2805.25960237322
Guam,GUM,2010,gdp_pc_current_usd,usd,WDI,29719.7967836082
Guyana,GUY,2010,gdp_pc_current_usd,usd,WDI,4581.76179693492
High income,HIC,2010,gdp_pc_current_usd,usd,WDI,35725.9211082153
"Hong Kong SAR, China",HKG,2010,gdp_pc_current_usd,usd,WDI,32550.136489179
Honduras,HND,2010,gdp_pc_current_usd,usd,WDI,1893.32722662035
Heavily indebted poor countries (HIPC),HPC,2010,gdp_pc_current_usd,usd,WDI,808.777260698443
Croatia,HRV,2010,gdp_pc_current_usd,usd,WDI,13731.2865213989
Haiti,HTI,2010,gdp_pc_current_usd,usd,WDI,1209.72733503094
Hungary,HUN,2010,gdp_pc_current_usd,usd,WDI,13189.8433874768
IBRD only,IBD,2010,gdp_pc_current_usd,usd,WDI,4557.20920307518
IDA & IBRD total,IBT,2010,gdp_pc_current_usd,usd,WDI,3712.16834474718
IDA total,IDA,2010,gdp_pc_current_usd,usd,WDI,1108.42805626479
IDA blend,IDB,2010,gdp_pc_current_usd,usd,WDI,1535.4341798865
Indonesia,IDN,2010,gdp_pc_current_usd,usd,WDI,3065.68348377765
IDA only,IDX,2010,gdp_pc_current_usd,usd,WDI,875.365651321211
Isle of Man,IMN,2010,gdp_pc_current_usd,usd,WDI,70587.3140283741
India,IND,2010,gdp_pc_current_usd,usd,WDI,1347.51939071367
Ireland,IRL,2010,gdp_pc_current_usd,usd,WDI,48679.4026820361
"Iran, Islamic Rep.",IRN,2010,gdp_pc_current_usd,usd,WDI,6291.19443652344
Iraq,IRQ,2010,gdp_pc_current_usd,usd,WDI,4461.75196161555
Iceland,ISL,2010,gdp_pc_current_usd,usd,WDI,43237.0729488958
Israel,ISR,2010,gdp_pc_current_usd,usd,WDI,31439.0887027614
Italy,ITA,2010,gdp_pc_current_usd,usd,WDI,35856.8625485539
Jamaica,JAM,2010,gdp_pc_current_usd,usd,WDI,4809.977380312
Jordan,JOR,2010,gdp_pc_current_usd,usd,WDI,3718.46571622945
Japan,JPN,2010,gdp_pc_current_usd,usd,WDI,44968.1562349739
Kazakhstan,KAZ,2010,gdp_pc_current_usd,usd,WDI,8793.07589980782
Kenya,KEN,2010,gdp_pc_current_usd,usd,WDI,1091.51873101194
Kyrgyz Republic,KGZ,2010,gdp_pc_current_usd,usd,WDI,876.954476440354
Cambodia,KHM,2010,gdp_pc_current_usd,usd,WDI,952.274616324008
Kiribati,KIR,2010,gdp_pc_current_usd,usd,WDI,1522.10068744154
St. Kitts and Nevis,KNA,2010,gdp_pc_current_usd,usd,WDI,16622.9457908577
"Korea, Rep.",KOR,2010,gdp_pc_current_usd,usd,WDI,23079.2601257735
Kuwait,KWT,2010,gdp_pc_current_usd,usd,WDI,39212.2522190461
Latin America & Caribbean (excluding high income),LAC,2010,gdp_pc_current_usd,usd,WDI,8637.62473414238
Lao PDR,LAO,2010,gdp_pc_current_usd,usd,WDI,1125.91610151261
Lebanon,LBN,2010,gdp_pc_current_usd,usd,WDI,7625.81051551165
Liberia,LBR,2010,gdp_pc_current_usd,usd,WDI,492.252808033724
Libya,LBY,2010,gdp_pc_current_usd,usd,WDI,11600.9068649472
St. Lucia,LCA,2010,gdp_pc_current_usd,usd,WDI,8673.68720340529
Latin America & Caribbean,LCN,2010,gdp_pc_current_usd,usd,WDI,9183.09564355142
Least developed countries: UN classification,LDC,2010,gdp_pc_current_usd,usd,WDI,815.33186696013
Low income,LIC,2010,gdp_pc_current_usd,usd,WDI,820.562915135461
Liechtenstein,LIE,2010,gdp_pc_current_usd,usd,WDI,141089.812849014
Sri Lanka,LKA,2010,gdp_pc_current_usd,usd,WDI,2808.36779237408
Lower middle income,LMC,2010,gdp_pc_current_usd,usd,WDI,1486.73323791504
Low & middle income,LMY,2010,gdp_pc_current_usd,usd,WDI,3390.74990282183
Lesotho,LSO,2010,gdp_pc_current_usd,usd,WDI,1119.47557793042
Late-demographic dividend,LTE,2010,gdp_pc_current_usd,usd,WDI,6273.65791810552
Lithuania,LTU,2010,gdp_pc_current_usd,usd,WDI,11829.122609457
Luxembourg,LUX,2010,gdp_pc_current_usd,usd,WDI,110885.991378721
Latvia,LVA,2010,gdp_pc_current_usd,usd,WDI,11188.4191700977
"Macao SAR, China",MAC,2010,gdp_pc_current_usd,usd,WDI,52591.8035225196
Morocco,MAR,2010,gdp_pc_current_usd,usd,WDI,3067.9853515625
Monaco,MCO,2010,gdp_pc_current_usd,usd,WDI,161853.920622244
Moldova,MDA,2010,gdp_pc_current_usd,usd,WDI,2436.79935102421
Madagascar,MDG,2010,gdp_pc_current_usd,usd,WDI,450.009391645726
Maldives,MDV,2010,gdp_pc_current_usd,usd,WDI,7173.59601844692
"Middle East, North Africa, Afghanistan & Pakistan",MEA,2010,gdp_pc_current_usd,usd,WDI,4858.24316666732
Mexico,MEX,2010,gdp_pc_current_usd,usd,WDI,9728.80078237782
Marshall Islands,MHL,2010,gdp_pc_current_usd,usd,WDI,3095.45768964722
Middle income,MIC,2010,gdp_pc_current_usd,usd,WDI,3607.26997781882
North Macedonia,MKD,2010,gdp_pc_current_usd,usd,WDI,4833.36586759968
Mali,MLI,2010,gdp_pc_current_usd,usd,WDI,827.617660082715
Malta,MLT,2010,gdp_pc_current_usd,usd,WDI,21946.6070188242
Myanmar,MMR,2010,gdp_pc_current_usd,usd,WDI,1010.53417343401
"Middle East, North Africa, Afghanistan & Pakistan (excluding high income)",MNA,2010,gdp_pc_current_usd,usd,WDI,2816.19347268048
Montenegro,MNE,2010,gdp_pc_current_usd,usd,WDI,6688.40259641346
Mongolia,MNG,2010,gdp_pc_current_usd,usd,WDI,2625.21881402433
Northern Mariana Islands,MNP,2010,gdp_pc_current_usd,usd,WDI,14771.4037455399
Mozambique,MOZ,2010,gdp_pc_current_usd,usd,WDI,496.185839392659
Mauritania,MRT,2010,gdp_pc_current_usd,usd,WDI,1659.96369705455
Mauritius,MUS,2010,gdp_pc_current_usd,usd,WDI,8000.37643182154
Malawi,MWI,2010,gdp_pc_current_usd,usd,WDI,683.124694716799
Malaysia,MYS,2010,gdp_pc_current_usd,usd,WDI,8899.34505544675
North America,NAC,2010,gdp_pc_current_usd,usd,WDI,48545.7943594729
Namibia,NAM,2010,gdp_pc_current_usd,usd,WDI,5418.21633365814
New Caledonia,NCL,2010,gdp_pc_current_usd,usd,WDI,35798.9084757829
Niger,NER,2010,gdp_pc_current_usd,usd,WDI,474.425692340831
Nigeria,NGA,2010,gdp_pc_current_usd,usd,WDI,2202.25672957344
Nicaragua,NIC,2010,gdp_pc_current_usd,usd,WDI,1526.56706951408
Netherlands,NLD,2010,gdp_pc_current_usd,usd,WDI,51305.7338533973
Norway,NOR,2010,gdp_pc_current_usd,usd,WDI,88163.2085931423
Nepal,NPL,2010,gdp_pc_current_usd,usd,WDI,585.278491984574
Nauru,NRU,2010,gdp_pc_current_usd,usd,WDI,4723.91708258679
New Zealand,NZL,2010,gdp_pc_current_usd,usd,WDI,33761.9009639947
OECD members,OED,2010,gdp_pc_current_usd,usd,WDI,35109.1537425529
Oman,OMN,2010,gdp_pc_current_usd,usd,WDI,23570.1798147325
Other small states,OSS,2010,gdp_pc_current_usd,usd,WDI,10129.0011242625
Pakistan,PAK,2010,gdp_pc_current_usd,usd,WDI,987.304571124485
Panama,PAN,2010,gdp_pc_current_usd,usd,WDI,8331.46421351868
Peru,PER,2010,gdp_pc_current_usd,usd,WDI,5072.11494019615
Philippines,PHL,2010,gdp_pc_current_usd,usd,WDI,2162.91375885614
Palau,PLW,2010,gdp_pc_current_usd,usd,WDI,10229.0878451837
Papua New Guinea,PNG,2010,gdp_pc_current_usd,usd,WDI,1866.86889851208
Poland,POL,2010,gdp_pc_current_usd,usd,WDI,12567.7317676382
Pre-demographic dividend,PRE,2010,gdp_pc_current_usd,usd,WDI,1403.06256875661
Puerto Rico (US),PRI,2010,gdp_pc_current_usd,usd,WDI,26414.8810634548
Portugal,PRT,2010,gdp_pc_current_usd,usd,WDI,22551.935098809
Paraguay,PRY,2010,gdp_pc_current_usd,usd,WDI,4750.96273669322
West Bank and Gaza,PSE,2010,gdp_pc_current_usd,usd,WDI,2557.07562356699
Pacific island small states,PSS,2010,gdp_pc_current_usd,usd,WDI,2903.69051166434
Post-demographic dividend,PST,2010,gdp_pc_current_usd,usd,WDI,39742.8120680719
French Polynesia,PYF,2010,gdp_pc_current_usd,usd,WDI,22494.806706186
Qatar,QAT,2010,gdp_pc_current_usd,usd,WDI,77387.3267885308
Romania,ROU,2010,gdp_pc_current_usd,usd,WDI,8399.5374234284
Russian Federation,RUS,2010,gdp_pc_current_usd,usd,WDI,10674.990234375
Rwanda,RWA,2010,gdp_pc_current_usd,usd,WDI,593.624927744346
South Asia,SAS,2010,gdp_pc_current_usd,usd,WDI,1294.02742131622
Saudi Arabia,SAU,2010,gdp_pc_current_usd,usd,WDI,22028.3901426586
Sudan,SDN,2010,gdp_pc_current_usd,usd,WDI,1305.63598632813
Senegal,SEN,2010,gdp_pc_current_usd,usd,WDI,1275.88357492357
Singapore,SGP,2010,gdp_pc_current_usd,usd,WDI,47236.683084953
Solomon Islands,SLB,2010,gdp_pc_current_usd,usd,WDI,1685.15499035363
Sierra Leone,SLE,2010,gdp_pc_current_usd,usd,WDI,685.039673490948
El Salvador,SLV,2010,gdp_pc_current_usd,usd,WDI,3040.07300952878
San Marino,SMR,2010,gdp_pc_current_usd,usd,WDI,56543.1898204098
Somalia,SOM,2010,gdp_pc_current_usd,usd,WDI,219.202453852397
Serbia,SRB,2010,gdp_pc_current_usd,usd,WDI,5970.92660940072
Sub-Saharan Africa (excluding high income),SSA,2010,gdp_pc_current_usd,usd,WDI,1772.02278164044
South Sudan,SSD,2010,gdp_pc_current_usd,usd,WDI,1498.27034985194
Sub-Saharan Africa,SSF,2010,gdp_pc_current_usd,usd,WDI,1627.0749666999
Small states,SST,2010,gdp_pc_current_usd,usd,WDI,9773.34614588001
Sao Tome and Principe,STP,2010,gdp_pc_current_usd,usd,WDI,1045.20958234528
Suriname,SUR,2010,gdp_pc_current_usd,usd,WDI,7943.60482816915
Slovak Republic,SVK,2010,gdp_pc_current_usd,usd,WDI,16899.448680529
Slovenia,SVN,2010,gdp_pc_current_usd,usd,WDI,23329.8417691156
Sweden,SWE,2010,gdp_pc_current_usd,usd,WDI,52542.8274141037
Eswatini,SWZ,2010,gdp_pc_current_usd,usd,WDI,3992.95199562618
Sint Maarten (Dutch part),SXM,2010,gdp_pc_current_usd,usd,WDI,26403.8143692163
Seychelles,SYC,2010,gdp_pc_current_usd,usd,WDI,10934.79494629
Syrian Arab Republic,SYR,2010,gdp_pc_current_usd,usd,WDI,2730.61477118949
Turks and Caicos Islands,TCA,2010,gdp_pc_current_usd,usd,WDI,23093.8498268267
Chad,TCD,2010,gdp_pc_current_usd,usd,WDI,1141.80069268412
East Asia & Pacific (IDA & IBRD countries),TEA,2010,gdp_pc_current_usd,usd,WDI,4104.80586778241
Europe & Central Asia (IDA & IBRD countries),TEC,2010,gdp_pc_current_usd,usd,WDI,8268.157718639
Togo,TGO,2010,gdp_pc_current_usd,usd,WDI,704.987164181378
Thailand,THA,2010,gdp_pc_current_usd,usd,WDI,4973.86288823778
Tajikistan,TJK,2010,gdp_pc_current_usd,usd,WDI,737.338883219356
Turkmenistan,TKM,2010,gdp_pc_current_usd,usd,WDI,4058.53937000739
Latin America & the Caribbean (IDA & IBRD countries),TLA,2010,gdp_pc_current_usd,usd,WDI,9114.95264435886
Timor-Leste,TLS,2010,gdp_pc_current_usd,usd,WDI,813.060177250597
"Middle East, North Africa, Afghanistan & Pakistan (IDA & IBRD)",TMN,2010,gdp_pc_current_usd,usd,WDI,2817.90380218152
Tonga,TON,2010,gdp_pc_current_usd,usd,WDI,3416.08356601207
South Asia (IDA & IBRD),TSA,2010,gdp_pc_current_usd,usd,WDI,1294.02742131622
Sub-Saharan Africa (IDA & IBRD countries),TSS,2010,gdp_pc_current_usd,usd,WDI,1627.0749666999
Trinidad and Tobago,TTO,2010,gdp_pc_current_usd,usd,WDI,16815.424737361
Tunisia,TUN,2010,gdp_pc_current_usd,usd,WDI,4291.86120891575
Turkiye,TUR,2010,gdp_pc_current_usd,usd,WDI,10622.7020439723
Tuvalu,TUV,2010,gdp_pc_current_usd,usd,WDI,3024.8170790571
Tanzania,TZA,2010,gdp_pc_current_usd,usd,WDI,736.530151367188
Uganda,UGA,2010,gdp_pc_current_usd,usd,WDI,823.488144282
Ukraine,UKR,2010,gdp_pc_current_usd,usd,WDI,3039.63232421875
Upper middle income,UMC,2010,gdp_pc_current_usd,usd,WDI,5708.67954079567
Uruguay,URY,2010,gdp_pc_current_usd,usd,WDI,12641.0576849008
United States,USA,2010,gdp_pc_current_usd,usd,WDI,48642.6312088213
Uzbekistan,UZB,2010,gdp_pc_current_usd,usd,WDI,1753.20730243278
St. Vincent and the Grenadines,VCT,2010,gdp_pc_current_usd,usd,WDI,6551.96835992405
"Venezuela, RB",VEN,2010,gdp_pc_current_usd,usd,WDI,13646.3046622664
Virgin Islands (U.S.),VIR,2010,gdp_pc_current_usd,usd,WDI,39905.1284180994
Viet Nam,VNM,2010,gdp_pc_current_usd,usd,WDI,1683.16182443979
Vanuatu,VUT,2010,gdp_pc_current_usd,usd,WDI,2815.18828985779
World,WLD,2010,gdp_pc_current_usd,usd,WDI,9530.01080884583
Samoa,WSM,2010,gdp_pc_current_usd,usd,WDI,3524.2479246203
Kosovo,XKX,2010,gdp_pc_current_usd,usd,WDI,2987.54519574464
"Yemen, Rep.",YEM,2010,gdp_pc_current_usd,usd,WDI,1155.20305261418
South Africa,ZAF,2010,gdp_pc_current_usd,usd,WDI,7973.47195771517
Zambia,ZMB,2010,gdp_pc_current_usd,usd,WDI,1451.10616017155
Zimbabwe,ZWE,2010,gdp_pc_current_usd,usd,WDI,901.55051752819
Aruba,ABW,2011,gdp_pc_current_usd,usd,WDI,25712.3843015186
Africa Eastern and Southern,AFE,2011,gdp_pc_current_usd,usd,WDI,1735.58492331253
Afghanistan,AFG,2011,gdp_pc_current_usd,usd,WDI,606.694676337726
Africa Western and Central,AFW,2011,gdp_pc_current_usd,usd,WDI,1844.1985949993
Angola,AGO,2011,gdp_pc_current_usd,usd,WDI,4615.91059831778
Albania,ALB,2011,gdp_pc_current_usd,usd,WDI,4465.70914328865
Andorra,AND,2011,gdp_pc_current_usd,usd,WDI,46657.1561173756
Arab World,ARB,2011,gdp_pc_current_usd,usd,WDI,6894.19536785393
United Arab Emirates,ARE,2011,gdp_pc_current_usd,usd,WDI,50789.050540755
Argentina,ARG,2011,gdp_pc_current_usd,usd,WDI,12704.2831819684
Armenia,ARM,2011,gdp_pc_current_usd,usd,WDI,3349.55309771906
American Samoa,ASM,2011,gdp_pc_current_usd,usd,WDI,10383.459331451
Antigua and Barbuda,ATG,2011,gdp_pc_current_usd,usd,WDI,14911.7275084471
Australia,AUS,2011,gdp_pc_current_usd,usd,WDI,62605.600458306
Austria,AUT,2011,gdp_pc_current_usd,usd,WDI,51116.8953522042
Azerbaijan,AZE,2011,gdp_pc_current_usd,usd,WDI,7189.81869211976
Burundi,BDI,2011,gdp_pc_current_usd,usd,WDI,230.070577369084
Belgium,BEL,2011,gdp_pc_current_usd,usd,WDI,47760.8298776546
Benin,BEN,2011,gdp_pc_current_usd,usd,WDI,1059.41358852588
Burkina Faso,BFA,2011,gdp_pc_current_usd,usd,WDI,725.024767725475
Bangladesh,BGD,2011,gdp_pc_current_usd,usd,WDI,837.336944695647
Bulgaria,BGR,2011,gdp_pc_current_usd,usd,WDI,7849.58061302818
Bahrain,BHR,2011,gdp_pc_current_usd,usd,WDI,25032.7867743333
"Bahamas, The",BHS,2011,gdp_pc_current_usd,usd,WDI,27090.8376801379
Bosnia and Herzegovina,BIH,2011,gdp_pc_current_usd,usd,WDI,4982.69375768263
Belarus,BLR,2011,gdp_pc_current_usd,usd,WDI,6527.6593428786
Belize,BLZ,2011,gdp_pc_current_usd,usd,WDI,5582.22170621269
Bermuda,BMU,2011,gdp_pc_current_usd,usd,WDI,99049.0169927667
Bolivia,BOL,2011,gdp_pc_current_usd,usd,WDI,2315.52121930607
Brazil,BRA,2011,gdp_pc_current_usd,usd,WDI,13396.6243562986
Barbados,BRB,2011,gdp_pc_current_usd,usd,WDI,19345.9953139542
Brunei Darussalam,BRN,2011,gdp_pc_current_usd,usd,WDI,46382.8274456238
Bhutan,BTN,2011,gdp_pc_current_usd,usd,WDI,2787.97967608562
Botswana,BWA,2011,gdp_pc_current_usd,usd,WDI,7287.38295334919
Central African Republic,CAF,2011,gdp_pc_current_usd,usd,WDI,534.057281471636
Canada,CAN,2011,gdp_pc_current_usd,usd,WDI,52223.8588398531
Central Europe and the Baltics,CEB,2011,gdp_pc_current_usd,usd,WDI,13997.441472478
Switzerland,CHE,2011,gdp_pc_current_usd,usd,WDI,90476.7589651577
Channel Islands,CHI,2011,gdp_pc_current_usd,usd,WDI,60419.2321641296
Chile,CHL,2011,gdp_pc_current_usd,usd,WDI,14487.3927832032
China,CHN,2011,gdp_pc_current_usd,usd,WDI,5703.76027973346
Cote d'Ivoire,CIV,2011,gdp_pc_current_usd,usd,WDI,1596.62826565998
Cameroon,CMR,2011,gdp_pc_current_usd,usd,WDI,1513.96056994878
"Congo, Dem. Rep.",COD,2011,gdp_pc_current_usd,usd,WDI,364.714191777632
"Congo, Rep.",COG,2011,gdp_pc_current_usd,usd,WDI,3396.16505817952
Colombia,COL,2011,gdp_pc_current_usd,usd,WDI,7400.9940695669
Comoros,COM,2011,gdp_pc_current_usd,usd,WDI,1531.43969320468
Cabo Verde,CPV,2011,gdp_pc_current_usd,usd,WDI,4002.01386888785
Costa Rica,CRI,2011,gdp_pc_current_usd,usd,WDI,9276.39107510528
Caribbean small states,CSS,2011,gdp_pc_current_usd,usd,WDI,13449.4807692589
Cuba,CUB,2011,gdp_pc_current_usd,usd,WDI,6104.46105236166
Curacao,CUW,2011,gdp_pc_current_usd,usd,WDI,19426.326382752
Cayman Islands,CYM,2011,gdp_pc_current_usd,usd,WDI,75280.960764889
Cyprus,CYP,2011,gdp_pc_current_usd,usd,WDI,32485.796875
Czechia,CZE,2011,gdp_pc_current_usd,usd,WDI,22049.1080788682
Germany,DEU,2011,gdp_pc_current_usd,usd,WDI,47646.582043143
Djibouti,DJI,2011,gdp_pc_current_usd,usd,WDI,1306.34552844977
Dominica,DMA,2011,gdp_pc_current_usd,usd,WDI,7705.40717248319
Denmark,DNK,2011,gdp_pc_current_usd,usd,WDI,61809.737898222
Dominican Republic,DOM,2011,gdp_pc_current_usd,usd,WDI,5826.51014109195
Algeria,DZA,2011,gdp_pc_current_usd,usd,WDI,5916.31364364343
East Asia & Pacific (excluding high income),EAP,2011,gdp_pc_current_usd,usd,WDI,4913.89621427228
Early-demographic dividend,EAR,2011,gdp_pc_current_usd,usd,WDI,3261.14562505487
East Asia & Pacific,EAS,2011,gdp_pc_current_usd,usd,WDI,8929.66684535938
Europe & Central Asia (excluding high income),ECA,2011,gdp_pc_current_usd,usd,WDI,6762.72946012902
Europe & Central Asia,ECS,2011,gdp_pc_current_usd,usd,WDI,26221.7856583388
Ecuador,ECU,2011,gdp_pc_current_usd,usd,WDI,5153.6916424375
"Egypt, Arab Rep.",EGY,2011,gdp_pc_current_usd,usd,WDI,2590.64384891965
Euro area,EMU,2011,gdp_pc_current_usd,usd,WDI,40574.3722348559
Eritrea,ERI,2011,gdp_pc_current_usd,usd,WDI,688.68165957684
Spain,ESP,2011,gdp_pc_current_usd,usd,WDI,31824.6219134777
Estonia,EST,2011,gdp_pc_current_usd,usd,WDI,17555.5455239426
Ethiopia,ETH,2011,gdp_pc_current_usd,usd,WDI,343.024942351887
European Union,EUU,2011,gdp_pc_current_usd,usd,WDI,35967.0114355607
Fragile and conflict affected situations,FCS,2011,gdp_pc_current_usd,usd,WDI,2056.37363745059
Finland,FIN,2011,gdp_pc_current_usd,usd,WDI,51060.3242589767
Fiji,FJI,2011,gdp_pc_current_usd,usd,WDI,4139.60288609702
France,FRA,2011,gdp_pc_current_usd,usd,WDI,43929.7840873812
Faroe Islands,FRO,2011,gdp_pc_current_usd,usd,WDI,51618.9907766392
"Micronesia, Fed. Sts.",FSM,2011,gdp_pc_current_usd,usd,WDI,2890.50493045368
Gabon,GAB,2011,gdp_pc_current_usd,usd,WDI,10219.1139339454
United Kingdom,GBR,2011,gdp_pc_current_usd,usd,WDI,42109.6418795749
Georgia,GEO,2011,gdp_pc_current_usd,usd,WDI,4119.66818307193
Ghana,GHA,2011,gdp_pc_current_usd,usd,WDI,1507.43573198753
Guinea,GIN,2011,gdp_pc_current_usd,usd,WDI,636.694958747648
"Gambia, The",GMB,2011,gdp_pc_current_usd,usd,WDI,710.608411468152
Guinea-Bissau,GNB,2011,gdp_pc_current_usd,usd,WDI,719.539573498937
Equatorial Guinea,GNQ,2011,gdp_pc_current_usd,usd,WDI,17198.2136668275
Greece,GRC,2011,gdp_pc_current_usd,usd,WDI,25504.7866510124
Grenada,GRD,2011,gdp_pc_current_usd,usd,WDI,6947.38136096464
Greenland,GRL,2011,gdp_pc_current_usd,usd,WDI,47186.8759969388
Guatemala,GTM,2011,gdp_pc_current_usd,usd,WDI,3168.98370607705
Guam,GUM,2011,gdp_pc_current_usd,usd,WDI,29926.2052442913
Guyana,GUY,2011,gdp_pc_current_usd,usd,WDI,4947.22170589917
High income,HIC,2011,gdp_pc_current_usd,usd,WDI,38728.2209958174
"Hong Kong SAR, China",HKG,2011,gdp_pc_current_usd,usd,WDI,35142.4879344543
Honduras,HND,2011,gdp_pc_current_usd,usd,WDI,2073.66121088074
Heavily indebted poor countries (HIPC),HPC,2011,gdp_pc_current_usd,usd,WDI,872.462990291189
Croatia,HRV,2011,gdp_pc_current_usd,usd,WDI,14694.9993201417
Haiti,HTI,2011,gdp_pc_current_usd,usd,WDI,1312.03953552013
Hungary,HUN,2011,gdp_pc_current_usd,usd,WDI,14211.460557822
IBRD only,IBD,2011,gdp_pc_current_usd,usd,WDI,5338.49008833531
IDA & IBRD total,IBT,2011,gdp_pc_current_usd,usd,WDI,4320.70980905537
IDA total,IDA,2011,gdp_pc_current_usd,usd,WDI,1224.23282773791
IDA blend,IDB,2011,gdp_pc_current_usd,usd,WDI,1705.80920373982
Indonesia,IDN,2011,gdp_pc_current_usd,usd,WDI,3579.46442466152
IDA only,IDX,2011,gdp_pc_current_usd,usd,WDI,960.849916561978
Isle of Man,IMN,2011,gdp_pc_current_usd,usd,WDI,77808.8579649376
India,IND,2011,gdp_pc_current_usd,usd,WDI,1445.46127486037
Ireland,IRL,2011,gdp_pc_current_usd,usd,WDI,52692.7813135606
"Iran, Islamic Rep.",IRN,2011,gdp_pc_current_usd,usd,WDI,8025.68743364356
Iraq,IRQ,2011,gdp_pc_current_usd,usd,WDI,5775.54229080293
Iceland,ISL,2011,gdp_pc_current_usd,usd,WDI,47714.5922308485
Israel,ISR,2011,gdp_pc_current_usd,usd,WDI,34522.5215979073
Italy,ITA,2011,gdp_pc_current_usd,usd,WDI,38432.3742820019
Jamaica,JAM,2011,gdp_pc_current_usd,usd,WDI,5232.63644918132
Jordan,JOR,2011,gdp_pc_current_usd,usd,WDI,3946.85503855525
Japan,JPN,2011,gdp_pc_current_usd,usd,WDI,48760.0789494211
Kazakhstan,KAZ,2011,gdp_pc_current_usd,usd,WDI,11287.1464926039
Kenya,KEN,2011,gdp_pc_current_usd,usd,WDI,1096.14499807675
Kyrgyz Republic,KGZ,2011,gdp_pc_current_usd,usd,WDI,1117.40174350185
Cambodia,KHM,2011,gdp_pc_current_usd,usd,WDI,1088.98152823081
Kiribati,KIR,2011,gdp_pc_current_usd,usd,WDI,1771.12926848792
St. Kitts and Nevis,KNA,2011,gdp_pc_current_usd,usd,WDI,17832.4572919975
"Korea, Rep.",KOR,2011,gdp_pc_current_usd,usd,WDI,25097.595426845
Kuwait,KWT,2011,gdp_pc_current_usd,usd,WDI,49169.6063983139
Latin America & Caribbean (excluding high income),LAC,2011,gdp_pc_current_usd,usd,WDI,9979.98044298679
Lao PDR,LAO,2011,gdp_pc_current_usd,usd,WDI,1361.54704394913
Lebanon,LBN,2011,gdp_pc_current_usd,usd,WDI,7834.96257108993
Liberia,LBR,2011,gdp_pc_current_usd,usd,WDI,568.087865520004
Libya,LBY,2011,gdp_pc_current_usd,usd,WDI,7593.8391525702
St. Lucia,LCA,2011,gdp_pc_current_usd,usd,WDI,9128.99442011613
Latin America & Caribbean,LCN,2011,gdp_pc_current_usd,usd,WDI,10333.4116793797
Least developed countries: UN classification,LDC,2011,gdp_pc_current_usd,usd,WDI,908.84557481049
Low income,LIC,2011,gdp_pc_current_usd,usd,WDI,868.53035738822
Liechtenstein,LIE,2011,gdp_pc_current_usd,usd,WDI,158066.369379163
Sri Lanka,LKA,2011,gdp_pc_current_usd,usd,WDI,3224.95736331928
Lower middle income,LMC,2011,gdp_pc_current_usd,usd,WDI,1631.11430442125
Low & middle income,LMY,2011,gdp_pc_current_usd,usd,WDI,3939.15229373555
Lesotho,LSO,2011,gdp_pc_current_usd,usd,WDI,1280.73390931581
Late-demographic dividend,LTE,2011,gdp_pc_current_usd,usd,WDI,7595.11474079685
Lithuania,LTU,2011,gdp_pc_current_usd,usd,WDI,14261.8433787325
Luxembourg,LUX,2011,gdp_pc_current_usd,usd,WDI,119025.057203467
Latvia,LVA,2011,gdp_pc_current_usd,usd,WDI,12902.574053337
"Macao SAR, China",MAC,2011,gdp_pc_current_usd,usd,WDI,67041.2823092952
St. Martin (French part),MAF,2011,gdp_pc_current_usd,usd,WDI,20930.5850690939
Morocco,MAR,2011,gdp_pc_current_usd,usd,WDI,3301.98876953125
Monaco,MCO,2011,gdp_pc_current_usd,usd,WDI,179363.984221513
Moldova,MDA,2011,gdp_pc_current_usd,usd,WDI,2941.36224066021
Madagascar,MDG,2011,gdp_pc_current_usd,usd,WDI,506.163691559309
Maldives,MDV,2011,gdp_pc_current_usd,usd,WDI,7424.520410971
"Middle East, North Africa, Afghanistan & Pakistan",MEA,2011,gdp_pc_current_usd,usd,WDI,5718.86907861057
Mexico,MEX,2011,gdp_pc_current_usd,usd,WDI,10664.4944046282
Marshall Islands,MHL,2011,gdp_pc_current_usd,usd,WDI,3319.39815439151
Middle income,MIC,2011,gdp_pc_current_usd,usd,WDI,4201.46234199476
North Macedonia,MKD,2011,gdp_pc_current_usd,usd,WDI,5416.86672931659
Mali,MLI,2011,gdp_pc_current_usd,usd,WDI,941.574944706639
Malta,MLT,2011,gdp_pc_current_usd,usd,WDI,23516.9691282762
Myanmar,MMR,2011,gdp_pc_current_usd,usd,WDI,1213.62898703376
"Middle East, North Africa, Afghanistan & Pakistan (excluding high income)",MNA,2011,gdp_pc_current_usd,usd,WDI,3232.55085445125
Montenegro,MNE,2011,gdp_pc_current_usd,usd,WDI,7325.64689244715
Mongolia,MNG,2011,gdp_pc_current_usd,usd,WDI,3736.04201455077
Northern Mariana Islands,MNP,2011,gdp_pc_current_usd,usd,WDI,13598.7166094613
Mozambique,MOZ,2011,gdp_pc_current_usd,usd,WDI,618.17649286789
Mauritania,MRT,2011,gdp_pc_current_usd,usd,WDI,1931.19975525465
Mauritius,MUS,2011,gdp_pc_current_usd,usd,WDI,9197.04299089459
Malawi,MWI,2011,gdp_pc_current_usd,usd,WDI,763.061000394572
Malaysia,MYS,2011,gdp_pc_current_usd,usd,WDI,10217.1068585031
North America,NAC,2011,gdp_pc_current_usd,usd,WDI,50251.9927293556
Namibia,NAM,2011,gdp_pc_current_usd,usd,WDI,5834.7917675794
New Caledonia,NCL,2011,gdp_pc_current_usd,usd,WDI,38835.9401851385
Niger,NER,2011,gdp_pc_current_usd,usd,WDI,510.75956176268
Nigeria,NGA,2011,gdp_pc_current_usd,usd,WDI,2418.41316975875
Nicaragua,NIC,2011,gdp_pc_current_usd,usd,WDI,1679.71192084633
Netherlands,NLD,2011,gdp_pc_current_usd,usd,WDI,54701.7728030611
Norway,NOR,2011,gdp_pc_current_usd,usd,WDI,101221.813476644
Nepal,NPL,2011,gdp_pc_current_usd,usd,WDI,785.518656222132
Nauru,NRU,2011,gdp_pc_current_usd,usd,WDI,6480.90451339597
New Zealand,NZL,2011,gdp_pc_current_usd,usd,WDI,38431.7766788499
OECD members,OED,2011,gdp_pc_current_usd,usd,WDI,37574.5601858864
Oman,OMN,2011,gdp_pc_current_usd,usd,WDI,25188.0074151885
Other small states,OSS,2011,gdp_pc_current_usd,usd,WDI,11452.4197158894
Pakistan,PAK,2011,gdp_pc_current_usd,usd,WDI,1131.73513834324
Panama,PAN,2011,gdp_pc_current_usd,usd,WDI,9662.29592216607
Peru,PER,2011,gdp_pc_current_usd,usd,WDI,5861.35793645245
Philippines,PHL,2011,gdp_pc_current_usd,usd,WDI,2383.91892522087
Palau,PLW,2011,gdp_pc_current_usd,usd,WDI,11000.879522071
Papua New Guinea,PNG,2011,gdp_pc_current_usd,usd,WDI,2288.37591141234
Poland,POL,2011,gdp_pc_current_usd,usd,WDI,13867.6669408192
Pre-demographic dividend,PRE,2011,gdp_pc_current_usd,usd,WDI,1578.4982831648
Puerto Rico (US),PRI,2011,gdp_pc_current_usd,usd,WDI,27170.0766543278
Portugal,PRT,2011,gdp_pc_current_usd,usd,WDI,23246.5425416481
Paraguay,PRY,2011,gdp_pc_current_usd,usd,WDI,5805.40154543044
West Bank and Gaza,PSE,2011,gdp_pc_current_usd,usd,WDI,2880.79843707909
Pacific island small states,PSS,2011,gdp_pc_current_usd,usd,WDI,3341.48832070497
Post-demographic dividend,PST,2011,gdp_pc_current_usd,usd,WDI,42571.9228706841
French Polynesia,PYF,2011,gdp_pc_current_usd,usd,WDI,22831.5185348524
Qatar,QAT,2011,gdp_pc_current_usd,usd,WDI,103261.506539346
Romania,ROU,2011,gdp_pc_current_usd,usd,WDI,9560.6755277458
Russian Federation,RUS,2011,gdp_pc_current_usd,usd,WDI,14305.33203125
Rwanda,RWA,2011,gdp_pc_current_usd,usd,WDI,651.133677964662
South Asia,SAS,2011,gdp_pc_current_usd,usd,WDI,1397.0068242448
Saudi Arabia,SAU,2011,gdp_pc_current_usd,usd,WDI,27126.7498747702
Sudan,SDN,2011,gdp_pc_current_usd,usd,WDI,1332.6572265625
Senegal,SEN,2011,gdp_pc_current_usd,usd,WDI,1374.67591873844
Singapore,SGP,2011,gdp_pc_current_usd,usd,WDI,53891.4570264372
Solomon Islands,SLB,2011,gdp_pc_current_usd,usd,WDI,1924.05277323978
Sierra Leone,SLE,2011,gdp_pc_current_usd,usd,WDI,761.146365577281
El Salvador,SLV,2011,gdp_pc_current_usd,usd,WDI,3330.60049486653
San Marino,SMR,2011,gdp_pc_current_usd,usd,WDI,55601.3929703047
Somalia,SOM,2011,gdp_pc_current_usd,usd,WDI,235.325945610434
Serbia,SRB,2011,gdp_pc_current_usd,usd,WDI,7082.2861666075
Sub-Saharan Africa (excluding high income),SSA,2011,gdp_pc_current_usd,usd,WDI,1940.73922734818
South Sudan,SSD,2011,gdp_pc_current_usd,usd,WDI,1448.98435006408
Sub-Saharan Africa,SSF,2011,gdp_pc_current_usd,usd,WDI,1779.85473126318
Small states,SST,2011,gdp_pc_current_usd,usd,WDI,10864.4855234231
Sao Tome and Principe,STP,2011,gdp_pc_current_usd,usd,WDI,1219.80189089671
Suriname,SUR,2011,gdp_pc_current_usd,usd,WDI,7949.88867218383
Slovak Republic,SVK,2011,gdp_pc_current_usd,usd,WDI,18469.4354316836
Slovenia,SVN,2011,gdp_pc_current_usd,usd,WDI,24940.6284841605
Sweden,SWE,2011,gdp_pc_current_usd,usd,WDI,60379.7748160321
Eswatini,SWZ,2011,gdp_pc_current_usd,usd,WDI,4312.34243414155
Sint Maarten (Dutch part),SXM,2011,gdp_pc_current_usd,usd,WDI,27317.5178881974
Seychelles,SYC,2011,gdp_pc_current_usd,usd,WDI,12110.0937461973
Syrian Arab Republic,SYR,2011,gdp_pc_current_usd,usd,WDI,2952.14349372257
Turks and Caicos Islands,TCA,2011,gdp_pc_current_usd,usd,WDI,23626.726317837
Chad,TCD,2011,gdp_pc_current_usd,usd,WDI,1308.1421872538
East Asia & Pacific (IDA & IBRD countries),TEA,2011,gdp_pc_current_usd,usd,WDI,4970.50790233388
Europe & Central Asia (IDA & IBRD countries),TEC,2011,gdp_pc_current_usd,usd,WDI,10016.6162732559
Togo,TGO,2011,gdp_pc_current_usd,usd,WDI,783.989380490906
Thailand,THA,2011,gdp_pc_current_usd,usd,WDI,5373.6232832898
Tajikistan,TJK,2011,gdp_pc_current_usd,usd,WDI,833.601978202852
Turkmenistan,TKM,2011,gdp_pc_current_usd,usd,WDI,5143.61929334647
Latin America & the Caribbean (IDA & IBRD countries),TLA,2011,gdp_pc_current_usd,usd,WDI,10277.044381301
Timor-Leste,TLS,2011,gdp_pc_current_usd,usd,WDI,939.045241112693
"Middle East, North Africa, Afghanistan & Pakistan (IDA & IBRD)",TMN,2011,gdp_pc_current_usd,usd,WDI,3234.88259884026
Tonga,TON,2011,gdp_pc_current_usd,usd,WDI,3849.99375750134
South Asia (IDA & IBRD),TSA,2011,gdp_pc_current_usd,usd,WDI,1397.0068242448
Sub-Saharan Africa (IDA & IBRD countries),TSS,2011,gdp_pc_current_usd,usd,WDI,1779.85473126318
Trinidad and Tobago,TTO,2011,gdp_pc_current_usd,usd,WDI,19151.0870229722
Tunisia,TUN,2011,gdp_pc_current_usd,usd,WDI,4420.64772206537
Turkiye,TUR,2011,gdp_pc_current_usd,usd,WDI,11300.7852215681
Tuvalu,TUV,2011,gdp_pc_current_usd,usd,WDI,3636.08139989792
Tanzania,TZA,2011,gdp_pc_current_usd,usd,WDI,775.392761230469
Uganda,UGA,2011,gdp_pc_current_usd,usd,WDI,835.620060555838
Ukraine,UKR,2011,gdp_pc_current_usd,usd,WDI,3656.69799804688
Upper middle income,UMC,2011,gdp_pc_current_usd,usd,WDI,6770.88093954983
Uruguay,URY,2011,gdp_pc_current_usd,usd,WDI,15132.2675725587
United States,USA,2011,gdp_pc_current_usd,usd,WDI,50024.8812320773
Uzbekistan,UZB,2011,gdp_pc_current_usd,usd,WDI,2087.86386135694
St. Vincent and the Grenadines,VCT,2011,gdp_pc_current_usd,usd,WDI,6527.68996854448
"Venezuela, RB",VEN,2011,gdp_pc_current_usd,usd,WDI,10843.9229703167
Virgin Islands (U.S.),VIR,2011,gdp_pc_current_usd,usd,WDI,38997.1373164651
Viet Nam,VNM,2011,gdp_pc_current_usd,usd,WDI,1950.92504174913
Vanuatu,VUT,2011,gdp_pc_current_usd,usd,WDI,3163.1861645138
World,WLD,2011,gdp_pc_current_usd,usd,WDI,10471.5364278845
Samoa,WSM,2011,gdp_pc_current_usd,usd,WDI,3821.50678264479
Kosovo,XKX,2011,gdp_pc_current_usd,usd,WDI,3538.94759838576
"Yemen, Rep.",YEM,2011,gdp_pc_current_usd,usd,WDI,1186.47500580876
South Africa,ZAF,2011,gdp_pc_current_usd,usd,WDI,8646.05571071635
Zambia,ZMB,2011,gdp_pc_current_usd,usd,WDI,1624.86817763443
Zimbabwe,ZWE,2011,gdp_pc_current_usd,usd,WDI,1037.24613741902
Aruba,ABW,2012,gdp_pc_current_usd,usd,WDI,25119.6655449838
Africa Eastern and Southern,AFE,2012,gdp_pc_current_usd,usd,WDI,1702.9691001504
Afghanistan,AFG,2012,gdp_pc_current_usd,usd,WDI,651.417134470046
Africa Western and Central,AFW,2012,gdp_pc_current_usd,usd,WDI,1941.36955612659
Angola,AGO,2012,gdp_pc_current_usd,usd,WDI,5086.02740086376
Albania,ALB,2012,gdp_pc_current_usd,usd,WDI,4222.3470988913
Andorra,AND,2012,gdp_pc_current_usd,usd,WDI,41500.5435791686
Arab World,ARB,2012,gdp_pc_current_usd,usd,WDI,7362.6299087983
United Arab Emirates,ARE,2012,gdp_pc_current_usd,usd,WDI,52034.4762476071
Argentina,ARG,2012,gdp_pc_current_usd,usd,WDI,12949.717486654
Armenia,ARM,2012,gdp_pc_current_usd,usd,WDI,3511.56399687426
American Samoa,ASM,2012,gdp_pc_current_usd,usd,WDI,11745.4899153958
Antigua and Barbuda,ATG,2012,gdp_pc_current_usd,usd,WDI,15639.8078114787
Australia,AUS,2012,gdp_pc_current_usd,usd,WDI,68072.8732340801
Austria,AUT,2012,gdp_pc_current_usd,usd,WDI,48250.4059142637
Azerbaijan,AZE,2012,gdp_pc_current_usd,usd,WDI,7495.86527658099
Burundi,BDI,2012,gdp_pc_current_usd,usd,WDI,231.688496393569
Belgium,BEL,2012,gdp_pc_current_usd,usd,WDI,44874.1709182123
Benin,BEN,2012,gdp_pc_current_usd,usd,WDI,1071.5258366283
Burkina Faso,BFA,2012,gdp_pc_current_usd,usd,WDI,731.470138867833
Bangladesh,BGD,2012,gdp_pc_current_usd,usd,WDI,859.680536375497
Bulgaria,BGR,2012,gdp_pc_current_usd,usd,WDI,7431.95789508871
Bahrain,BHR,2012,gdp_pc_current_usd,usd,WDI,26438.6733230428
"Bahamas, The",BHS,2012,gdp_pc_current_usd,usd,WDI,28552.0242683151
Bosnia and Herzegovina,BIH,2012,gdp_pc_current_usd,usd,WDI,4693.78899115381
Belarus,BLR,2012,gdp_pc_current_usd,usd,WDI,6953.21591683101
Belize,BLZ,2012,gdp_pc_current_usd,usd,WDI,5709.68918765363
Bermuda,BMU,2012,gdp_pc_current_usd,usd,WDI,100213.493385287
Bolivia,BOL,2012,gdp_pc_current_usd,usd,WDI,2575.59857098084
Brazil,BRA,2012,gdp_pc_current_usd,usd,WDI,12521.7213519966
Barbados,BRB,2012,gdp_pc_current_usd,usd,WDI,19034.0708028512
Brunei Darussalam,BRN,2012,gdp_pc_current_usd,usd,WDI,46968.5971144517
Bhutan,BTN,2012,gdp_pc_current_usd,usd,WDI,2751.2128864294
Botswana,BWA,2012,gdp_pc_current_usd,usd,WDI,6595.53845015424
Central African Republic,CAF,2012,gdp_pc_current_usd,usd,WDI,544.395849142785
Canada,CAN,2012,gdp_pc_current_usd,usd,WDI,52670.3447335415
Central Europe and the Baltics,CEB,2012,gdp_pc_current_usd,usd,WDI,13104.103611889
Switzerland,CHE,2012,gdp_pc_current_usd,usd,WDI,85836.2076767359
Channel Islands,CHI,2012,gdp_pc_current_usd,usd,WDI,58813.9364818794
Chile,CHL,2012,gdp_pc_current_usd,usd,WDI,15241.9069981119
China,CHN,2012,gdp_pc_current_usd,usd,WDI,6405.0574241349
Cote d'Ivoire,CIV,2012,gdp_pc_current_usd,usd,WDI,1546.9460184731
Cameroon,CMR,2012,gdp_pc_current_usd,usd,WDI,1449.09874362279
"Congo, Dem. Rep.",COD,2012,gdp_pc_current_usd,usd,WDI,400.059901824342
"Congo, Rep.",COG,2012,gdp_pc_current_usd,usd,WDI,3732.32737320389
Colombia,COL,2012,gdp_pc_current_usd,usd,WDI,8108.59838244229
Comoros,COM,2012,gdp_pc_current_usd,usd,WDI,1490.31425650871
Cabo Verde,CPV,2012,gdp_pc_current_usd,usd,WDI,3736.81517011087
Costa Rica,CRI,2012,gdp_pc_current_usd,usd,WDI,10126.999102414
Caribbean small states,CSS,2012,gdp_pc_current_usd,usd,WDI,14172.8904656639
Cuba,CUB,2012,gdp_pc_current_usd,usd,WDI,6470.83673392653
Curacao,CUW,2012,gdp_pc_current_usd,usd,WDI,19809.8223198624
Cayman Islands,CYM,2012,gdp_pc_current_usd,usd,WDI,75101.59136128
Cyprus,CYP,2012,gdp_pc_current_usd,usd,WDI,28991.935546875
Czechia,CZE,2012,gdp_pc_current_usd,usd,WDI,20014.0354015165
Germany,DEU,2012,gdp_pc_current_usd,usd,WDI,44735.5882319701
Djibouti,DJI,2012,gdp_pc_current_usd,usd,WDI,1400.19357858954
Dominica,DMA,2012,gdp_pc_current_usd,usd,WDI,7528.51001990155
Denmark,DNK,2012,gdp_pc_current_usd,usd,WDI,58443.7747103968
Dominican Republic,DOM,2012,gdp_pc_current_usd,usd,WDI,6013.81965002603
Algeria,DZA,2012,gdp_pc_current_usd,usd,WDI,6033.64884689543
East Asia & Pacific (excluding high income),EAP,2012,gdp_pc_current_usd,usd,WDI,5434.8274709338
Early-demographic dividend,EAR,2012,gdp_pc_current_usd,usd,WDI,3360.45461072029
East Asia & Pacific,EAS,2012,gdp_pc_current_usd,usd,WDI,9479.32344288198
Europe & Central Asia (excluding high income),ECA,2012,gdp_pc_current_usd,usd,WDI,7071.92003622416
Europe & Central Asia,ECS,2012,gdp_pc_current_usd,usd,WDI,25146.0197755091
Ecuador,ECU,2012,gdp_pc_current_usd,usd,WDI,5634.08393191094
"Egypt, Arab Rep.",EGY,2012,gdp_pc_current_usd,usd,WDI,2996.0677072015
Euro area,EMU,2012,gdp_pc_current_usd,usd,WDI,37486.6282216839
Spain,ESP,2012,gdp_pc_current_usd,usd,WDI,28456.4438151477
Estonia,EST,2012,gdp_pc_current_usd,usd,WDI,17568.2137969714
Ethiopia,ETH,2012,gdp_pc_current_usd,usd,WDI,452.101031885754
European Union,EUU,2012,gdp_pc_current_usd,usd,WDI,33328.7719857616
Fragile and conflict affected situations,FCS,2012,gdp_pc_current_usd,usd,WDI,2245.37471861679
Finland,FIN,2012,gdp_pc_current_usd,usd,WDI,47551.6740841369
Fiji,FJI,2012,gdp_pc_current_usd,usd,WDI,4341.40338748749
France,FRA,2012,gdp_pc_current_usd,usd,WDI,40863.5814412333
Faroe Islands,FRO,2012,gdp_pc_current_usd,usd,WDI,50261.9616267693
"Micronesia, Fed. Sts.",FSM,2012,gdp_pc_current_usd,usd,WDI,3033.16989526369
Gabon,GAB,2012,gdp_pc_current_usd,usd,WDI,9296.96587941088
United Kingdom,GBR,2012,gdp_pc_current_usd,usd,WDI,42490.1465463521
Georgia,GEO,2012,gdp_pc_current_usd,usd,WDI,4530.69533409431
Ghana,GHA,2012,gdp_pc_current_usd,usd,WDI,1543.77524235764
Guinea,GIN,2012,gdp_pc_current_usd,usd,WDI,699.353377212197
"Gambia, The",GMB,2012,gdp_pc_current_usd,usd,WDI,692.579361628102
Guinea-Bissau,GNB,2012,gdp_pc_current_usd,usd,WDI,635.461653303881
Equatorial Guinea,GNQ,2012,gdp_pc_current_usd,usd,WDI,17308.5723924575
Greece,GRC,2012,gdp_pc_current_usd,usd,WDI,21624.346052551
Grenada,GRD,2012,gdp_pc_current_usd,usd,WDI,7092.71985352677
Greenland,GRL,2012,gdp_pc_current_usd,usd,WDI,45936.9562817724
Guatemala,GTM,2012,gdp_pc_current_usd,usd,WDI,3286.61959336267
Guam,GUM,2012,gdp_pc_current_usd,usd,WDI,31653.7506538168
Guyana,GUY,2012,gdp_pc_current_usd,usd,WDI,5444.39751913913
High income,HIC,2012,gdp_pc_current_usd,usd,WDI,38632.5165717734
"Hong Kong SAR, China",HKG,2012,gdp_pc_current_usd,usd,WDI,36730.796195815
Honduras,HND,2012,gdp_pc_current_usd,usd,WDI,2126.03474686503
Heavily indebted poor countries (HIPC),HPC,2012,gdp_pc_current_usd,usd,WDI,880.279390859021
Croatia,HRV,2012,gdp_pc_current_usd,usd,WDI,13508.6836989693
Haiti,HTI,2012,gdp_pc_current_usd,usd,WDI,1361.39396587374
Hungary,HUN,2012,gdp_pc_current_usd,usd,WDI,12950.1594488143
IBRD only,IBD,2012,gdp_pc_current_usd,usd,WDI,5614.90444436222
IDA & IBRD total,IBT,2012,gdp_pc_current_usd,usd,WDI,4529.03358074522
IDA total,IDA,2012,gdp_pc_current_usd,usd,WDI,1263.0860164259
IDA blend,IDB,2012,gdp_pc_current_usd,usd,WDI,1844.38819134316
Indonesia,IDN,2012,gdp_pc_current_usd,usd,WDI,3632.27254030331
IDA only,IDX,2012,gdp_pc_current_usd,usd,WDI,944.953146548279
Isle of Man,IMN,2012,gdp_pc_current_usd,usd,WDI,79329.2034347434
India,IND,2012,gdp_pc_current_usd,usd,WDI,1429.32199520032
Ireland,IRL,2012,gdp_pc_current_usd,usd,WDI,49411.7387476787
"Iran, Islamic Rep.",IRN,2012,gdp_pc_current_usd,usd,WDI,8114.08099831877
Iraq,IRQ,2012,gdp_pc_current_usd,usd,WDI,6477.59618450955
Iceland,ISL,2012,gdp_pc_current_usd,usd,WDI,45995.5478789467
Israel,ISR,2012,gdp_pc_current_usd,usd,WDI,33321.4300881602
Italy,ITA,2012,gdp_pc_current_usd,usd,WDI,34854.3949441965
Jamaica,JAM,2012,gdp_pc_current_usd,usd,WDI,5340.83333232158
Jordan,JOR,2012,gdp_pc_current_usd,usd,WDI,4169.50470054618
Japan,JPN,2012,gdp_pc_current_usd,usd,WDI,49145.2804308193
Kazakhstan,KAZ,2012,gdp_pc_current_usd,usd,WDI,12018.7966527993
Kenya,KEN,2012,gdp_pc_current_usd,usd,WDI,1285.00536171512
Kyrgyz Republic,KGZ,2012,gdp_pc_current_usd,usd,WDI,1168.62244675446
Cambodia,KHM,2012,gdp_pc_current_usd,usd,WDI,1192.80263041673
Kiribati,KIR,2012,gdp_pc_current_usd,usd,WDI,1843.55336349889
St. Kitts and Nevis,KNA,2012,gdp_pc_current_usd,usd,WDI,17532.0559008608
"Korea, Rep.",KOR,2012,gdp_pc_current_usd,usd,WDI,25459.1689000965
Kuwait,KWT,2012,gdp_pc_current_usd,usd,WDI,52155.2225460479
Latin America & Caribbean (excluding high income),LAC,2012,gdp_pc_current_usd,usd,WDI,9823.23365099871
Lao PDR,LAO,2012,gdp_pc_current_usd,usd,WDI,1563.5650771337
Lebanon,LBN,2012,gdp_pc_current_usd,usd,WDI,8406.98405608118
Liberia,LBR,2012,gdp_pc_current_usd,usd,WDI,638.368751462083
Libya,LBY,2012,gdp_pc_current_usd,usd,WDI,14975.8902795144
St. Lucia,LCA,2012,gdp_pc_current_usd,usd,WDI,9260.30006551714
Latin America & Caribbean,LCN,2012,gdp_pc_current_usd,usd,WDI,10343.77598096
Least developed countries: UN classification,LDC,2012,gdp_pc_current_usd,usd,WDI,929.489014391783
Low income,LIC,2012,gdp_pc_current_usd,usd,WDI,772.447998642062
Liechtenstein,LIE,2012,gdp_pc_current_usd,usd,WDI,148842.035144342
Sri Lanka,LKA,2012,gdp_pc_current_usd,usd,WDI,3327.77612404326
Lower middle income,LMC,2012,gdp_pc_current_usd,usd,WDI,1695.30445478252
Low & middle income,LMY,2012,gdp_pc_current_usd,usd,WDI,4130.06444378513
Lesotho,LSO,2012,gdp_pc_current_usd,usd,WDI,1217.93071228944
Late-demographic dividend,LTE,2012,gdp_pc_current_usd,usd,WDI,8069.36106146732
Lithuania,LTU,2012,gdp_pc_current_usd,usd,WDI,14288.1853493139
Luxembourg,LUX,2012,gdp_pc_current_usd,usd,WDI,112584.676270958
Latvia,LVA,2012,gdp_pc_current_usd,usd,WDI,13329.3499931271
"Macao SAR, China",MAC,2012,gdp_pc_current_usd,usd,WDI,76051.6312325843
Morocco,MAR,2012,gdp_pc_current_usd,usd,WDI,3164.17724609375
Monaco,MCO,2012,gdp_pc_current_usd,usd,WDI,165444.651378771
Moldova,MDA,2012,gdp_pc_current_usd,usd,WDI,3044.8084324815
Madagascar,MDG,2012,gdp_pc_current_usd,usd,WDI,493.511162904211
Maldives,MDV,2012,gdp_pc_current_usd,usd,WDI,7461.29703686309
"Middle East, North Africa, Afghanistan & Pakistan",MEA,2012,gdp_pc_current_usd,usd,WDI,6035.56581008106
Mexico,MEX,2012,gdp_pc_current_usd,usd,WDI,10744.1335229686
Marshall Islands,MHL,2012,gdp_pc_current_usd,usd,WDI,3514.26515490383
Middle income,MIC,2012,gdp_pc_current_usd,usd,WDI,4420.32330991182
North Macedonia,MKD,2012,gdp_pc_current_usd,usd,WDI,5049.8265386157
Mali,MLI,2012,gdp_pc_current_usd,usd,WDI,878.217175344858
Malta,MLT,2012,gdp_pc_current_usd,usd,WDI,22878.3131257656
Myanmar,MMR,2012,gdp_pc_current_usd,usd,WDI,1202.6658960055
"Middle East, North Africa, Afghanistan & Pakistan (excluding high income)",MNA,2012,gdp_pc_current_usd,usd,WDI,3412.57302470239
Montenegro,MNE,2012,gdp_pc_current_usd,usd,WDI,6577.74033229273
Mongolia,MNG,2012,gdp_pc_current_usd,usd,WDI,4328.89001905655
Northern Mariana Islands,MNP,2012,gdp_pc_current_usd,usd,WDI,14013.6003306158
Mozambique,MOZ,2012,gdp_pc_current_usd,usd,WDI,685.685748199513
Mauritania,MRT,2012,gdp_pc_current_usd,usd,WDI,1859.11733247641
Mauritius,MUS,2012,gdp_pc_current_usd,usd,WDI,9291.23627601053
Malawi,MWI,2012,gdp_pc_current_usd,usd,WDI,558.46208832772
Malaysia,MYS,2012,gdp_pc_current_usd,usd,WDI,10600.5744240026
North America,NAC,2012,gdp_pc_current_usd,usd,WDI,51812.8857334456
Namibia,NAM,2012,gdp_pc_current_usd,usd,WDI,5942.64680978673
New Caledonia,NCL,2012,gdp_pc_current_usd,usd,WDI,35559.5672006157
Niger,NER,2012,gdp_pc_current_usd,usd,WDI,528.510104469655
Nigeria,NGA,2012,gdp_pc_current_usd,usd,WDI,2633.19734671361
Nicaragua,NIC,2012,gdp_pc_current_usd,usd,WDI,1784.69836017555
Netherlands,NLD,2012,gdp_pc_current_usd,usd,WDI,50473.9442002689
Norway,NOR,2012,gdp_pc_current_usd,usd,WDI,102175.919298374
Nepal,NPL,2012,gdp_pc_current_usd,usd,WDI,788.202937148377
Nauru,NRU,2012,gdp_pc_current_usd,usd,WDI,9817.36872216004
New Zealand,NZL,2012,gdp_pc_current_usd,usd,WDI,40053.6991536369
OECD members,OED,2012,gdp_pc_current_usd,usd,WDI,37293.6070680492
Oman,OMN,2012,gdp_pc_current_usd,usd,WDI,24642.2978768596
Other small states,OSS,2012,gdp_pc_current_usd,usd,WDI,11066.661122606
Pakistan,PAK,2012,gdp_pc_current_usd,usd,WDI,1204.36475491585
Panama,PAN,2012,gdp_pc_current_usd,usd,WDI,11064.8063606203
Peru,PER,2012,gdp_pc_current_usd,usd,WDI,6519.37852981527
Philippines,PHL,2012,gdp_pc_current_usd,usd,WDI,2614.61644401308
Palau,PLW,2012,gdp_pc_current_usd,usd,WDI,12145.3644807205
Papua New Guinea,PNG,2012,gdp_pc_current_usd,usd,WDI,2635.0873631547
Poland,POL,2012,gdp_pc_current_usd,usd,WDI,13087.420943321
Pre-demographic dividend,PRE,2012,gdp_pc_current_usd,usd,WDI,1666.73415581542
Puerto Rico (US),PRI,2012,gdp_pc_current_usd,usd,WDI,27742.024476618
Portugal,PRT,2012,gdp_pc_current_usd,usd,WDI,20593.4274224109
Paraguay,PRY,2012,gdp_pc_current_usd,usd,WDI,5642.1699167298
West Bank and Gaza,PSE,2012,gdp_pc_current_usd,usd,WDI,3067.43872735614
Pacific island small states,PSS,2012,gdp_pc_current_usd,usd,WDI,3494.91242432315
Post-demographic dividend,PST,2012,gdp_pc_current_usd,usd,WDI,42306.3882268814
French Polynesia,PYF,2012,gdp_pc_current_usd,usd,WDI,20846.5457478364
Qatar,QAT,2012,gdp_pc_current_usd,usd,WDI,108470.378825036
Romania,ROU,2012,gdp_pc_current_usd,usd,WDI,8929.95366231474
Russian Federation,RUS,2012,gdp_pc_current_usd,usd,WDI,15401.8515625
Rwanda,RWA,2012,gdp_pc_current_usd,usd,WDI,706.8172686891
South Asia,SAS,2012,gdp_pc_current_usd,usd,WDI,1387.18205938261
Saudi Arabia,SAU,2012,gdp_pc_current_usd,usd,WDI,28733.4375513452
Sudan,SDN,2012,gdp_pc_current_usd,usd,WDI,1019.22210693359
Senegal,SEN,2012,gdp_pc_current_usd,usd,WDI,1326.83798848379
Singapore,SGP,2012,gdp_pc_current_usd,usd,WDI,55547.5553077786
Solomon Islands,SLB,2012,gdp_pc_current_usd,usd,WDI,2066.25352289833
Sierra Leone,SLE,2012,gdp_pc_current_usd,usd,WDI,937.504428180231
El Salvador,SLV,2012,gdp_pc_current_usd,usd,WDI,3497.91256915509
San Marino,SMR,2012,gdp_pc_current_usd,usd,WDI,47945.8991734281
Somalia,SOM,2012,gdp_pc_current_usd,usd,WDI,350.261946720512
Serbia,SRB,2012,gdp_pc_current_usd,usd,WDI,6263.04086072815
Sub-Saharan Africa (excluding high income),SSA,2012,gdp_pc_current_usd,usd,WDI,1951.19290324587
South Sudan,SSD,2012,gdp_pc_current_usd,usd,WDI,1109.26050083408
Sub-Saharan Africa,SSF,2012,gdp_pc_current_usd,usd,WDI,1800.18917356916
Small states,SST,2012,gdp_pc_current_usd,usd,WDI,10805.9481933734
Sao Tome and Principe,STP,2012,gdp_pc_current_usd,usd,WDI,1210.79264672325
Suriname,SUR,2012,gdp_pc_current_usd,usd,WDI,8851.24050668908
Slovak Republic,SVK,2012,gdp_pc_current_usd,usd,WDI,17516.9691054078
Slovenia,SVN,2012,gdp_pc_current_usd,usd,WDI,22442.1417859955
Sweden,SWE,2012,gdp_pc_current_usd,usd,WDI,57749.8251328664
Eswatini,SWZ,2012,gdp_pc_current_usd,usd,WDI,4347.99569336631
Sint Maarten (Dutch part),SXM,2012,gdp_pc_current_usd,usd,WDI,28149.0997855041
Seychelles,SYC,2012,gdp_pc_current_usd,usd,WDI,12337.1554669388
Syrian Arab Republic,SYR,2012,gdp_pc_current_usd,usd,WDI,1897.66115018696
Turks and Caicos Islands,TCA,2012,gdp_pc_current_usd,usd,WDI,22633.9527500233
Chad,TCD,2012,gdp_pc_current_usd,usd,WDI,1354.34344701937
East Asia & Pacific (IDA & IBRD countries),TEA,2012,gdp_pc_current_usd,usd,WDI,5497.15733943136
Europe & Central Asia (IDA & IBRD countries),TEC,2012,gdp_pc_current_usd,usd,WDI,10406.7915588105
Togo,TGO,2012,gdp_pc_current_usd,usd,WDI,762.392047587088
Thailand,THA,2012,gdp_pc_current_usd,usd,WDI,5725.52802835463
Tajikistan,TJK,2012,gdp_pc_current_usd,usd,WDI,952.452819695469
Turkmenistan,TKM,2012,gdp_pc_current_usd,usd,WDI,6053.8748468749
Latin America & the Caribbean (IDA & IBRD countries),TLA,2012,gdp_pc_current_usd,usd,WDI,10277.5033533738
Timor-Leste,TLS,2012,gdp_pc_current_usd,usd,WDI,1022.61903188429
"Middle East, North Africa, Afghanistan & Pakistan (IDA & IBRD)",TMN,2012,gdp_pc_current_usd,usd,WDI,3414.87165876932
Tonga,TON,2012,gdp_pc_current_usd,usd,WDI,4384.17058724217
South Asia (IDA & IBRD),TSA,2012,gdp_pc_current_usd,usd,WDI,1387.18205938261
Sub-Saharan Africa (IDA & IBRD countries),TSS,2012,gdp_pc_current_usd,usd,WDI,1800.18917356916
Trinidad and Tobago,TTO,2012,gdp_pc_current_usd,usd,WDI,20332.1389531925
Tunisia,TUN,2012,gdp_pc_current_usd,usd,WDI,4297.26782454273
Turkiye,TUR,2012,gdp_pc_current_usd,usd,WDI,11713.2849831139
Tuvalu,TUV,2012,gdp_pc_current_usd,usd,WDI,3598.46163091053
Tanzania,TZA,2012,gdp_pc_current_usd,usd,WDI,861.969909667969
Uganda,UGA,2012,gdp_pc_current_usd,usd,WDI,795.222867553127
Ukraine,UKR,2012,gdp_pc_current_usd,usd,WDI,3951.34228515625
Upper middle income,UMC,2012,gdp_pc_current_usd,usd,WDI,7164.76971469614
Uruguay,URY,2012,gdp_pc_current_usd,usd,WDI,16259.5940814256
United States,USA,2012,gdp_pc_current_usd,usd,WDI,51708.3940614082
Uzbekistan,UZB,2012,gdp_pc_current_usd,usd,WDI,2307.34649117185
St. Vincent and the Grenadines,VCT,2012,gdp_pc_current_usd,usd,WDI,6713.80768643865
"Venezuela, RB",VEN,2012,gdp_pc_current_usd,usd,WDI,12901.4171582274
Virgin Islands (U.S.),VIR,2012,gdp_pc_current_usd,usd,WDI,37795.3192590675
Viet Nam,VNM,2012,gdp_pc_current_usd,usd,WDI,2185.11767654291
Vanuatu,VUT,2012,gdp_pc_current_usd,usd,WDI,3004.78416664293
World,WLD,2012,gdp_pc_current_usd,usd,WDI,10570.7588133609
Samoa,WSM,2012,gdp_pc_current_usd,usd,WDI,3934.60320799981
Kosovo,XKX,2012,gdp_pc_current_usd,usd,WDI,3410.65550749316
"Yemen, Rep.",YEM,2012,gdp_pc_current_usd,usd,WDI,1245.05068271586
South Africa,ZAF,2012,gdp_pc_current_usd,usd,WDI,8076.97678479741
Zambia,ZMB,2012,gdp_pc_current_usd,usd,WDI,1710.05061343728
Zimbabwe,ZWE,2012,gdp_pc_current_usd,usd,WDI,1238.59479481433
Aruba,ABW,2013,gdp_pc_current_usd,usd,WDI,25813.5767274227
Africa Eastern and Southern,AFE,2013,gdp_pc_current_usd,usd,WDI,1673.22110186487
Afghanistan,AFG,2013,gdp_pc_current_usd,usd,WDI,637.087099117099
Africa Western and Central,AFW,2013,gdp_pc_current_usd,usd,WDI,2131.66206746081
Angola,AGO,2013,gdp_pc_current_usd,usd,WDI,5057.74787833163
Albania,ALB,2013,gdp_pc_current_usd,usd,WDI,4420.23461988353
Andorra,AND,2013,gdp_pc_current_usd,usd,WDI,42470.3161159692
Arab World,ARB,2013,gdp_pc_current_usd,usd,WDI,7351.94811264419
United Arab Emirates,ARE,2013,gdp_pc_current_usd,usd,WDI,52023.5170959441
Argentina,ARG,2013,gdp_pc_current_usd,usd,WDI,12963.675773326
Armenia,ARM,2013,gdp_pc_current_usd,usd,WDI,3680.16692158886
American Samoa,ASM,2013,gdp_pc_current_usd,usd,WDI,11813.5022034589
Antigua and Barbuda,ATG,2013,gdp_pc_current_usd,usd,WDI,15051.5113587425
Australia,AUS,2013,gdp_pc_current_usd,usd,WDI,68190.7010035651
Austria,AUT,2013,gdp_pc_current_usd,usd,WDI,50305.3545774973
Azerbaijan,AZE,2013,gdp_pc_current_usd,usd,WDI,7875.34536661549
Burundi,BDI,2013,gdp_pc_current_usd,usd,WDI,234.843045388828
Belgium,BEL,2013,gdp_pc_current_usd,usd,WDI,46964.5946777056
Benin,BEN,2013,gdp_pc_current_usd,usd,WDI,1168.92699279226
Burkina Faso,BFA,2013,gdp_pc_current_usd,usd,WDI,759.762065168498
Bangladesh,BGD,2013,gdp_pc_current_usd,usd,WDI,958.262989798283
Bulgaria,BGR,2013,gdp_pc_current_usd,usd,WDI,7795.98092108928
Bahrain,BHR,2013,gdp_pc_current_usd,usd,WDI,26989.7601148469
"Bahamas, The",BHS,2013,gdp_pc_current_usd,usd,WDI,27642.7419759179
Bosnia and Herzegovina,BIH,2013,gdp_pc_current_usd,usd,WDI,5034.56616016469
Belarus,BLR,2013,gdp_pc_current_usd,usd,WDI,7998.0802045456
Belize,BLZ,2013,gdp_pc_current_usd,usd,WDI,5950.20299917747
Bermuda,BMU,2013,gdp_pc_current_usd,usd,WDI,101704.40746217
Bolivia,BOL,2013,gdp_pc_current_usd,usd,WDI,2870.02377000756
Brazil,BRA,2013,gdp_pc_current_usd,usd,WDI,12458.8912138813
Barbados,BRB,2013,gdp_pc_current_usd,usd,WDI,19308.0091116993
Brunei Darussalam,BRN,2013,gdp_pc_current_usd,usd,WDI,44003.0644293856
Bhutan,BTN,2013,gdp_pc_current_usd,usd,WDI,2679.95217201538
Botswana,BWA,2013,gdp_pc_current_usd,usd,WDI,6666.91219583487
Central African Republic,CAF,2013,gdp_pc_current_usd,usd,WDI,364.36696260838
Canada,CAN,2013,gdp_pc_current_usd,usd,WDI,52638.1187235237
Central Europe and the Baltics,CEB,2013,gdp_pc_current_usd,usd,WDI,13712.7336488743
Switzerland,CHE,2013,gdp_pc_current_usd,usd,WDI,87304.3305813557
Channel Islands,CHI,2013,gdp_pc_current_usd,usd,WDI,59304.850854272
Chile,CHL,2013,gdp_pc_current_usd,usd,WDI,15683.5486369155
China,CHN,2013,gdp_pc_current_usd,usd,WDI,7147.03518622344
Cote d'Ivoire,CIV,2013,gdp_pc_current_usd,usd,WDI,1786.15862031324
Cameroon,CMR,2013,gdp_pc_current_usd,usd,WDI,1575.92882118897
"Congo, Dem. Rep.",COD,2013,gdp_pc_current_usd,usd,WDI,431.191528160935
"Congo, Rep.",COG,2013,gdp_pc_current_usd,usd,WDI,3697.41705884249
Colombia,COL,2013,gdp_pc_current_usd,usd,WDI,8279.10255642981
Comoros,COM,2013,gdp_pc_current_usd,usd,WDI,1603.32653496691
Cabo Verde,CPV,2013,gdp_pc_current_usd,usd,WDI,3960.97596791345
Costa Rica,CRI,2013,gdp_pc_current_usd,usd,WDI,10803.2401961972
Caribbean small states,CSS,2013,gdp_pc_current_usd,usd,WDI,14504.715597077
Cuba,CUB,2013,gdp_pc_current_usd,usd,WDI,6828.36428245396
Curacao,CUW,2013,gdp_pc_current_usd,usd,WDI,19721.2921646576
Cayman Islands,CYM,2013,gdp_pc_current_usd,usd,WDI,75113.7332398618
Cyprus,CYP,2013,gdp_pc_current_usd,usd,WDI,27797.45703125
Czechia,CZE,2013,gdp_pc_current_usd,usd,WDI,20260.4954999375
Germany,DEU,2013,gdp_pc_current_usd,usd,WDI,47220.0102098851
Djibouti,DJI,2013,gdp_pc_current_usd,usd,WDI,2075.94498424748
Dominica,DMA,2013,gdp_pc_current_usd,usd,WDI,7822.21797211398
Denmark,DNK,2013,gdp_pc_current_usd,usd,WDI,61377.5940590412
Dominican Republic,DOM,2013,gdp_pc_current_usd,usd,WDI,6136.59429329301
Algeria,DZA,2013,gdp_pc_current_usd,usd,WDI,5979.60138960585
East Asia & Pacific (excluding high income),EAP,2013,gdp_pc_current_usd,usd,WDI,5952.77111218013
Early-demographic dividend,EAR,2013,gdp_pc_current_usd,usd,WDI,3363.11822444288
East Asia & Pacific,EAS,2013,gdp_pc_current_usd,usd,WDI,9522.66749841489
Europe & Central Asia (excluding high income),ECA,2013,gdp_pc_current_usd,usd,WDI,7646.16667724963
Europe & Central Asia,ECS,2013,gdp_pc_current_usd,usd,WDI,26177.1096409942
Ecuador,ECU,2013,gdp_pc_current_usd,usd,WDI,6109.29031510341
"Egypt, Arab Rep.",EGY,2013,gdp_pc_current_usd,usd,WDI,3025.52563552448
Euro area,EMU,2013,gdp_pc_current_usd,usd,WDI,39101.8249052989
Spain,ESP,2013,gdp_pc_current_usd,usd,WDI,29228.846559842
Estonia,EST,2013,gdp_pc_current_usd,usd,WDI,19310.3874900757
Ethiopia,ETH,2013,gdp_pc_current_usd,usd,WDI,484.039833104062
European Union,EUU,2013,gdp_pc_current_usd,usd,WDI,34808.0025773528
Fragile and conflict affected situations,FCS,2013,gdp_pc_current_usd,usd,WDI,2276.3220797302
Finland,FIN,2013,gdp_pc_current_usd,usd,WDI,49691.0145200739
Fiji,FJI,2013,gdp_pc_current_usd,usd,WDI,4572.44377544245
France,FRA,2013,gdp_pc_current_usd,usd,WDI,42669.1795111893
Faroe Islands,FRO,2013,gdp_pc_current_usd,usd,WDI,55758.2083680611
"Micronesia, Fed. Sts.",FSM,2013,gdp_pc_current_usd,usd,WDI,2933.88333441237
Gabon,GAB,2013,gdp_pc_current_usd,usd,WDI,9197.70106323947
United Kingdom,GBR,2013,gdp_pc_current_usd,usd,WDI,43419.0352598932
Georgia,GEO,2013,gdp_pc_current_usd,usd,WDI,4712.00229382665
Ghana,GHA,2013,gdp_pc_current_usd,usd,WDI,2294.79584693743
Guinea,GIN,2013,gdp_pc_current_usd,usd,WDI,748.455020824734
"Gambia, The",GMB,2013,gdp_pc_current_usd,usd,WDI,653.862713272743
Guinea-Bissau,GNB,2013,gdp_pc_current_usd,usd,WDI,654.304534409417
Equatorial Guinea,GNQ,2013,gdp_pc_current_usd,usd,WDI,16304.0713196418
Greece,GRC,2013,gdp_pc_current_usd,usd,WDI,21573.3449762805
Grenada,GRD,2013,gdp_pc_current_usd,usd,WDI,7424.80212287327
Greenland,GRL,2013,gdp_pc_current_usd,usd,WDI,47535.4883792376
Guatemala,GTM,2013,gdp_pc_current_usd,usd,WDI,3444.15971264862
Guam,GUM,2013,gdp_pc_current_usd,usd,WDI,32530.7593121483
Guyana,GUY,2013,gdp_pc_current_usd,usd,WDI,5556.91231156932
High income,HIC,2013,gdp_pc_current_usd,usd,WDI,38968.5243253254
"Hong Kong SAR, China",HKG,2013,gdp_pc_current_usd,usd,WDI,38403.7777145477
Honduras,HND,2013,gdp_pc_current_usd,usd,WDI,2081.12843527945
Heavily indebted poor countries (HIPC),HPC,2013,gdp_pc_current_usd,usd,WDI,957.533745929686
Croatia,HRV,2013,gdp_pc_current_usd,usd,WDI,14136.3967669505
Haiti,HTI,2013,gdp_pc_current_usd,usd,WDI,1457.83221179626
Hungary,HUN,2013,gdp_pc_current_usd,usd,WDI,13739.4620151401
IBRD only,IBD,2013,gdp_pc_current_usd,usd,WDI,5865.32264205042
IDA & IBRD total,IBT,2013,gdp_pc_current_usd,usd,WDI,4729.04246964317
IDA total,IDA,2013,gdp_pc_current_usd,usd,WDI,1344.91303078657
IDA blend,IDB,2013,gdp_pc_current_usd,usd,WDI,1968.06178223368
Indonesia,IDN,2013,gdp_pc_current_usd,usd,WDI,3566.60284506078
IDA only,IDX,2013,gdp_pc_current_usd,usd,WDI,1003.61549472905
Isle of Man,IMN,2013,gdp_pc_current_usd,usd,WDI,83207.6588430451
India,IND,2013,gdp_pc_current_usd,usd,WDI,1432.84397512195
Ireland,IRL,2013,gdp_pc_current_usd,usd,WDI,52619.2123745817
"Iran, Islamic Rep.",IRN,2013,gdp_pc_current_usd,usd,WDI,6222.74194840326
Iraq,IRQ,2013,gdp_pc_current_usd,usd,WDI,6650.35282247395
Iceland,ISL,2013,gdp_pc_current_usd,usd,WDI,49804.9829978371
Israel,ISR,2013,gdp_pc_current_usd,usd,WDI,37034.3161080785
Italy,ITA,2013,gdp_pc_current_usd,usd,WDI,35701.6746002376
Jamaica,JAM,2013,gdp_pc_current_usd,usd,WDI,5124.21301411137
Jordan,JOR,2013,gdp_pc_current_usd,usd,WDI,4311.21916713038
Japan,JPN,2013,gdp_pc_current_usd,usd,WDI,40898.6478964744
Kazakhstan,KAZ,2013,gdp_pc_current_usd,usd,WDI,13478.459627612
Kenya,KEN,2013,gdp_pc_current_usd,usd,WDI,1370.87885214659
Kyrgyz Republic,KGZ,2013,gdp_pc_current_usd,usd,WDI,1269.66303464348
Cambodia,KHM,2013,gdp_pc_current_usd,usd,WDI,1305.6600972686
Kiribati,KIR,2013,gdp_pc_current_usd,usd,WDI,1772.08718317132
St. Kitts and Nevis,KNA,2013,gdp_pc_current_usd,usd,WDI,18580.1301949935
"Korea, Rep.",KOR,2013,gdp_pc_current_usd,usd,WDI,27179.5170146052
Kuwait,KWT,2013,gdp_pc_current_usd,usd,WDI,49651.0439709448
Latin America & Caribbean (excluding high income),LAC,2013,gdp_pc_current_usd,usd,WDI,9971.16512159061
Lao PDR,LAO,2013,gdp_pc_current_usd,usd,WDI,1812.51774424651
Lebanon,LBN,2013,gdp_pc_current_usd,usd,WDI,8162.37929361396
Liberia,LBR,2013,gdp_pc_current_usd,usd,WDI,710.744570927863
Libya,LBY,2013,gdp_pc_current_usd,usd,WDI,11951.7134126011
St. Lucia,LCA,2013,gdp_pc_current_usd,usd,WDI,9577.21733754358
Latin America & Caribbean,LCN,2013,gdp_pc_current_usd,usd,WDI,10490.1720152148
Least developed countries: UN classification,LDC,2013,gdp_pc_current_usd,usd,WDI,986.62795159005
Low income,LIC,2013,gdp_pc_current_usd,usd,WDI,767.544385372142
Liechtenstein,LIE,2013,gdp_pc_current_usd,usd,WDI,172823.607794648
Sri Lanka,LKA,2013,gdp_pc_current_usd,usd,WDI,3740.61589348326
Lower middle income,LMC,2013,gdp_pc_current_usd,usd,WDI,1763.7890305701
Low & middle income,LMY,2013,gdp_pc_current_usd,usd,WDI,4326.21492686569
Lesotho,LSO,2013,gdp_pc_current_usd,usd,WDI,1151.03735837227
Late-demographic dividend,LTE,2013,gdp_pc_current_usd,usd,WDI,8639.80228437874
Lithuania,LTU,2013,gdp_pc_current_usd,usd,WDI,15636.5252586048
Luxembourg,LUX,2013,gdp_pc_current_usd,usd,WDI,120000.140729859
Latvia,LVA,2013,gdp_pc_current_usd,usd,WDI,14484.4715282132
"Macao SAR, China",MAC,2013,gdp_pc_current_usd,usd,WDI,87069.767003344
Morocco,MAR,2013,gdp_pc_current_usd,usd,WDI,3379.7431640625
Monaco,MCO,2013,gdp_pc_current_usd,usd,WDI,184940.663804718
Moldova,MDA,2013,gdp_pc_current_usd,usd,WDI,3321.04397795719
Madagascar,MDG,2013,gdp_pc_current_usd,usd,WDI,515.301589361832
Maldives,MDV,2013,gdp_pc_current_usd,usd,WDI,8236.08177944126
"Middle East, North Africa, Afghanistan & Pakistan",MEA,2013,gdp_pc_current_usd,usd,WDI,5852.49197095773
Mexico,MEX,2013,gdp_pc_current_usd,usd,WDI,11216.800851866
Marshall Islands,MHL,2013,gdp_pc_current_usd,usd,WDI,3677.90690791421
Middle income,MIC,2013,gdp_pc_current_usd,usd,WDI,4637.49468742645
North Macedonia,MKD,2013,gdp_pc_current_usd,usd,WDI,5626.26115664893
Mali,MLI,2013,gdp_pc_current_usd,usd,WDI,903.190452512378
Malta,MLT,2013,gdp_pc_current_usd,usd,WDI,25415.5566806942
Myanmar,MMR,2013,gdp_pc_current_usd,usd,WDI,1199.09561597055
"Middle East, North Africa, Afghanistan & Pakistan (excluding high income)",MNA,2013,gdp_pc_current_usd,usd,WDI,3148.3641242062
Montenegro,MNE,2013,gdp_pc_current_usd,usd,WDI,7172.92908521143
Mongolia,MNG,2013,gdp_pc_current_usd,usd,WDI,4340.14310544449
Northern Mariana Islands,MNP,2013,gdp_pc_current_usd,usd,WDI,14632.8518897608
Mozambique,MOZ,2013,gdp_pc_current_usd,usd,WDI,686.505672517351
Mauritania,MRT,2013,gdp_pc_current_usd,usd,WDI,1934.24103064714
Mauritius,MUS,2013,gdp_pc_current_usd,usd,WDI,9764.64413060045
Malawi,MWI,2013,gdp_pc_current_usd,usd,WDI,496.947368267313
Malaysia,MYS,2013,gdp_pc_current_usd,usd,WDI,10713.6407638899
North America,NAC,2013,gdp_pc_current_usd,usd,WDI,53240.4042117038
Namibia,NAM,2013,gdp_pc_current_usd,usd,WDI,5346.62131149967
New Caledonia,NCL,2013,gdp_pc_current_usd,usd,WDI,36671.1566752621
Niger,NER,2013,gdp_pc_current_usd,usd,WDI,552.103334363117
Nigeria,NGA,2013,gdp_pc_current_usd,usd,WDI,2872.79083379398
Nicaragua,NIC,2013,gdp_pc_current_usd,usd,WDI,1835.43996363715
Netherlands,NLD,2013,gdp_pc_current_usd,usd,WDI,52602.2860520766
Norway,NOR,2013,gdp_pc_current_usd,usd,WDI,103553.840134417
Nepal,NPL,2013,gdp_pc_current_usd,usd,WDI,803.269595420477
Nauru,NRU,2013,gdp_pc_current_usd,usd,WDI,8974.51886874433
New Zealand,NZL,2013,gdp_pc_current_usd,usd,WDI,43000.4646849189
OECD members,OED,2013,gdp_pc_current_usd,usd,WDI,37604.1010576836
Oman,OMN,2013,gdp_pc_current_usd,usd,WDI,23458.0233840053
Other small states,OSS,2013,gdp_pc_current_usd,usd,WDI,11402.9692088116
Pakistan,PAK,2013,gdp_pc_current_usd,usd,WDI,1225.4340119198
Panama,PAN,2013,gdp_pc_current_usd,usd,WDI,12273.3225037637
Peru,PER,2013,gdp_pc_current_usd,usd,WDI,6746.80025696601
Philippines,PHL,2013,gdp_pc_current_usd,usd,WDI,2781.27957677397
Palau,PLW,2013,gdp_pc_current_usd,usd,WDI,12768.9086582049
Papua New Guinea,PNG,2013,gdp_pc_current_usd,usd,WDI,2560.77458976327
Poland,POL,2013,gdp_pc_current_usd,usd,WDI,13621.9023794031
Pre-demographic dividend,PRE,2013,gdp_pc_current_usd,usd,WDI,1773.26342095396
Puerto Rico (US),PRI,2013,gdp_pc_current_usd,usd,WDI,28212.0499737431
Portugal,PRT,2013,gdp_pc_current_usd,usd,WDI,21676.4859642714
Paraguay,PRY,2013,gdp_pc_current_usd,usd,WDI,6435.68342733182
West Bank and Gaza,PSE,2013,gdp_pc_current_usd,usd,WDI,3315.29753909282
Pacific island small states,PSS,2013,gdp_pc_current_usd,usd,WDI,3586.99115235794
Post-demographic dividend,PST,2013,gdp_pc_current_usd,usd,WDI,42602.2415892635
French Polynesia,PYF,2013,gdp_pc_current_usd,usd,WDI,21955.6329264095
Qatar,QAT,2013,gdp_pc_current_usd,usd,WDI,103697.008372373
Romania,ROU,2013,gdp_pc_current_usd,usd,WDI,9497.67411615237
Russian Federation,RUS,2013,gdp_pc_current_usd,usd,WDI,15941.4482421875
Rwanda,RWA,2013,gdp_pc_current_usd,usd,WDI,704.92421796616
South Asia,SAS,2013,gdp_pc_current_usd,usd,WDI,1405.85695515339
Saudi Arabia,SAU,2013,gdp_pc_current_usd,usd,WDI,27865.465604962
Sudan,SDN,2013,gdp_pc_current_usd,usd,WDI,1138.62780761719
Senegal,SEN,2013,gdp_pc_current_usd,usd,WDI,1379.83196553924
Singapore,SGP,2013,gdp_pc_current_usd,usd,WDI,56967.4257940383
Solomon Islands,SLB,2013,gdp_pc_current_usd,usd,WDI,2161.39573596215
Sierra Leone,SLE,2013,gdp_pc_current_usd,usd,WDI,1117.47183075115
El Salvador,SLV,2013,gdp_pc_current_usd,usd,WDI,3582.26694005169
San Marino,SMR,2013,gdp_pc_current_usd,usd,WDI,50807.8289138024
Somalia,SOM,2013,gdp_pc_current_usd,usd,WDI,393.398703952979
Serbia,SRB,2013,gdp_pc_current_usd,usd,WDI,7040.41812068781
Sub-Saharan Africa (excluding high income),SSA,2013,gdp_pc_current_usd,usd,WDI,2014.04142955922
South Sudan,SSD,2013,gdp_pc_current_usd,usd,WDI,1650.18943353528
Sub-Saharan Africa,SSF,2013,gdp_pc_current_usd,usd,WDI,1860.15512086344
Small states,SST,2013,gdp_pc_current_usd,usd,WDI,11103.7133303959
Sao Tome and Principe,STP,2013,gdp_pc_current_usd,usd,WDI,1382.5757842916
Suriname,SUR,2013,gdp_pc_current_usd,usd,WDI,9043.19281529222
Slovak Republic,SVK,2013,gdp_pc_current_usd,usd,WDI,18312.7805149823
Slovenia,SVN,2013,gdp_pc_current_usd,usd,WDI,23236.9655321695
Sweden,SWE,2013,gdp_pc_current_usd,usd,WDI,60844.2767113975
Eswatini,SWZ,2013,gdp_pc_current_usd,usd,WDI,3951.12008139006
Sint Maarten (Dutch part),SXM,2013,gdp_pc_current_usd,usd,WDI,28529.7324687053
Seychelles,SYC,2013,gdp_pc_current_usd,usd,WDI,14821.2921476077
Syrian Arab Republic,SYR,2013,gdp_pc_current_usd,usd,WDI,985.892669227054
Turks and Caicos Islands,TCA,2013,gdp_pc_current_usd,usd,WDI,22412.2069354887
Chad,TCD,2013,gdp_pc_current_usd,usd,WDI,1304.88742971475
East Asia & Pacific (IDA & IBRD countries),TEA,2013,gdp_pc_current_usd,usd,WDI,6020.72681041414
Europe & Central Asia (IDA & IBRD countries),TEC,2013,gdp_pc_current_usd,usd,WDI,10953.7259867092
Togo,TGO,2013,gdp_pc_current_usd,usd,WDI,826.543259457126
Thailand,THA,2013,gdp_pc_current_usd,usd,WDI,6018.08244729255
Tajikistan,TJK,2013,gdp_pc_current_usd,usd,WDI,1028.19704279396
Turkmenistan,TKM,2013,gdp_pc_current_usd,usd,WDI,6599.64529055481
Latin America & the Caribbean (IDA & IBRD countries),TLA,2013,gdp_pc_current_usd,usd,WDI,10420.2573335148
Timor-Leste,TLS,2013,gdp_pc_current_usd,usd,WDI,1204.56841532931
"Middle East, North Africa, Afghanistan & Pakistan (IDA & IBRD)",TMN,2013,gdp_pc_current_usd,usd,WDI,3147.24679176219
Tonga,TON,2013,gdp_pc_current_usd,usd,WDI,4219.24670113014
South Asia (IDA & IBRD),TSA,2013,gdp_pc_current_usd,usd,WDI,1405.85695515339
Sub-Saharan Africa (IDA & IBRD countries),TSS,2013,gdp_pc_current_usd,usd,WDI,1860.15512086344
Trinidad and Tobago,TTO,2013,gdp_pc_current_usd,usd,WDI,21304.9776454565
Tunisia,TUN,2013,gdp_pc_current_usd,usd,WDI,4369.79345826358
Turkiye,TUR,2013,gdp_pc_current_usd,usd,WDI,12578.1878632
Tuvalu,TUV,2013,gdp_pc_current_usd,usd,WDI,3510.21640142483
Tanzania,TZA,2013,gdp_pc_current_usd,usd,WDI,963.05712890625
Uganda,UGA,2013,gdp_pc_current_usd,usd,WDI,818.285427416713
Ukraine,UKR,2013,gdp_pc_current_usd,usd,WDI,4129.89697265625
Upper middle income,UMC,2013,gdp_pc_current_usd,usd,WDI,7551.70896903369
Uruguay,URY,2013,gdp_pc_current_usd,usd,WDI,18335.2594772322
United States,USA,2013,gdp_pc_current_usd,usd,WDI,53297.3862901595
Uzbekistan,UZB,2013,gdp_pc_current_usd,usd,WDI,2461.97947403595
St. Vincent and the Grenadines,VCT,2013,gdp_pc_current_usd,usd,WDI,7072.46737188939
"Venezuela, RB",VEN,2013,gdp_pc_current_usd,usd,WDI,12403.1466957582
Virgin Islands (U.S.),VIR,2013,gdp_pc_current_usd,usd,WDI,34597.9766940328
Viet Nam,VNM,2013,gdp_pc_current_usd,usd,WDI,2359.51736472828
Vanuatu,VUT,2013,gdp_pc_current_usd,usd,WDI,2979.79608084399
World,WLD,2013,gdp_pc_current_usd,usd,WDI,10744.6203643034
Samoa,WSM,2013,gdp_pc_current_usd,usd,WDI,4023.5254013825
Kosovo,XKX,2013,gdp_pc_current_usd,usd,WDI,3704.55872781672
"Yemen, Rep.",YEM,2013,gdp_pc_current_usd,usd,WDI,1378.75002954611
South Africa,ZAF,2013,gdp_pc_current_usd,usd,WDI,7331.65467384919
Zambia,ZMB,2013,gdp_pc_current_usd,usd,WDI,1820.71854827391
Zimbabwe,ZWE,2013,gdp_pc_current_usd,usd,WDI,1362.29952932396
Aruba,ABW,2014,gdp_pc_current_usd,usd,WDI,26129.8390617693
Africa Eastern and Southern,AFE,2014,gdp_pc_current_usd,usd,WDI,1656.16770915726
Afghanistan,AFG,2014,gdp_pc_current_usd,usd,WDI,625.054941813938
Africa Western and Central,AFW,2014,gdp_pc_current_usd,usd,WDI,2221.01066549765
Angola,AGO,2014,gdp_pc_current_usd,usd,WDI,5005.9997412707
Albania,ALB,2014,gdp_pc_current_usd,usd,WDI,4602.23051443229
Andorra,AND,2014,gdp_pc_current_usd,usd,WDI,44369.659691379
Arab World,ARB,2014,gdp_pc_current_usd,usd,WDI,7311.28996894347
United Arab Emirates,ARE,2014,gdp_pc_current_usd,usd,WDI,51381.4069901746
Argentina,ARG,2014,gdp_pc_current_usd,usd,WDI,12233.1444119186
Armenia,ARM,2014,gdp_pc_current_usd,usd,WDI,3852.11800610384
American Samoa,ASM,2014,gdp_pc_current_usd,usd,WDI,12026.3344929488
Antigua and Barbuda,ATG,2014,gdp_pc_current_usd,usd,WDI,15532.1062063584
Australia,AUS,2014,gdp_pc_current_usd,usd,WDI,62544.0873773726
Austria,AUT,2014,gdp_pc_current_usd,usd,WDI,51314.9722616322
Azerbaijan,AZE,2014,gdp_pc_current_usd,usd,WDI,7890.84028062087
Burundi,BDI,2014,gdp_pc_current_usd,usd,WDI,250.540481111877
Belgium,BEL,2014,gdp_pc_current_usd,usd,WDI,47995.7786961339
Benin,BEN,2014,gdp_pc_current_usd,usd,WDI,1204.39918670094
Burkina Faso,BFA,2014,gdp_pc_current_usd,usd,WDI,764.861675106225
Bangladesh,BGD,2014,gdp_pc_current_usd,usd,WDI,1094.46199702838
Bulgaria,BGR,2014,gdp_pc_current_usd,usd,WDI,8069.60005667684
Bahrain,BHR,2014,gdp_pc_current_usd,usd,WDI,26451.7965647453
"Bahamas, The",BHS,2014,gdp_pc_current_usd,usd,WDI,29137.2175632622
Bosnia and Herzegovina,BIH,2014,gdp_pc_current_usd,usd,WDI,5206.06558252
Belarus,BLR,2014,gdp_pc_current_usd,usd,WDI,8341.31809294883
Belize,BLZ,2014,gdp_pc_current_usd,usd,WDI,6128.14288539305
Bermuda,BMU,2014,gdp_pc_current_usd,usd,WDI,100961.576602811
Bolivia,BOL,2014,gdp_pc_current_usd,usd,WDI,3041.43503162408
Brazil,BRA,2014,gdp_pc_current_usd,usd,WDI,12274.9939689363
Barbados,BRB,2014,gdp_pc_current_usd,usd,WDI,19277.9423599235
Brunei Darussalam,BRN,2014,gdp_pc_current_usd,usd,WDI,41026.508391054
Bhutan,BTN,2014,gdp_pc_current_usd,usd,WDI,2849.49998647303
Botswana,BWA,2014,gdp_pc_current_usd,usd,WDI,7122.36423421503
Central African Republic,CAF,2014,gdp_pc_current_usd,usd,WDI,409.8504859647
Canada,CAN,2014,gdp_pc_current_usd,usd,WDI,50960.8431174661
Central Europe and the Baltics,CEB,2014,gdp_pc_current_usd,usd,WDI,14208.4595197236
Switzerland,CHE,2014,gdp_pc_current_usd,usd,WDI,88724.9910735609
Channel Islands,CHI,2014,gdp_pc_current_usd,usd,WDI,64700.7423916131
Chile,CHL,2014,gdp_pc_current_usd,usd,WDI,14529.6767206336
China,CHN,2014,gdp_pc_current_usd,usd,WDI,7781.06597484974
Cote d'Ivoire,CIV,2014,gdp_pc_current_usd,usd,WDI,1991.36539423404
Cameroon,CMR,2014,gdp_pc_current_usd,usd,WDI,1649.4433905949
"Congo, Dem. Rep.",COD,2014,gdp_pc_current_usd,usd,WDI,458.004541775676
"Congo, Rep.",COG,2014,gdp_pc_current_usd,usd,WDI,3601.2365808718
Colombia,COL,2014,gdp_pc_current_usd,usd,WDI,8187.20824890084
Comoros,COM,2014,gdp_pc_current_usd,usd,WDI,1615.71718460209
Cabo Verde,CPV,2014,gdp_pc_current_usd,usd,WDI,3985.60706548134
Costa Rica,CRI,2014,gdp_pc_current_usd,usd,WDI,10911.4978783227
Caribbean small states,CSS,2014,gdp_pc_current_usd,usd,WDI,14888.5440422155
Cuba,CUB,2014,gdp_pc_current_usd,usd,WDI,7146.70459051328
Curacao,CUW,2014,gdp_pc_current_usd,usd,WDI,19623.029993395
Cayman Islands,CYM,2014,gdp_pc_current_usd,usd,WDI,75845.3060407986
Cyprus,CYP,2014,gdp_pc_current_usd,usd,WDI,27244.3515625
Czechia,CZE,2014,gdp_pc_current_usd,usd,WDI,20038.4163180257
Germany,DEU,2014,gdp_pc_current_usd,usd,WDI,48971.0824722599
Djibouti,DJI,2014,gdp_pc_current_usd,usd,WDI,2214.62084142432
Dominica,DMA,2014,gdp_pc_current_usd,usd,WDI,8131.74876096735
Denmark,DNK,2014,gdp_pc_current_usd,usd,WDI,62520.4509747011
Dominican Republic,DOM,2014,gdp_pc_current_usd,usd,WDI,6496.45166971142
Algeria,DZA,2014,gdp_pc_current_usd,usd,WDI,6094.69392314956
East Asia & Pacific (excluding high income),EAP,2014,gdp_pc_current_usd,usd,WDI,6373.65105683767
Early-demographic dividend,EAR,2014,gdp_pc_current_usd,usd,WDI,3431.30202471111
East Asia & Pacific,EAS,2014,gdp_pc_current_usd,usd,WDI,9759.27563362099
Europe & Central Asia (excluding high income),ECA,2014,gdp_pc_current_usd,usd,WDI,7273.11278224833
Europe & Central Asia,ECS,2014,gdp_pc_current_usd,usd,WDI,26444.7930069568
Ecuador,ECU,2014,gdp_pc_current_usd,usd,WDI,6405.79979300441
"Egypt, Arab Rep.",EGY,2014,gdp_pc_current_usd,usd,WDI,3133.39102265541
Euro area,EMU,2014,gdp_pc_current_usd,usd,WDI,39982.9007375611
Spain,ESP,2014,gdp_pc_current_usd,usd,WDI,29707.765509467
Estonia,EST,2014,gdp_pc_current_usd,usd,WDI,20581.7898991695
Ethiopia,ETH,2014,gdp_pc_current_usd,usd,WDI,549.986577082588
European Union,EUU,2014,gdp_pc_current_usd,usd,WDI,35592.887487554
Fragile and conflict affected situations,FCS,2014,gdp_pc_current_usd,usd,WDI,2358.98005057262
Finland,FIN,2014,gdp_pc_current_usd,usd,WDI,50073.7760815871
Fiji,FJI,2014,gdp_pc_current_usd,usd,WDI,5293.35676680464
France,FRA,2014,gdp_pc_current_usd,usd,WDI,43148.0459288416
Faroe Islands,FRO,2014,gdp_pc_current_usd,usd,WDI,60172.0632541664
"Micronesia, Fed. Sts.",FSM,2014,gdp_pc_current_usd,usd,WDI,2945.41495996162
Gabon,GAB,2014,gdp_pc_current_usd,usd,WDI,9201.36276648105
United Kingdom,GBR,2014,gdp_pc_current_usd,usd,WDI,47426.6209829995
Georgia,GEO,2014,gdp_pc_current_usd,usd,WDI,4830.33486170249
Ghana,GHA,2014,gdp_pc_current_usd,usd,WDI,1949.90832923846
Guinea,GIN,2014,gdp_pc_current_usd,usd,WDI,765.146999389279
"Gambia, The",GMB,2014,gdp_pc_current_usd,usd,WDI,568.00453558864
Guinea-Bissau,GNB,2014,gdp_pc_current_usd,usd,WDI,652.022501029449
Equatorial Guinea,GNQ,2014,gdp_pc_current_usd,usd,WDI,15548.6624656619
Greece,GRC,2014,gdp_pc_current_usd,usd,WDI,21474.7257123892
Grenada,GRD,2014,gdp_pc_current_usd,usd,WDI,7986.33421210788
Greenland,GRL,2014,gdp_pc_current_usd,usd,WDI,50485.2244135291
Guatemala,GTM,2014,gdp_pc_current_usd,usd,WDI,3689.14471813777
Guam,GUM,2014,gdp_pc_current_usd,usd,WDI,33900.1486530583
Guyana,GUY,2014,gdp_pc_current_usd,usd,WDI,5472.68820452237
High income,HIC,2014,gdp_pc_current_usd,usd,WDI,39409.7327768196
"Hong Kong SAR, China",HKG,2014,gdp_pc_current_usd,usd,WDI,40315.3739510191
Honduras,HND,2014,gdp_pc_current_usd,usd,WDI,2179.88171977271
Heavily indebted poor countries (HIPC),HPC,2014,gdp_pc_current_usd,usd,WDI,983.371112213922
Croatia,HRV,2014,gdp_pc_current_usd,usd,WDI,14187.9694531493
Haiti,HTI,2014,gdp_pc_current_usd,usd,WDI,1460.18898613914
Hungary,HUN,2014,gdp_pc_current_usd,usd,WDI,14352.501883174
IBRD only,IBD,2014,gdp_pc_current_usd,usd,WDI,6002.37718511697
IDA & IBRD total,IBT,2014,gdp_pc_current_usd,usd,WDI,4841.00103049456
IDA total,IDA,2014,gdp_pc_current_usd,usd,WDI,1417.69621643476
IDA blend,IDB,2014,gdp_pc_current_usd,usd,WDI,2095.05635792155
Indonesia,IDN,2014,gdp_pc_current_usd,usd,WDI,3441.06808464008
IDA only,IDX,2014,gdp_pc_current_usd,usd,WDI,1046.78539713603
Isle of Man,IMN,2014,gdp_pc_current_usd,usd,WDI,91885.4528718026
India,IND,2014,gdp_pc_current_usd,usd,WDI,1553.88396075118
Ireland,IRL,2014,gdp_pc_current_usd,usd,WDI,57278.2590911107
"Iran, Islamic Rep.",IRN,2014,gdp_pc_current_usd,usd,WDI,5672.06372896319
Iraq,IRQ,2014,gdp_pc_current_usd,usd,WDI,6249.39226978969
Iceland,ISL,2014,gdp_pc_current_usd,usd,WDI,54576.7448146565
Israel,ISR,2014,gdp_pc_current_usd,usd,WDI,38343.3046626235
Italy,ITA,2014,gdp_pc_current_usd,usd,WDI,36028.3494022349
Jamaica,JAM,2014,gdp_pc_current_usd,usd,WDI,4975.11325459872
Jordan,JOR,2014,gdp_pc_current_usd,usd,WDI,4191.18050084986
Japan,JPN,2014,gdp_pc_current_usd,usd,WDI,38475.3952461838
Kazakhstan,KAZ,2014,gdp_pc_current_usd,usd,WDI,12427.7094576939
Kenya,KEN,2014,gdp_pc_current_usd,usd,WDI,1482.81566253497
Kyrgyz Republic,KGZ,2014,gdp_pc_current_usd,usd,WDI,1264.52668823891
Cambodia,KHM,2014,gdp_pc_current_usd,usd,WDI,1431.56396469993
Kiribati,KIR,2014,gdp_pc_current_usd,usd,WDI,1736.70535682101
St. Kitts and Nevis,KNA,2014,gdp_pc_current_usd,usd,WDI,20219.3954237956
"Korea, Rep.",KOR,2014,gdp_pc_current_usd,usd,WDI,29252.9312377352
Kuwait,KWT,2014,gdp_pc_current_usd,usd,WDI,44368.781373043
Latin America & Caribbean (excluding high income),LAC,2014,gdp_pc_current_usd,usd,WDI,9905.72186751887
Lao PDR,LAO,2014,gdp_pc_current_usd,usd,WDI,1981.03910900473
Lebanon,LBN,2014,gdp_pc_current_usd,usd,WDI,7577.6413302369
Liberia,LBR,2014,gdp_pc_current_usd,usd,WDI,706.714490064507
Libya,LBY,2014,gdp_pc_current_usd,usd,WDI,8926.42074591474
St. Lucia,LCA,2014,gdp_pc_current_usd,usd,WDI,10044.8218377677
Latin America & Caribbean,LCN,2014,gdp_pc_current_usd,usd,WDI,10582.047349709
Least developed countries: UN classification,LDC,2014,gdp_pc_current_usd,usd,WDI,1035.12745031121
Low income,LIC,2014,gdp_pc_current_usd,usd,WDI,789.28453030719
Liechtenstein,LIE,2014,gdp_pc_current_usd,usd,WDI,178735.153020908
Sri Lanka,LKA,2014,gdp_pc_current_usd,usd,WDI,3971.91913148166
Lower middle income,LMC,2014,gdp_pc_current_usd,usd,WDI,1874.775473729
Low & middle income,LMY,2014,gdp_pc_current_usd,usd,WDI,4468.79749861455
Lesotho,LSO,2014,gdp_pc_current_usd,usd,WDI,1173.5377928819
Late-demographic dividend,LTE,2014,gdp_pc_current_usd,usd,WDI,8917.94695533798
Lithuania,LTU,2014,gdp_pc_current_usd,usd,WDI,16446.1647181663
Luxembourg,LUX,2014,gdp_pc_current_usd,usd,WDI,123678.702143275
Latvia,LVA,2014,gdp_pc_current_usd,usd,WDI,15185.814581236
"Macao SAR, China",MAC,2014,gdp_pc_current_usd,usd,WDI,88310.8119567344
St. Martin (French part),MAF,2014,gdp_pc_current_usd,usd,WDI,20638.765189511
Morocco,MAR,2014,gdp_pc_current_usd,usd,WDI,3435.40698242188
Monaco,MCO,2014,gdp_pc_current_usd,usd,WDI,195693.570738894
Moldova,MDA,2014,gdp_pc_current_usd,usd,WDI,3289.95758568777
Madagascar,MDG,2014,gdp_pc_current_usd,usd,WDI,505.684922503435
Maldives,MDV,2014,gdp_pc_current_usd,usd,WDI,8939.07416571472
"Middle East, North Africa, Afghanistan & Pakistan",MEA,2014,gdp_pc_current_usd,usd,WDI,5794.32810284726
Mexico,MEX,2014,gdp_pc_current_usd,usd,WDI,11391.3773510244
Marshall Islands,MHL,2014,gdp_pc_current_usd,usd,WDI,3735.23977829545
Middle income,MIC,2014,gdp_pc_current_usd,usd,WDI,4794.47609466369
North Macedonia,MKD,2014,gdp_pc_current_usd,usd,WDI,5925.38592218015
Mali,MLI,2014,gdp_pc_current_usd,usd,WDI,940.243260037952
Malta,MLT,2014,gdp_pc_current_usd,usd,WDI,27424.5765369278
Myanmar,MMR,2014,gdp_pc_current_usd,usd,WDI,1293.00042298688
"Middle East, North Africa, Afghanistan & Pakistan (excluding high income)",MNA,2014,gdp_pc_current_usd,usd,WDI,3073.79994256308
Montenegro,MNE,2014,gdp_pc_current_usd,usd,WDI,7364.96590101549
Mongolia,MNG,2014,gdp_pc_current_usd,usd,WDI,4126.23975800524
Northern Mariana Islands,MNP,2014,gdp_pc_current_usd,usd,WDI,15945.417608954
Mozambique,MOZ,2014,gdp_pc_current_usd,usd,WDI,697.142680444123
Mauritania,MRT,2014,gdp_pc_current_usd,usd,WDI,1713.00865264234
Mauritius,MUS,2014,gdp_pc_current_usd,usd,WDI,10366.3550754936
Malawi,MWI,2014,gdp_pc_current_usd,usd,WDI,529.5133440206
Malaysia,MYS,2014,gdp_pc_current_usd,usd,WDI,11013.3107334403
North America,NAC,2014,gdp_pc_current_usd,usd,WDI,54742.8320426801
Namibia,NAM,2014,gdp_pc_current_usd,usd,WDI,5378.32326241205
New Caledonia,NCL,2014,gdp_pc_current_usd,usd,WDI,37816.9558599295
Niger,NER,2014,gdp_pc_current_usd,usd,WDI,565.30989731175
Nigeria,NGA,2014,gdp_pc_current_usd,usd,WDI,3088.72131316169
Nicaragua,NIC,2014,gdp_pc_current_usd,usd,WDI,1958.37047579547
Netherlands,NLD,2014,gdp_pc_current_usd,usd,WDI,53457.2234864322
Norway,NOR,2014,gdp_pc_current_usd,usd,WDI,97666.6951838749
Nepal,NPL,2014,gdp_pc_current_usd,usd,WDI,821.455224911731
Nauru,NRU,2014,gdp_pc_current_usd,usd,WDI,9193.09784447237
New Zealand,NZL,2014,gdp_pc_current_usd,usd,WDI,44618.266973847
OECD members,OED,2014,gdp_pc_current_usd,usd,WDI,38158.0062149102
Oman,OMN,2014,gdp_pc_current_usd,usd,WDI,23160.6502252547
Other small states,OSS,2014,gdp_pc_current_usd,usd,WDI,11654.5163685277
Pakistan,PAK,2014,gdp_pc_current_usd,usd,WDI,1266.61340849959
Panama,PAN,2014,gdp_pc_current_usd,usd,WDI,13213.1989637473
Peru,PER,2014,gdp_pc_current_usd,usd,WDI,6667.13410360861
Philippines,PHL,2014,gdp_pc_current_usd,usd,WDI,2866.83803761407
Palau,PLW,2014,gdp_pc_current_usd,usd,WDI,13726.0231442281
Papua New Guinea,PNG,2014,gdp_pc_current_usd,usd,WDI,2723.17529825196
Poland,POL,2014,gdp_pc_current_usd,usd,WDI,14262.2841914116
Pre-demographic dividend,PRE,2014,gdp_pc_current_usd,usd,WDI,1824.36490807362
Puerto Rico (US),PRI,2014,gdp_pc_current_usd,usd,WDI,28576.0988023209
Portugal,PRT,2014,gdp_pc_current_usd,usd,WDI,22120.6850127107
Paraguay,PRY,2014,gdp_pc_current_usd,usd,WDI,6652.25478942291
West Bank and Gaza,PSE,2014,gdp_pc_current_usd,usd,WDI,3352.11259506043
Pacific island small states,PSS,2014,gdp_pc_current_usd,usd,WDI,3847.92223002139
Post-demographic dividend,PST,2014,gdp_pc_current_usd,usd,WDI,43284.9519696182
French Polynesia,PYF,2014,gdp_pc_current_usd,usd,WDI,22258.6321384251
Qatar,QAT,2014,gdp_pc_current_usd,usd,WDI,95840.6310094498
Romania,ROU,2014,gdp_pc_current_usd,usd,WDI,10031.7710755404
Russian Federation,RUS,2014,gdp_pc_current_usd,usd,WDI,14055.47265625
Rwanda,RWA,2014,gdp_pc_current_usd,usd,WDI,724.957526109262
South Asia,SAS,2014,gdp_pc_current_usd,usd,WDI,1528.49038355087
Saudi Arabia,SAU,2014,gdp_pc_current_usd,usd,WDI,27805.4850319422
Sudan,SDN,2014,gdp_pc_current_usd,usd,WDI,1275.43835449219
Senegal,SEN,2014,gdp_pc_current_usd,usd,WDI,1398.89137601382
Singapore,SGP,2014,gdp_pc_current_usd,usd,WDI,57564.8023114977
Solomon Islands,SLB,2014,gdp_pc_current_usd,usd,WDI,2164.9442392168
Sierra Leone,SLE,2014,gdp_pc_current_usd,usd,WDI,1117.7586465721
El Salvador,SLV,2014,gdp_pc_current_usd,usd,WDI,3666.01248913873
San Marino,SMR,2014,gdp_pc_current_usd,usd,WDI,51260.4938347125
Somalia,SOM,2014,gdp_pc_current_usd,usd,WDI,429.431656725102
Serbia,SRB,2014,gdp_pc_current_usd,usd,WDI,6886.67809068704
Sub-Saharan Africa (excluding high income),SSA,2014,gdp_pc_current_usd,usd,WDI,2035.87326175074
South Sudan,SSD,2014,gdp_pc_current_usd,usd,WDI,1242.73450181032
Sub-Saharan Africa,SSF,2014,gdp_pc_current_usd,usd,WDI,1886.52398812139
Small states,SST,2014,gdp_pc_current_usd,usd,WDI,11381.9969283897
Sao Tome and Principe,STP,2014,gdp_pc_current_usd,usd,WDI,1489.67633417608
Suriname,SUR,2014,gdp_pc_current_usd,usd,WDI,9108.18905406764
Slovak Republic,SVK,2014,gdp_pc_current_usd,usd,WDI,18770.9289896545
Slovenia,SVN,2014,gdp_pc_current_usd,usd,WDI,24013.0682060959
Sweden,SWE,2014,gdp_pc_current_usd,usd,WDI,59583.7140001673
Eswatini,SWZ,2014,gdp_pc_current_usd,usd,WDI,3771.90796458406
Sint Maarten (Dutch part),SXM,2014,gdp_pc_current_usd,usd,WDI,37134.912423099
Seychelles,SYC,2014,gdp_pc_current_usd,usd,WDI,15188.1902175113
Syrian Arab Republic,SYR,2014,gdp_pc_current_usd,usd,WDI,1060.59105886854
Turks and Caicos Islands,TCA,2014,gdp_pc_current_usd,usd,WDI,24014.2653352354
Chad,TCD,2014,gdp_pc_current_usd,usd,WDI,1278.78981422494
East Asia & Pacific (IDA & IBRD countries),TEA,2014,gdp_pc_current_usd,usd,WDI,6446.13733465555
Europe & Central Asia (IDA & IBRD countries),TEC,2014,gdp_pc_current_usd,usd,WDI,10297.0853605718
Togo,TGO,2014,gdp_pc_current_usd,usd,WDI,855.585284856656
Thailand,THA,2014,gdp_pc_current_usd,usd,WDI,5801.1978916205
Tajikistan,TJK,2014,gdp_pc_current_usd,usd,WDI,1081.54402932039
Turkmenistan,TKM,2014,gdp_pc_current_usd,usd,WDI,7164.14536184006
Latin America & the Caribbean (IDA & IBRD countries),TLA,2014,gdp_pc_current_usd,usd,WDI,10506.5803083213
Timor-Leste,TLS,2014,gdp_pc_current_usd,usd,WDI,1224.74957758801
"Middle East, North Africa, Afghanistan & Pakistan (IDA & IBRD)",TMN,2014,gdp_pc_current_usd,usd,WDI,3071.92771989
Tonga,TON,2014,gdp_pc_current_usd,usd,WDI,4136.59010898445
South Asia (IDA & IBRD),TSA,2014,gdp_pc_current_usd,usd,WDI,1528.49038355087
Sub-Saharan Africa (IDA & IBRD countries),TSS,2014,gdp_pc_current_usd,usd,WDI,1886.52398812139
Trinidad and Tobago,TTO,2014,gdp_pc_current_usd,usd,WDI,21908.3017802988
Tunisia,TUN,2014,gdp_pc_current_usd,usd,WDI,4458.97895464547
Turkiye,TUR,2014,gdp_pc_current_usd,usd,WDI,12165.220135038
Tuvalu,TUV,2014,gdp_pc_current_usd,usd,WDI,3528.85858102782
Tanzania,TZA,2014,gdp_pc_current_usd,usd,WDI,1022.74841308594
Uganda,UGA,2014,gdp_pc_current_usd,usd,WDI,896.054795546394
Ukraine,UKR,2014,gdp_pc_current_usd,usd,WDI,3054.908203125
Upper middle income,UMC,2014,gdp_pc_current_usd,usd,WDI,7776.90941402394
Uruguay,URY,2014,gdp_pc_current_usd,usd,WDI,18322.4276767157
United States,USA,2014,gdp_pc_current_usd,usd,WDI,55153.3940182967
Uzbekistan,UZB,2014,gdp_pc_current_usd,usd,WDI,2674.9628382103
St. Vincent and the Grenadines,VCT,2014,gdp_pc_current_usd,usd,WDI,7168.82875342911
"Venezuela, RB",VEN,2014,gdp_pc_current_usd,usd,WDI,15943.6127197163
Virgin Islands (U.S.),VIR,2014,gdp_pc_current_usd,usd,WDI,33045.3643795999
Viet Nam,VNM,2014,gdp_pc_current_usd,usd,WDI,2546.38464459903
Vanuatu,VUT,2014,gdp_pc_current_usd,usd,WDI,2973.09026493408
World,WLD,2014,gdp_pc_current_usd,usd,WDI,10911.8067383149
Samoa,WSM,2014,gdp_pc_current_usd,usd,WDI,3982.68080202084
Kosovo,XKX,2014,gdp_pc_current_usd,usd,WDI,3902.49424360946
"Yemen, Rep.",YEM,2014,gdp_pc_current_usd,usd,WDI,1430.1642096418
South Africa,ZAF,2014,gdp_pc_current_usd,usd,WDI,6856.73137092522
Zambia,ZMB,2014,gdp_pc_current_usd,usd,WDI,1707.48573136694
Zimbabwe,ZWE,2014,gdp_pc_current_usd,usd,WDI,1372.21474610373
Aruba,ABW,2015,gdp_pc_current_usd,usd,WDI,27458.2253310273
Africa Eastern and Southern,AFE,2015,gdp_pc_current_usd,usd,WDI,1479.61525980543
Afghanistan,AFG,2015,gdp_pc_current_usd,usd,WDI,565.569730408751
Africa Western and Central,AFW,2015,gdp_pc_current_usd,usd,WDI,1860.72769393488
Angola,AGO,2015,gdp_pc_current_usd,usd,WDI,3213.90261080059
Albania,ALB,2015,gdp_pc_current_usd,usd,WDI,3981.72662261867
Andorra,AND,2015,gdp_pc_current_usd,usd,WDI,38654.9347203095
Arab World,ARB,2015,gdp_pc_current_usd,usd,WDI,6262.04168490023
United Arab Emirates,ARE,2015,gdp_pc_current_usd,usd,WDI,43534.9972694631
Argentina,ARG,2015,gdp_pc_current_usd,usd,WDI,13679.6264980954
Armenia,ARM,2015,gdp_pc_current_usd,usd,WDI,3512.39350276709
American Samoa,ASM,2015,gdp_pc_current_usd,usd,WDI,12727.4102651386
Antigua and Barbuda,ATG,2015,gdp_pc_current_usd,usd,WDI,16077.6340769406
Australia,AUS,2015,gdp_pc_current_usd,usd,WDI,56739.0265346593
Austria,AUT,2015,gdp_pc_current_usd,usd,WDI,43915.228020857
Azerbaijan,AZE,2015,gdp_pc_current_usd,usd,WDI,5500.50364628486
Burundi,BDI,2015,gdp_pc_current_usd,usd,WDI,280.966831311923
Belgium,BEL,2015,gdp_pc_current_usd,usd,WDI,40893.804537772
Benin,BEN,2015,gdp_pc_current_usd,usd,WDI,1002.41886879614
Burkina Faso,BFA,2015,gdp_pc_current_usd,usd,WDI,630.124750752312
Bangladesh,BGD,2015,gdp_pc_current_usd,usd,WDI,1224.38647668165
Bulgaria,BGR,2015,gdp_pc_current_usd,usd,WDI,7268.65445473873
Bahrain,BHR,2015,gdp_pc_current_usd,usd,WDI,23734.0551143019
"Bahamas, The",BHS,2015,gdp_pc_current_usd,usd,WDI,30719.405417469
Bosnia and Herzegovina,BIH,2015,gdp_pc_current_usd,usd,WDI,4662.25883724069
Belarus,BLR,2015,gdp_pc_current_usd,usd,WDI,5967.05595058777
Belize,BLZ,2015,gdp_pc_current_usd,usd,WDI,6154.49593498217
Bermuda,BMU,2015,gdp_pc_current_usd,usd,WDI,104855.366822135
Bolivia,BOL,2015,gdp_pc_current_usd,usd,WDI,2996.01289811344
Brazil,BRA,2015,gdp_pc_current_usd,usd,WDI,8936.19661712113
Barbados,BRB,2015,gdp_pc_current_usd,usd,WDI,18954.2913724506
Brunei Darussalam,BRN,2015,gdp_pc_current_usd,usd,WDI,30625.128732694
Bhutan,BTN,2015,gdp_pc_current_usd,usd,WDI,2954.04081911097
Botswana,BWA,2015,gdp_pc_current_usd,usd,WDI,6141.20394726616
Central African Republic,CAF,2015,gdp_pc_current_usd,usd,WDI,366.322853938121
Canada,CAN,2015,gdp_pc_current_usd,usd,WDI,43594.1941045394
Central Europe and the Baltics,CEB,2015,gdp_pc_current_usd,usd,WDI,12596.9475064792
Switzerland,CHE,2015,gdp_pc_current_usd,usd,WDI,83806.4476003837
Channel Islands,CHI,2015,gdp_pc_current_usd,usd,WDI,61852.0735568957
Chile,CHL,2015,gdp_pc_current_usd,usd,WDI,13433.9202987032
China,CHN,2015,gdp_pc_current_usd,usd,WDI,8175.33285077393
Cote d'Ivoire,CIV,2015,gdp_pc_current_usd,usd,WDI,1814.71855088017
Cameroon,CMR,2015,gdp_pc_current_usd,usd,WDI,1415.00009710569
"Congo, Dem. Rep.",COD,2015,gdp_pc_current_usd,usd,WDI,467.9145805459
"Congo, Rep.",COG,2015,gdp_pc_current_usd,usd,WDI,2439.35189403696
Colombia,COL,2015,gdp_pc_current_usd,usd,WDI,6248.51490534512
Comoros,COM,2015,gdp_pc_current_usd,usd,WDI,1329.3704808998
Cabo Verde,CPV,2015,gdp_pc_current_usd,usd,WDI,3415.06266730931
Costa Rica,CRI,2015,gdp_pc_current_usd,usd,WDI,11714.7105980803
Caribbean small states,CSS,2015,gdp_pc_current_usd,usd,WDI,14402.4725779389
Cuba,CUB,2015,gdp_pc_current_usd,usd,WDI,7727.91997207998
Curacao,CUW,2015,gdp_pc_current_usd,usd,WDI,19361.8130008678
Cayman Islands,CYM,2015,gdp_pc_current_usd,usd,WDI,76379.2095108681
Cyprus,CYP,2015,gdp_pc_current_usd,usd,WDI,23487.228515625
Czechia,CZE,2015,gdp_pc_current_usd,usd,WDI,17931.5987670768
Germany,DEU,2015,gdp_pc_current_usd,usd,WDI,41911.0109851054
Djibouti,DJI,2015,gdp_pc_current_usd,usd,WDI,2376.12554719873
Dominica,DMA,2015,gdp_pc_current_usd,usd,WDI,8282.59874702141
Denmark,DNK,2015,gdp_pc_current_usd,usd,WDI,53094.0133607574
Dominican Republic,DOM,2015,gdp_pc_current_usd,usd,WDI,6800.95309395474
Algeria,DZA,2015,gdp_pc_current_usd,usd,WDI,4685.05902729002
East Asia & Pacific (excluding high income),EAP,2015,gdp_pc_current_usd,usd,WDI,6589.77384002779
Early-demographic dividend,EAR,2015,gdp_pc_current_usd,usd,WDI,3219.68827173818
East Asia & Pacific,EAS,2015,gdp_pc_current_usd,usd,WDI,9657.52889618953
Europe & Central Asia (excluding high income),ECA,2015,gdp_pc_current_usd,usd,WDI,6282.95418433325
Europe & Central Asia,ECS,2015,gdp_pc_current_usd,usd,WDI,22676.9494565466
Ecuador,ECU,2015,gdp_pc_current_usd,usd,WDI,5976.1596805651
"Egypt, Arab Rep.",EGY,2015,gdp_pc_current_usd,usd,WDI,3306.98159414141
Euro area,EMU,2015,gdp_pc_current_usd,usd,WDI,34467.5766635134
Spain,ESP,2015,gdp_pc_current_usd,usd,WDI,25982.4416197775
Estonia,EST,2015,gdp_pc_current_usd,usd,WDI,17722.1557669523
Ethiopia,ETH,2015,gdp_pc_current_usd,usd,WDI,621.845673808133
European Union,EUU,2015,gdp_pc_current_usd,usd,WDI,30769.090644109
Fragile and conflict affected situations,FCS,2015,gdp_pc_current_usd,usd,WDI,1818.81253623582
Finland,FIN,2015,gdp_pc_current_usd,usd,WDI,42560.3456767103
Fiji,FJI,2015,gdp_pc_current_usd,usd,WDI,5097.53106864695
France,FRA,2015,gdp_pc_current_usd,usd,WDI,36702.4323733379
Faroe Islands,FRO,2015,gdp_pc_current_usd,usd,WDI,52635.0375463609
"Micronesia, Fed. Sts.",FSM,2015,gdp_pc_current_usd,usd,WDI,2911.16211045292
Gabon,GAB,2015,gdp_pc_current_usd,usd,WDI,7047.12654634355
United Kingdom,GBR,2015,gdp_pc_current_usd,usd,WDI,44983.885522934
Georgia,GEO,2015,gdp_pc_current_usd,usd,WDI,4086.6223465965
Ghana,GHA,2015,gdp_pc_current_usd,usd,WDI,1722.77282833606
Guinea,GIN,2015,gdp_pc_current_usd,usd,WDI,747.356966759448
"Gambia, The",GMB,2015,gdp_pc_current_usd,usd,WDI,619.536364296461
Guinea-Bissau,GNB,2015,gdp_pc_current_usd,usd,WDI,645.066837207039
Equatorial Guinea,GNQ,2015,gdp_pc_current_usd,usd,WDI,9068.91003238645
Greece,GRC,2015,gdp_pc_current_usd,usd,WDI,17980.7298238137
Grenada,GRD,2015,gdp_pc_current_usd,usd,WDI,8694.12438005692
Greenland,GRL,2015,gdp_pc_current_usd,usd,WDI,44536.3549705377
Guatemala,GTM,2015,gdp_pc_current_usd,usd,WDI,3893.50522093509
Guam,GUM,2015,gdp_pc_current_usd,usd,WDI,35165.7014644795
Guyana,GUY,2015,gdp_pc_current_usd,usd,WDI,5640.41560569466
High income,HIC,2015,gdp_pc_current_usd,usd,WDI,36571.192904688
"Hong Kong SAR, China",HKG,2015,gdp_pc_current_usd,usd,WDI,42432.1619740441
Honduras,HND,2015,gdp_pc_current_usd,usd,WDI,2271.20265980349
Heavily indebted poor countries (HIPC),HPC,2015,gdp_pc_current_usd,usd,WDI,917.999801798178
Croatia,HRV,2015,gdp_pc_current_usd,usd,WDI,12285.3032582105
Haiti,HTI,2015,gdp_pc_current_usd,usd,WDI,1411.12684746796
Hungary,HUN,2015,gdp_pc_current_usd,usd,WDI,12782.9412577973
IBRD only,IBD,2015,gdp_pc_current_usd,usd,WDI,5572.51411128581
IDA & IBRD total,IBT,2015,gdp_pc_current_usd,usd,WDI,4494.4411970331
IDA total,IDA,2015,gdp_pc_current_usd,usd,WDI,1350.62840308024
IDA blend,IDB,2015,gdp_pc_current_usd,usd,WDI,1947.83629776554
Indonesia,IDN,2015,gdp_pc_current_usd,usd,WDI,3288.22269725538
IDA only,IDX,2015,gdp_pc_current_usd,usd,WDI,1023.94411088699
Isle of Man,IMN,2015,gdp_pc_current_usd,usd,WDI,84753.5187422732
India,IND,2015,gdp_pc_current_usd,usd,WDI,1583.99815907985
Ireland,IRL,2015,gdp_pc_current_usd,usd,WDI,64311.8234684057
"Iran, Islamic Rep.",IRN,2015,gdp_pc_current_usd,usd,WDI,4952.73355532178
Iraq,IRQ,2015,gdp_pc_current_usd,usd,WDI,4440.14189252367
Iceland,ISL,2015,gdp_pc_current_usd,usd,WDI,52951.6815110898
Israel,ISR,2015,gdp_pc_current_usd,usd,WDI,36213.1041481958
Italy,ITA,2015,gdp_pc_current_usd,usd,WDI,30639.8829751432
Jamaica,JAM,2015,gdp_pc_current_usd,usd,WDI,5062.8955502426
Jordan,JOR,2015,gdp_pc_current_usd,usd,WDI,4042.75678097555
Japan,JPN,2015,gdp_pc_current_usd,usd,WDI,34960.6393843385
Kazakhstan,KAZ,2015,gdp_pc_current_usd,usd,WDI,10196.1226255982
Kenya,KEN,2015,gdp_pc_current_usd,usd,WDI,1489.11959777284
Kyrgyz Republic,KGZ,2015,gdp_pc_current_usd,usd,WDI,1105.65193844261
Cambodia,KHM,2015,gdp_pc_current_usd,usd,WDI,1547.32010444393
Kiribati,KIR,2015,gdp_pc_current_usd,usd,WDI,1639.85274740652
St. Kitts and Nevis,KNA,2015,gdp_pc_current_usd,usd,WDI,20328.8003530109
"Korea, Rep.",KOR,2015,gdp_pc_current_usd,usd,WDI,28737.4391706499
Kuwait,KWT,2015,gdp_pc_current_usd,usd,WDI,29882.2126867068
Latin America & Caribbean (excluding high income),LAC,2015,gdp_pc_current_usd,usd,WDI,8307.33369621788
Lao PDR,LAO,2015,gdp_pc_current_usd,usd,WDI,2121.01339097363
Lebanon,LBN,2015,gdp_pc_current_usd,usd,WDI,7714.1099998804
Liberia,LBR,2015,gdp_pc_current_usd,usd,WDI,692.590082351257
Libya,LBY,2015,gdp_pc_current_usd,usd,WDI,7458.48917756374
St. Lucia,LCA,2015,gdp_pc_current_usd,usd,WDI,10334.9860823918
Latin America & Caribbean,LCN,2015,gdp_pc_current_usd,usd,WDI,8758.631461288
Least developed countries: UN classification,LDC,2015,gdp_pc_current_usd,usd,WDI,970.916596442798
Low income,LIC,2015,gdp_pc_current_usd,usd,WDI,736.645564029793
Liechtenstein,LIE,2015,gdp_pc_current_usd,usd,WDI,167187.15730982
Sri Lanka,LKA,2015,gdp_pc_current_usd,usd,WDI,4057.7158346231
Lower middle income,LMC,2015,gdp_pc_current_usd,usd,WDI,1843.92245982702
Low & middle income,LMY,2015,gdp_pc_current_usd,usd,WDI,4282.04601624269
Lesotho,LSO,2015,gdp_pc_current_usd,usd,WDI,1121.19851342518
Late-demographic dividend,LTE,2015,gdp_pc_current_usd,usd,WDI,8325.54664463079
Lithuania,LTU,2015,gdp_pc_current_usd,usd,WDI,14269.8039878287
Luxembourg,LUX,2015,gdp_pc_current_usd,usd,WDI,105462.012584423
Latvia,LVA,2015,gdp_pc_current_usd,usd,WDI,13321.9753140616
"Macao SAR, China",MAC,2015,gdp_pc_current_usd,usd,WDI,70070.2918001631
Morocco,MAR,2015,gdp_pc_current_usd,usd,WDI,3146.24780273438
Monaco,MCO,2015,gdp_pc_current_usd,usd,WDI,170437.101188261
Moldova,MDA,2015,gdp_pc_current_usd,usd,WDI,2749.55137054338
Madagascar,MDG,2015,gdp_pc_current_usd,usd,WDI,445.320069480568
Maldives,MDV,2015,gdp_pc_current_usd,usd,WDI,9644.90655028145
"Middle East, North Africa, Afghanistan & Pakistan",MEA,2015,gdp_pc_current_usd,usd,WDI,5108.83117786409
Mexico,MEX,2015,gdp_pc_current_usd,usd,WDI,10021.2386124039
Marshall Islands,MHL,2015,gdp_pc_current_usd,usd,WDI,3764.34426229508
Middle income,MIC,2015,gdp_pc_current_usd,usd,WDI,4599.80845420887
North Macedonia,MKD,2015,gdp_pc_current_usd,usd,WDI,5262.68671928674
Mali,MLI,2015,gdp_pc_current_usd,usd,WDI,838.11986940103
Malta,MLT,2015,gdp_pc_current_usd,usd,WDI,25529.6813131565
Myanmar,MMR,2015,gdp_pc_current_usd,usd,WDI,1166.73305546337
"Middle East, North Africa, Afghanistan & Pakistan (excluding high income)",MNA,2015,gdp_pc_current_usd,usd,WDI,2802.63134980934
Montenegro,MNE,2015,gdp_pc_current_usd,usd,WDI,6491.19280618646
Mongolia,MNG,2015,gdp_pc_current_usd,usd,WDI,3838.92126989984
Northern Mariana Islands,MNP,2015,gdp_pc_current_usd,usd,WDI,17665.1007493109
Mozambique,MOZ,2015,gdp_pc_current_usd,usd,WDI,610.563774706589
Mauritania,MRT,2015,gdp_pc_current_usd,usd,WDI,1554.94897871782
Mauritius,MUS,2015,gdp_pc_current_usd,usd,WDI,9507.87133656424
Malawi,MWI,2015,gdp_pc_current_usd,usd,WDI,539.605363240686
Malaysia,MYS,2015,gdp_pc_current_usd,usd,WDI,9648.6797937523
North America,NAC,2015,gdp_pc_current_usd,usd,WDI,55534.4570291574
Namibia,NAM,2015,gdp_pc_current_usd,usd,WDI,4774.10650865775
New Caledonia,NCL,2015,gdp_pc_current_usd,usd,WDI,30858.7237060533
Niger,NER,2015,gdp_pc_current_usd,usd,WDI,485.662574175279
Nigeria,NGA,2015,gdp_pc_current_usd,usd,WDI,2585.73360671797
Nicaragua,NIC,2015,gdp_pc_current_usd,usd,WDI,2074.45620634731
Netherlands,NLD,2015,gdp_pc_current_usd,usd,WDI,45793.8135434697
Norway,NOR,2015,gdp_pc_current_usd,usd,WDI,74809.9658049898
Nepal,NPL,2015,gdp_pc_current_usd,usd,WDI,875.543635474862
Nauru,NRU,2015,gdp_pc_current_usd,usd,WDI,7703.43149943923
New Zealand,NZL,2015,gdp_pc_current_usd,usd,WDI,38665.3723018158
OECD members,OED,2015,gdp_pc_current_usd,usd,WDI,35772.5321374449
Oman,OMN,2015,gdp_pc_current_usd,usd,WDI,18808.3077921839
Other small states,OSS,2015,gdp_pc_current_usd,usd,WDI,10334.0987006005
Pakistan,PAK,2015,gdp_pc_current_usd,usd,WDI,1380.47020838317
Panama,PAN,2015,gdp_pc_current_usd,usd,WDI,14082.6548502728
Peru,PER,2015,gdp_pc_current_usd,usd,WDI,6231.71150338894
Philippines,PHL,2015,gdp_pc_current_usd,usd,WDI,2909.85818010301
Palau,PLW,2015,gdp_pc_current_usd,usd,WDI,15690.759707372
Papua New Guinea,PNG,2015,gdp_pc_current_usd,usd,WDI,2484.5963398603
Poland,POL,2015,gdp_pc_current_usd,usd,WDI,12637.5220324406
Pre-demographic dividend,PRE,2015,gdp_pc_current_usd,usd,WDI,1508.88772064734
Puerto Rico (US),PRI,2015,gdp_pc_current_usd,usd,WDI,29242.041465085
Portugal,PRT,2015,gdp_pc_current_usd,usd,WDI,19215.7813014347
Paraguay,PRY,2015,gdp_pc_current_usd,usd,WDI,5879.33792308671
West Bank and Gaza,PSE,2015,gdp_pc_current_usd,usd,WDI,3272.15432360708
Pacific island small states,PSS,2015,gdp_pc_current_usd,usd,WDI,3721.79465162999
Post-demographic dividend,PST,2015,gdp_pc_current_usd,usd,WDI,40767.6732069989
French Polynesia,PYF,2015,gdp_pc_current_usd,usd,WDI,19166.9594761931
Qatar,QAT,2015,gdp_pc_current_usd,usd,WDI,68985.2946961507
Romania,ROU,2015,gdp_pc_current_usd,usd,WDI,8977.01748158196
Russian Federation,RUS,2015,gdp_pc_current_usd,usd,WDI,9277.7138671875
Rwanda,RWA,2015,gdp_pc_current_usd,usd,WDI,733.998630392314
South Asia,SAS,2015,gdp_pc_current_usd,usd,WDI,1570.54142462917
Saudi Arabia,SAU,2015,gdp_pc_current_usd,usd,WDI,23256.1549553531
Sudan,SDN,2015,gdp_pc_current_usd,usd,WDI,1292.37963867188
Senegal,SEN,2015,gdp_pc_current_usd,usd,WDI,1218.00613555438
Singapore,SGP,2015,gdp_pc_current_usd,usd,WDI,55645.6068614606
Solomon Islands,SLB,2015,gdp_pc_current_usd,usd,WDI,2045.47889485251
Sierra Leone,SLE,2015,gdp_pc_current_usd,usd,WDI,964.575980888989
El Salvador,SLV,2015,gdp_pc_current_usd,usd,WDI,3790.34089108162
San Marino,SMR,2015,gdp_pc_current_usd,usd,WDI,43146.8240435428
Somalia,SOM,2015,gdp_pc_current_usd,usd,WDI,445.583080073396
Serbia,SRB,2015,gdp_pc_current_usd,usd,WDI,5820.3215576888
Sub-Saharan Africa (excluding high income),SSA,2015,gdp_pc_current_usd,usd,WDI,1747.88416619556
South Sudan,SSD,2015,gdp_pc_current_usd,usd,WDI,1080.14718624765
Sub-Saharan Africa,SSF,2015,gdp_pc_current_usd,usd,WDI,1635.04422604526
Small states,SST,2015,gdp_pc_current_usd,usd,WDI,10408.6618377241
Sao Tome and Principe,STP,2015,gdp_pc_current_usd,usd,WDI,1298.10946596396
Suriname,SUR,2015,gdp_pc_current_usd,usd,WDI,8813.61705392067
Slovak Republic,SVK,2015,gdp_pc_current_usd,usd,WDI,16442.0760860018
Slovenia,SVN,2015,gdp_pc_current_usd,usd,WDI,20697.2748530619
Sweden,SWE,2015,gdp_pc_current_usd,usd,WDI,51197.9529341175
Eswatini,SWZ,2015,gdp_pc_current_usd,usd,WDI,3420.75357067279
Sint Maarten (Dutch part),SXM,2015,gdp_pc_current_usd,usd,WDI,37839.6283815163
Seychelles,SYC,2015,gdp_pc_current_usd,usd,WDI,15333.1051727105
Syrian Arab Republic,SYR,2015,gdp_pc_current_usd,usd,WDI,847.731631942565
Turks and Caicos Islands,TCA,2015,gdp_pc_current_usd,usd,WDI,25736.101625461
Chad,TCD,2015,gdp_pc_current_usd,usd,WDI,993.990730610869
East Asia & Pacific (IDA & IBRD countries),TEA,2015,gdp_pc_current_usd,usd,WDI,6664.48716537469
Europe & Central Asia (IDA & IBRD countries),TEC,2015,gdp_pc_current_usd,usd,WDI,8004.56641973475
Togo,TGO,2015,gdp_pc_current_usd,usd,WDI,751.052405084336
Thailand,THA,2015,gdp_pc_current_usd,usd,WDI,5688.85335397884
Tajikistan,TJK,2015,gdp_pc_current_usd,usd,WDI,956.916310930656
Turkmenistan,TKM,2015,gdp_pc_current_usd,usd,WDI,5759.497903834
Latin America & the Caribbean (IDA & IBRD countries),TLA,2015,gdp_pc_current_usd,usd,WDI,8616.95753415631
Timor-Leste,TLS,2015,gdp_pc_current_usd,usd,WDI,1319.59297370991
"Middle East, North Africa, Afghanistan & Pakistan (IDA & IBRD)",TMN,2015,gdp_pc_current_usd,usd,WDI,2799.45441811562
Tonga,TON,2015,gdp_pc_current_usd,usd,WDI,4123.90347238813
South Asia (IDA & IBRD),TSA,2015,gdp_pc_current_usd,usd,WDI,1570.54142462917
Sub-Saharan Africa (IDA & IBRD countries),TSS,2015,gdp_pc_current_usd,usd,WDI,1635.04422604526
Trinidad and Tobago,TTO,2015,gdp_pc_current_usd,usd,WDI,19887.2337359338
Tunisia,TUN,2015,gdp_pc_current_usd,usd,WDI,4014.94773686432
Turkiye,TUR,2015,gdp_pc_current_usd,usd,WDI,11049.9951100942
Tuvalu,TUV,2015,gdp_pc_current_usd,usd,WDI,3357.83417700071
Tanzania,TZA,2015,gdp_pc_current_usd,usd,WDI,939.127319335938
Uganda,UGA,2015,gdp_pc_current_usd,usd,WDI,862.934610355811
Ukraine,UKR,2015,gdp_pc_current_usd,usd,WDI,2094.47387695313
Upper middle income,UMC,2015,gdp_pc_current_usd,usd,WDI,7434.5956962152
Uruguay,URY,2015,gdp_pc_current_usd,usd,WDI,17125.9016800298
United States,USA,2015,gdp_pc_current_usd,usd,WDI,56849.4697923159
Uzbekistan,UZB,2015,gdp_pc_current_usd,usd,WDI,2803.19018021751
St. Vincent and the Grenadines,VCT,2015,gdp_pc_current_usd,usd,WDI,7353.73556054184
Virgin Islands (U.S.),VIR,2015,gdp_pc_current_usd,usd,WDI,34007.3529411765
Viet Nam,VNM,2015,gdp_pc_current_usd,usd,WDI,2577.56885340113
Vanuatu,VUT,2015,gdp_pc_current_usd,usd,WDI,2854.89412272653
World,WLD,2015,gdp_pc_current_usd,usd,WDI,10175.4094195078
Samoa,WSM,2015,gdp_pc_current_usd,usd,WDI,4084.36083819933
Kosovo,XKX,2015,gdp_pc_current_usd,usd,WDI,3520.62850699375
"Yemen, Rep.",YEM,2015,gdp_pc_current_usd,usd,WDI,1362.17381205593
South Africa,ZAF,2015,gdp_pc_current_usd,usd,WDI,6112.27382485974
Zambia,ZMB,2015,gdp_pc_current_usd,usd,WDI,1295.87788680068
Zimbabwe,ZWE,2015,gdp_pc_current_usd,usd,WDI,1386.41855927575
Aruba,ABW,2016,gdp_pc_current_usd,usd,WDI,27441.5296617282
Africa Eastern and Southern,AFE,2016,gdp_pc_current_usd,usd,WDI,1329.80728479234
Afghanistan,AFG,2016,gdp_pc_current_usd,usd,WDI,522.082215583898
Africa Western and Central,AFW,2016,gdp_pc_current_usd,usd,WDI,1630.03944681121
Angola,AGO,2016,gdp_pc_current_usd,usd,WDI,1807.95294072643
Albania,ALB,2016,gdp_pc_current_usd,usd,WDI,4168.37544462548
Andorra,AND,2016,gdp_pc_current_usd,usd,WDI,40129.8192007698
Arab World,ARB,2016,gdp_pc_current_usd,usd,WDI,6012.51244365971
United Arab Emirates,ARE,2016,gdp_pc_current_usd,usd,WDI,41326.4018161569
Argentina,ARG,2016,gdp_pc_current_usd,usd,WDI,12699.9623137756
Armenia,ARM,2016,gdp_pc_current_usd,usd,WDI,3524.42476874707
American Samoa,ASM,2016,gdp_pc_current_usd,usd,WDI,12843.3342903627
Antigua and Barbuda,ATG,2016,gdp_pc_current_usd,usd,WDI,16556.8551801588
Australia,AUS,2016,gdp_pc_current_usd,usd,WDI,49888.0410842736
Austria,AUT,2016,gdp_pc_current_usd,usd,WDI,45061.4993920192
Azerbaijan,AZE,2016,gdp_pc_current_usd,usd,WDI,3880.6852276838
Burundi,BDI,2016,gdp_pc_current_usd,usd,WDI,235.286205393908
Belgium,BEL,2016,gdp_pc_current_usd,usd,WDI,41854.5498296444
Benin,BEN,2016,gdp_pc_current_usd,usd,WDI,1010.5338961993
Burkina Faso,BFA,2016,gdp_pc_current_usd,usd,WDI,663.742364842886
Bangladesh,BGD,2016,gdp_pc_current_usd,usd,WDI,1649.28380858601
Bulgaria,BGR,2016,gdp_pc_current_usd,usd,WDI,7822.49923292968
Bahrain,BHR,2016,gdp_pc_current_usd,usd,WDI,23800.001440631
"Bahamas, The",BHS,2016,gdp_pc_current_usd,usd,WDI,30616.5363157284
Bosnia and Herzegovina,BIH,2016,gdp_pc_current_usd,usd,WDI,4928.5665251728
Belarus,BLR,2016,gdp_pc_current_usd,usd,WDI,5039.77560949445
Belize,BLZ,2016,gdp_pc_current_usd,usd,WDI,6142.49873185177
Bermuda,BMU,2016,gdp_pc_current_usd,usd,WDI,108747.356144305
Bolivia,BOL,2016,gdp_pc_current_usd,usd,WDI,3035.87347732132
Brazil,BRA,2016,gdp_pc_current_usd,usd,WDI,8836.28652735657
Barbados,BRB,2016,gdp_pc_current_usd,usd,WDI,19065.8069800213
Brunei Darussalam,BRN,2016,gdp_pc_current_usd,usd,WDI,26663.2973199878
Bhutan,BTN,2016,gdp_pc_current_usd,usd,WDI,3152.30905106786
Botswana,BWA,2016,gdp_pc_current_usd,usd,WDI,6749.05994339013
Central African Republic,CAF,2016,gdp_pc_current_usd,usd,WDI,387.176203444318
Canada,CAN,2016,gdp_pc_current_usd,usd,WDI,42314.0615817218
Central Europe and the Baltics,CEB,2016,gdp_pc_current_usd,usd,WDI,12874.7406922285
Switzerland,CHE,2016,gdp_pc_current_usd,usd,WDI,82153.0745447889
Channel Islands,CHI,2016,gdp_pc_current_usd,usd,WDI,55950.1482938989
Chile,CHL,2016,gdp_pc_current_usd,usd,WDI,13649.8520452803
China,CHN,2016,gdp_pc_current_usd,usd,WDI,8254.86859320357
Cote d'Ivoire,CIV,2016,gdp_pc_current_usd,usd,WDI,1862.59597081287
Cameroon,CMR,2016,gdp_pc_current_usd,usd,WDI,1441.7201725688
"Congo, Dem. Rep.",COD,2016,gdp_pc_current_usd,usd,WDI,442.310472110228
"Congo, Rep.",COG,2016,gdp_pc_current_usd,usd,WDI,2093.10728558843
Colombia,COL,2016,gdp_pc_current_usd,usd,WDI,5959.84250367574
Comoros,COM,2016,gdp_pc_current_usd,usd,WDI,1365.48403353158
Cabo Verde,CPV,2016,gdp_pc_current_usd,usd,WDI,3608.96605234906
Costa Rica,CRI,2016,gdp_pc_current_usd,usd,WDI,12091.0301606335
Caribbean small states,CSS,2016,gdp_pc_current_usd,usd,WDI,13297.7443496162
Cuba,CUB,2016,gdp_pc_current_usd,usd,WDI,8110.55873961397
Curacao,CUW,2016,gdp_pc_current_usd,usd,WDI,18944.0961493998
Cayman Islands,CYM,2016,gdp_pc_current_usd,usd,WDI,77802.2541567187
Cyprus,CYP,2016,gdp_pc_current_usd,usd,WDI,24715.154296875
Czechia,CZE,2016,gdp_pc_current_usd,usd,WDI,18753.9686718096
Germany,DEU,2016,gdp_pc_current_usd,usd,WDI,42961.0356905775
Djibouti,DJI,2016,gdp_pc_current_usd,usd,WDI,2510.4300076241
Dominica,DMA,2016,gdp_pc_current_usd,usd,WDI,8802.56172041363
Denmark,DNK,2016,gdp_pc_current_usd,usd,WDI,54500.9260410217
Dominican Republic,DOM,2016,gdp_pc_current_usd,usd,WDI,7160.44200982307
Algeria,DZA,2016,gdp_pc_current_usd,usd,WDI,4424.98529027556
East Asia & Pacific (excluding high income),EAP,2016,gdp_pc_current_usd,usd,WDI,6683.18386893998
Early-demographic dividend,EAR,2016,gdp_pc_current_usd,usd,WDI,3269.98432817621
East Asia & Pacific,EAS,2016,gdp_pc_current_usd,usd,WDI,9928.67149927477
Europe & Central Asia (excluding high income),ECA,2016,gdp_pc_current_usd,usd,WDI,5977.68550933388
Europe & Central Asia,ECS,2016,gdp_pc_current_usd,usd,WDI,22496.7758500912
Ecuador,ECU,2016,gdp_pc_current_usd,usd,WDI,5917.63771271481
"Egypt, Arab Rep.",EGY,2016,gdp_pc_current_usd,usd,WDI,3270.6287768197
Euro area,EMU,2016,gdp_pc_current_usd,usd,WDI,35232.2695661265
Spain,ESP,2016,gdp_pc_current_usd,usd,WDI,26755.6061149398
Estonia,EST,2016,gdp_pc_current_usd,usd,WDI,18666.3736521706
Ethiopia,ETH,2016,gdp_pc_current_usd,usd,WDI,696.196084806324
European Union,EUU,2016,gdp_pc_current_usd,usd,WDI,31462.4341209885
Fragile and conflict affected situations,FCS,2016,gdp_pc_current_usd,usd,WDI,1639.70719384628
Finland,FIN,2016,gdp_pc_current_usd,usd,WDI,43451.2562442158
Fiji,FJI,2016,gdp_pc_current_usd,usd,WDI,5363.79026679243
France,FRA,2016,gdp_pc_current_usd,usd,WDI,37024.2157133669
Faroe Islands,FRO,2016,gdp_pc_current_usd,usd,WDI,56875.2803813296
"Micronesia, Fed. Sts.",FSM,2016,gdp_pc_current_usd,usd,WDI,2979.60119184048
Gabon,GAB,2016,gdp_pc_current_usd,usd,WDI,6677.07003901644
United Kingdom,GBR,2016,gdp_pc_current_usd,usd,WDI,40988.1044233026
Georgia,GEO,2016,gdp_pc_current_usd,usd,WDI,4143.40125686315
Ghana,GHA,2016,gdp_pc_current_usd,usd,WDI,1912.47991339951
Guinea,GIN,2016,gdp_pc_current_usd,usd,WDI,711.996509782316
"Gambia, The",GMB,2016,gdp_pc_current_usd,usd,WDI,650.056501323611
Guinea-Bissau,GNB,2016,gdp_pc_current_usd,usd,WDI,679.665386626818
Equatorial Guinea,GNQ,2016,gdp_pc_current_usd,usd,WDI,7453.19797948517
Greece,GRC,2016,gdp_pc_current_usd,usd,WDI,17919.2426377048
Grenada,GRD,2016,gdp_pc_current_usd,usd,WDI,9221.23461079424
Greenland,GRL,2016,gdp_pc_current_usd,usd,WDI,48181.7453541266
Guatemala,GTM,2016,gdp_pc_current_usd,usd,WDI,4060.13754974186
Guam,GUM,2016,gdp_pc_current_usd,usd,WDI,35930.6594898711
Guyana,GUY,2016,gdp_pc_current_usd,usd,WDI,5870.87823759835
High income,HIC,2016,gdp_pc_current_usd,usd,WDI,37055.7538854894
"Hong Kong SAR, China",HKG,2016,gdp_pc_current_usd,usd,WDI,43734.1980702999
Honduras,HND,2016,gdp_pc_current_usd,usd,WDI,2307.34468351082
Heavily indebted poor countries (HIPC),HPC,2016,gdp_pc_current_usd,usd,WDI,900.498036025473
Croatia,HRV,2016,gdp_pc_current_usd,usd,WDI,12821.1738140304
Haiti,HTI,2016,gdp_pc_current_usd,usd,WDI,1318.40268167953
Hungary,HUN,2016,gdp_pc_current_usd,usd,WDI,13215.8605277789
IBRD only,IBD,2016,gdp_pc_current_usd,usd,WDI,5560.96329446574
IDA & IBRD total,IBT,2016,gdp_pc_current_usd,usd,WDI,4467.69831583104
IDA total,IDA,2016,gdp_pc_current_usd,usd,WDI,1316.75105884171
IDA blend,IDB,2016,gdp_pc_current_usd,usd,WDI,1790.52401341516
Indonesia,IDN,2016,gdp_pc_current_usd,usd,WDI,3521.46943457574
IDA only,IDX,2016,gdp_pc_current_usd,usd,WDI,1058.23347491943
Isle of Man,IMN,2016,gdp_pc_current_usd,usd,WDI,82025.9454509241
India,IND,2016,gdp_pc_current_usd,usd,WDI,1707.50892912243
Ireland,IRL,2016,gdp_pc_current_usd,usd,WDI,64192.9418053178
"Iran, Islamic Rep.",IRN,2016,gdp_pc_current_usd,usd,WDI,5477.03712389913
Iraq,IRQ,2016,gdp_pc_current_usd,usd,WDI,4334.42096404188
Iceland,ISL,2016,gdp_pc_current_usd,usd,WDI,61987.9263620283
Israel,ISR,2016,gdp_pc_current_usd,usd,WDI,37671.5389138798
Italy,ITA,2016,gdp_pc_current_usd,usd,WDI,31391.5692898108
Jamaica,JAM,2016,gdp_pc_current_usd,usd,WDI,5009.79448724295
Jordan,JOR,2016,gdp_pc_current_usd,usd,WDI,3986.71677010853
Japan,JPN,2016,gdp_pc_current_usd,usd,WDI,39375.4731620781
Kazakhstan,KAZ,2016,gdp_pc_current_usd,usd,WDI,7475.56688689424
Kenya,KEN,2016,gdp_pc_current_usd,usd,WDI,1554.12610314423
Kyrgyz Republic,KGZ,2016,gdp_pc_current_usd,usd,WDI,1103.27489428412
Cambodia,KHM,2016,gdp_pc_current_usd,usd,WDI,1675.19555711109
Kiribati,KIR,2016,gdp_pc_current_usd,usd,WDI,1742.66799324117
St. Kitts and Nevis,KNA,2016,gdp_pc_current_usd,usd,WDI,21387.5415511103
"Korea, Rep.",KOR,2016,gdp_pc_current_usd,usd,WDI,29280.4403170048
Kuwait,KWT,2016,gdp_pc_current_usd,usd,WDI,27323.6890643847
Latin America & Caribbean (excluding high income),LAC,2016,gdp_pc_current_usd,usd,WDI,7975.72164827005
Lao PDR,LAO,2016,gdp_pc_current_usd,usd,WDI,2303.22156035363
Lebanon,LBN,2016,gdp_pc_current_usd,usd,WDI,8089.012088155
Liberia,LBR,2016,gdp_pc_current_usd,usd,WDI,714.613063145659
Libya,LBY,2016,gdp_pc_current_usd,usd,WDI,7525.80299308216
St. Lucia,LCA,2016,gdp_pc_current_usd,usd,WDI,10638.1269396653
Latin America & Caribbean,LCN,2016,gdp_pc_current_usd,usd,WDI,8460.65543617298
Least developed countries: UN classification,LDC,2016,gdp_pc_current_usd,usd,WDI,963.946548212227
Low income,LIC,2016,gdp_pc_current_usd,usd,WDI,630.769855946827
Liechtenstein,LIE,2016,gdp_pc_current_usd,usd,WDI,165375.491396259
Sri Lanka,LKA,2016,gdp_pc_current_usd,usd,WDI,4149.19190775593
Lower middle income,LMC,2016,gdp_pc_current_usd,usd,WDI,1892.70524039558
Low & middle income,LMY,2016,gdp_pc_current_usd,usd,WDI,4269.77006692862
Lesotho,LSO,2016,gdp_pc_current_usd,usd,WDI,992.491840678465
Late-demographic dividend,LTE,2016,gdp_pc_current_usd,usd,WDI,8290.74162992552
Lithuania,LTU,2016,gdp_pc_current_usd,usd,WDI,14934.2702840428
Luxembourg,LUX,2016,gdp_pc_current_usd,usd,WDI,106899.293549552
Latvia,LVA,2016,gdp_pc_current_usd,usd,WDI,13838.5266823272
"Macao SAR, China",MAC,2016,gdp_pc_current_usd,usd,WDI,69074.0363049212
Morocco,MAR,2016,gdp_pc_current_usd,usd,WDI,3140.85546875
Monaco,MCO,2016,gdp_pc_current_usd,usd,WDI,173604.753555915
Moldova,MDA,2016,gdp_pc_current_usd,usd,WDI,2847.08794770479
Madagascar,MDG,2016,gdp_pc_current_usd,usd,WDI,453.970714522463
Maldives,MDV,2016,gdp_pc_current_usd,usd,WDI,9947.80744731739
"Middle East, North Africa, Afghanistan & Pakistan",MEA,2016,gdp_pc_current_usd,usd,WDI,5080.74067722357
Mexico,MEX,2016,gdp_pc_current_usd,usd,WDI,9097.92397674769
Marshall Islands,MHL,2016,gdp_pc_current_usd,usd,WDI,4229.80988911945
Middle income,MIC,2016,gdp_pc_current_usd,usd,WDI,4600.22936847744
North Macedonia,MKD,2016,gdp_pc_current_usd,usd,WDI,5598.48622617967
Mali,MLI,2016,gdp_pc_current_usd,usd,WDI,872.468587171653
Malta,MLT,2016,gdp_pc_current_usd,usd,WDI,26459.0772054811
Myanmar,MMR,2016,gdp_pc_current_usd,usd,WDI,1229.19713515893
"Middle East, North Africa, Afghanistan & Pakistan (excluding high income)",MNA,2016,gdp_pc_current_usd,usd,WDI,2832.83052598
Montenegro,MNE,2016,gdp_pc_current_usd,usd,WDI,6999.1358134109
Mongolia,MNG,2016,gdp_pc_current_usd,usd,WDI,3619.90026383792
Northern Mariana Islands,MNP,2016,gdp_pc_current_usd,usd,WDI,24225.474169342
Mozambique,MOZ,2016,gdp_pc_current_usd,usd,WDI,441.489734819071
Mauritania,MRT,2016,gdp_pc_current_usd,usd,WDI,1565.76575722696
Mauritius,MUS,2016,gdp_pc_current_usd,usd,WDI,9965.72531085228
Malawi,MWI,2016,gdp_pc_current_usd,usd,WDI,450.506105510719
Malaysia,MYS,2016,gdp_pc_current_usd,usd,WDI,9476.53409809923
North America,NAC,2016,gdp_pc_current_usd,usd,WDI,56416.7850235092
Namibia,NAM,2016,gdp_pc_current_usd,usd,WDI,4395.68776162376
New Caledonia,NCL,2016,gdp_pc_current_usd,usd,WDI,30782.8544433514
Niger,NER,2016,gdp_pc_current_usd,usd,WDI,502.706475406446
Nigeria,NGA,2016,gdp_pc_current_usd,usd,WDI,2070.4127339595
Nicaragua,NIC,2016,gdp_pc_current_usd,usd,WDI,2131.68704828322
Netherlands,NLD,2016,gdp_pc_current_usd,usd,WDI,46808.5291492503
Norway,NOR,2016,gdp_pc_current_usd,usd,WDI,70867.3609970749
Nepal,NPL,2016,gdp_pc_current_usd,usd,WDI,877.256454696737
Nauru,NRU,2016,gdp_pc_current_usd,usd,WDI,8724.30700255019
New Zealand,NZL,2016,gdp_pc_current_usd,usd,WDI,40113.7195382428
OECD members,OED,2016,gdp_pc_current_usd,usd,WDI,36235.9988250637
Oman,OMN,2016,gdp_pc_current_usd,usd,WDI,17110.1897460545
Other small states,OSS,2016,gdp_pc_current_usd,usd,WDI,10776.87092047
Pakistan,PAK,2016,gdp_pc_current_usd,usd,WDI,1424.69161195897
Panama,PAN,2016,gdp_pc_current_usd,usd,WDI,14832.3611608191
Peru,PER,2016,gdp_pc_current_usd,usd,WDI,6217.03599995447
Philippines,PHL,2016,gdp_pc_current_usd,usd,WDI,2985.19564024046
Palau,PLW,2016,gdp_pc_current_usd,usd,WDI,16762.5723436534
Papua New Guinea,PNG,2016,gdp_pc_current_usd,usd,WDI,2316.39479758492
Poland,POL,2016,gdp_pc_current_usd,usd,WDI,12464.0121044827
Pre-demographic dividend,PRE,2016,gdp_pc_current_usd,usd,WDI,1307.18884005457
Puerto Rico (US),PRI,2016,gdp_pc_current_usd,usd,WDI,29978.0889268918
Portugal,PRT,2016,gdp_pc_current_usd,usd,WDI,19980.2808866516
Paraguay,PRY,2016,gdp_pc_current_usd,usd,WDI,5775.1596339946
West Bank and Gaza,PSE,2016,gdp_pc_current_usd,usd,WDI,3527.61382413178
Pacific island small states,PSS,2016,gdp_pc_current_usd,usd,WDI,3853.8127301538
Post-demographic dividend,PST,2016,gdp_pc_current_usd,usd,WDI,41511.1088722467
French Polynesia,PYF,2016,gdp_pc_current_usd,usd,WDI,19690.0775734589
Qatar,QAT,2016,gdp_pc_current_usd,usd,WDI,61253.6375482797
Romania,ROU,2016,gdp_pc_current_usd,usd,WDI,9404.54005870715
Russian Federation,RUS,2016,gdp_pc_current_usd,usd,WDI,8663.158203125
Rwanda,RWA,2016,gdp_pc_current_usd,usd,WDI,729.519134044611
South Asia,SAS,2016,gdp_pc_current_usd,usd,WDI,1722.90703415144
Saudi Arabia,SAU,2016,gdp_pc_current_usd,usd,WDI,22267.7217050387
Sudan,SDN,2016,gdp_pc_current_usd,usd,WDI,1033.21594238281
Senegal,SEN,2016,gdp_pc_current_usd,usd,WDI,1266.43957151587
Singapore,SGP,2016,gdp_pc_current_usd,usd,WDI,57005.5887176547
Solomon Islands,SLB,2016,gdp_pc_current_usd,usd,WDI,2082.62989047871
Sierra Leone,SLE,2016,gdp_pc_current_usd,usd,WDI,844.416411175476
El Salvador,SLV,2016,gdp_pc_current_usd,usd,WDI,3901.34014965811
San Marino,SMR,2016,gdp_pc_current_usd,usd,WDI,44359.4797662688
Somalia,SOM,2016,gdp_pc_current_usd,usd,WDI,460.928490585175
Serbia,SRB,2016,gdp_pc_current_usd,usd,WDI,5982.37030126471
Sub-Saharan Africa (excluding high income),SSA,2016,gdp_pc_current_usd,usd,WDI,1536.05359120559
Sub-Saharan Africa,SSF,2016,gdp_pc_current_usd,usd,WDI,1452.27420076776
Small states,SST,2016,gdp_pc_current_usd,usd,WDI,10444.2724484059
Sao Tome and Principe,STP,2016,gdp_pc_current_usd,usd,WDI,1434.87018050521
Suriname,SUR,2016,gdp_pc_current_usd,usd,WDI,5644.2061057532
Slovak Republic,SVK,2016,gdp_pc_current_usd,usd,WDI,16636.0769133073
Slovenia,SVN,2016,gdp_pc_current_usd,usd,WDI,21447.8377796036
Sweden,SWE,2016,gdp_pc_current_usd,usd,WDI,51820.3972482676
Eswatini,SWZ,2016,gdp_pc_current_usd,usd,WDI,3239.80707501414
Sint Maarten (Dutch part),SXM,2016,gdp_pc_current_usd,usd,WDI,37308.6147795736
Seychelles,SYC,2016,gdp_pc_current_usd,usd,WDI,16566.9946042294
Syrian Arab Republic,SYR,2016,gdp_pc_current_usd,usd,WDI,656.3490586313
Turks and Caicos Islands,TCA,2016,gdp_pc_current_usd,usd,WDI,26946.4178520162
Chad,TCD,2016,gdp_pc_current_usd,usd,WDI,861.831767630746
East Asia & Pacific (IDA & IBRD countries),TEA,2016,gdp_pc_current_usd,usd,WDI,6758.74015480622
Europe & Central Asia (IDA & IBRD countries),TEC,2016,gdp_pc_current_usd,usd,WDI,7653.97807124132
Togo,TGO,2016,gdp_pc_current_usd,usd,WDI,772.581787093976
Thailand,THA,2016,gdp_pc_current_usd,usd,WDI,5833.57715617098
Tajikistan,TJK,2016,gdp_pc_current_usd,usd,WDI,788.710481734485
Turkmenistan,TKM,2016,gdp_pc_current_usd,usd,WDI,5686.98040962764
Latin America & the Caribbean (IDA & IBRD countries),TLA,2016,gdp_pc_current_usd,usd,WDI,8301.80532535391
Timor-Leste,TLS,2016,gdp_pc_current_usd,usd,WDI,1335.54390089814
"Middle East, North Africa, Afghanistan & Pakistan (IDA & IBRD)",TMN,2016,gdp_pc_current_usd,usd,WDI,2828.10049044876
Tonga,TON,2016,gdp_pc_current_usd,usd,WDI,3987.98618837043
South Asia (IDA & IBRD),TSA,2016,gdp_pc_current_usd,usd,WDI,1722.90703415144
Sub-Saharan Africa (IDA & IBRD countries),TSS,2016,gdp_pc_current_usd,usd,WDI,1452.27420076776
Trinidad and Tobago,TTO,2016,gdp_pc_current_usd,usd,WDI,17449.1623528186
Tunisia,TUN,2016,gdp_pc_current_usd,usd,WDI,3847.80354448809
Turkiye,TUR,2016,gdp_pc_current_usd,usd,WDI,10970.0458948862
Tuvalu,TUV,2016,gdp_pc_current_usd,usd,WDI,3808.69755015909
Tanzania,TZA,2016,gdp_pc_current_usd,usd,WDI,953.0107421875
Uganda,UGA,2016,gdp_pc_current_usd,usd,WDI,752.696571725656
Ukraine,UKR,2016,gdp_pc_current_usd,usd,WDI,2158.46118164063
Upper middle income,UMC,2016,gdp_pc_current_usd,usd,WDI,7404.71205158264
Uruguay,URY,2016,gdp_pc_current_usd,usd,WDI,17009.7584207276
United States,USA,2016,gdp_pc_current_usd,usd,WDI,57976.628204291
Uzbekistan,UZB,2016,gdp_pc_current_usd,usd,WDI,2753.37951427589
St. Vincent and the Grenadines,VCT,2016,gdp_pc_current_usd,usd,WDI,7656.90042881178
Virgin Islands (U.S.),VIR,2016,gdp_pc_current_usd,usd,WDI,35324.9748874586
Viet Nam,VNM,2016,gdp_pc_current_usd,usd,WDI,2735.0604380416
Vanuatu,VUT,2016,gdp_pc_current_usd,usd,WDI,2956.12644801489
World,WLD,2016,gdp_pc_current_usd,usd,WDI,10221.3659804648
Samoa,WSM,2016,gdp_pc_current_usd,usd,WDI,4147.07097674888
Kosovo,XKX,2016,gdp_pc_current_usd,usd,WDI,3759.44959067104
"Yemen, Rep.",YEM,2016,gdp_pc_current_usd,usd,WDI,975.359417003225
South Africa,ZAF,2016,gdp_pc_current_usd,usd,WDI,5651.20585165749
Zambia,ZMB,2016,gdp_pc_current_usd,usd,WDI,1239.08527877713
Zimbabwe,ZWE,2016,gdp_pc_current_usd,usd,WDI,1407.42096413212
Aruba,ABW,2017,gdp_pc_current_usd,usd,WDI,28440.051963759
Africa Eastern and Southern,AFE,2017,gdp_pc_current_usd,usd,WDI,1520.21223076132
Afghanistan,AFG,2017,gdp_pc_current_usd,usd,WDI,525.469770891619
Africa Western and Central,AFW,2017,gdp_pc_current_usd,usd,WDI,1574.23056047232
Angola,AGO,2017,gdp_pc_current_usd,usd,WDI,2437.25971190821
Albania,ALB,2017,gdp_pc_current_usd,usd,WDI,4614.0479692596
Andorra,AND,2017,gdp_pc_current_usd,usd,WDI,40672.9943348258
Arab World,ARB,2017,gdp_pc_current_usd,usd,WDI,6066.72679100576
United Arab Emirates,ARE,2017,gdp_pc_current_usd,usd,WDI,42340.5917160161
Argentina,ARG,2017,gdp_pc_current_usd,usd,WDI,14532.5009308511
Armenia,ARM,2017,gdp_pc_current_usd,usd,WDI,3869.05373867752
American Samoa,ASM,2017,gdp_pc_current_usd,usd,WDI,11863.6839452565
Antigua and Barbuda,ATG,2017,gdp_pc_current_usd,usd,WDI,16965.7288273816
Australia,AUS,2017,gdp_pc_current_usd,usd,WDI,53901.7145392154
Austria,AUT,2017,gdp_pc_current_usd,usd,WDI,47163.7425775142
Azerbaijan,AZE,2017,gdp_pc_current_usd,usd,WDI,4147.1981423222
Burundi,BDI,2017,gdp_pc_current_usd,usd,WDI,236.694472592753
Belgium,BEL,2017,gdp_pc_current_usd,usd,WDI,44035.3239358548
Benin,BEN,2017,gdp_pc_current_usd,usd,WDI,1054.97408066814
Burkina Faso,BFA,2017,gdp_pc_current_usd,usd,WDI,709.091535894695
Bangladesh,BGD,2017,gdp_pc_current_usd,usd,WDI,1811.08221668646
Bulgaria,BGR,2017,gdp_pc_current_usd,usd,WDI,8696.68930427924
Bahrain,BHR,2017,gdp_pc_current_usd,usd,WDI,24784.7693514607
"Bahamas, The",BHS,2017,gdp_pc_current_usd,usd,WDI,31875.4881749619
Bosnia and Herzegovina,BIH,2017,gdp_pc_current_usd,usd,WDI,5345.01985489192
Belarus,BLR,2017,gdp_pc_current_usd,usd,WDI,5785.54491935194
Belize,BLZ,2017,gdp_pc_current_usd,usd,WDI,6072.58267640581
Bermuda,BMU,2017,gdp_pc_current_usd,usd,WDI,112339.425587467
Bolivia,BOL,2017,gdp_pc_current_usd,usd,WDI,3306.30301224425
Brazil,BRA,2017,gdp_pc_current_usd,usd,WDI,10080.5092819305
Barbados,BRB,2017,gdp_pc_current_usd,usd,WDI,19692.7606711615
Brunei Darussalam,BRN,2017,gdp_pc_current_usd,usd,WDI,28024.3824618568
Bhutan,BTN,2017,gdp_pc_current_usd,usd,WDI,3435.28804735662
Botswana,BWA,2017,gdp_pc_current_usd,usd,WDI,7104.96401088027
Central African Republic,CAF,2017,gdp_pc_current_usd,usd,WDI,432.324025684263
Canada,CAN,2017,gdp_pc_current_usd,usd,WDI,45129.628116623
Central Europe and the Baltics,CEB,2017,gdp_pc_current_usd,usd,WDI,14339.8580613846
Switzerland,CHE,2017,gdp_pc_current_usd,usd,WDI,82254.3770471336
Channel Islands,CHI,2017,gdp_pc_current_usd,usd,WDI,55806.5708942966
Chile,CHL,2017,gdp_pc_current_usd,usd,WDI,14879.9086227187
China,CHN,2017,gdp_pc_current_usd,usd,WDI,8979.67652709856
Cote d'Ivoire,CIV,2017,gdp_pc_current_usd,usd,WDI,1964.29930338343
Cameroon,CMR,2017,gdp_pc_current_usd,usd,WDI,1496.08951771242
"Congo, Dem. Rep.",COD,2017,gdp_pc_current_usd,usd,WDI,436.584534687385
"Congo, Rep.",COG,2017,gdp_pc_current_usd,usd,WDI,2211.63309874797
Colombia,COL,2017,gdp_pc_current_usd,usd,WDI,6479.53231292429
Comoros,COM,2017,gdp_pc_current_usd,usd,WDI,1423.92480215551
Cabo Verde,CPV,2017,gdp_pc_current_usd,usd,WDI,3893.09571382506
Costa Rica,CRI,2017,gdp_pc_current_usd,usd,WDI,12317.0902771322
Caribbean small states,CSS,2017,gdp_pc_current_usd,usd,WDI,13637.1207205804
Cuba,CUB,2017,gdp_pc_current_usd,usd,WDI,8610.60829531998
Curacao,CUW,2017,gdp_pc_current_usd,usd,WDI,18938.2440469703
Cayman Islands,CYM,2017,gdp_pc_current_usd,usd,WDI,80053.9444506891
Cyprus,CYP,2017,gdp_pc_current_usd,usd,WDI,26696.990234375
Czechia,CZE,2017,gdp_pc_current_usd,usd,WDI,20913.197632212
Germany,DEU,2017,gdp_pc_current_usd,usd,WDI,45526.5999576533
Djibouti,DJI,2017,gdp_pc_current_usd,usd,WDI,2618.95521147369
Dominica,DMA,2017,gdp_pc_current_usd,usd,WDI,8224.64896571414
Denmark,DNK,2017,gdp_pc_current_usd,usd,WDI,57521.5514992225
Dominican Republic,DOM,2017,gdp_pc_current_usd,usd,WDI,7412.71571571512
Algeria,DZA,2017,gdp_pc_current_usd,usd,WDI,4554.66753957828
East Asia & Pacific (excluding high income),EAP,2017,gdp_pc_current_usd,usd,WDI,7241.92533795167
Early-demographic dividend,EAR,2017,gdp_pc_current_usd,usd,WDI,3505.10621501561
East Asia & Pacific,EAS,2017,gdp_pc_current_usd,usd,WDI,10526.6771695761
Europe & Central Asia (excluding high income),ECA,2017,gdp_pc_current_usd,usd,WDI,6112.70276991575
Europe & Central Asia,ECS,2017,gdp_pc_current_usd,usd,WDI,23780.6167949133
Ecuador,ECU,2017,gdp_pc_current_usd,usd,WDI,6233.32244797718
"Egypt, Arab Rep.",EGY,2017,gdp_pc_current_usd,usd,WDI,2395.10333299491
Euro area,EMU,2017,gdp_pc_current_usd,usd,WDI,37237.5363554552
Spain,ESP,2017,gdp_pc_current_usd,usd,WDI,28381.3425596906
Estonia,EST,2017,gdp_pc_current_usd,usd,WDI,20851.5223496861
Ethiopia,ETH,2017,gdp_pc_current_usd,usd,WDI,745.632433925343
European Union,EUU,2017,gdp_pc_current_usd,usd,WDI,33391.9679020533
Fragile and conflict affected situations,FCS,2017,gdp_pc_current_usd,usd,WDI,1710.94051282318
Finland,FIN,2017,gdp_pc_current_usd,usd,WDI,46085.0174739036
Fiji,FJI,2017,gdp_pc_current_usd,usd,WDI,5826.84814459328
France,FRA,2017,gdp_pc_current_usd,usd,WDI,38687.1626407164
Faroe Islands,FRO,2017,gdp_pc_current_usd,usd,WDI,59387.353086482
"Micronesia, Fed. Sts.",FSM,2017,gdp_pc_current_usd,usd,WDI,3279.10779039285
Gabon,GAB,2017,gdp_pc_current_usd,usd,WDI,6921.73373135624
United Kingdom,GBR,2017,gdp_pc_current_usd,usd,WDI,40629.2340347345
Georgia,GEO,2017,gdp_pc_current_usd,usd,WDI,4418.75206546679
Ghana,GHA,2017,gdp_pc_current_usd,usd,WDI,2012.28662641265
Guinea,GIN,2017,gdp_pc_current_usd,usd,WDI,833.598621691121
"Gambia, The",GMB,2017,gdp_pc_current_usd,usd,WDI,642.522641296331
Guinea-Bissau,GNB,2017,gdp_pc_current_usd,usd,WDI,783.123186602022
Equatorial Guinea,GNQ,2017,gdp_pc_current_usd,usd,WDI,7809.10465655488
Greece,GRC,2017,gdp_pc_current_usd,usd,WDI,18631.9930129293
Grenada,GRD,2017,gdp_pc_current_usd,usd,WDI,9751.42661155932
Greenland,GRL,2017,gdp_pc_current_usd,usd,WDI,50765.7494665372
Guatemala,GTM,2017,gdp_pc_current_usd,usd,WDI,4324.99608157801
Guam,GUM,2017,gdp_pc_current_usd,usd,WDI,36779.0078903909
Guyana,GUY,2017,gdp_pc_current_usd,usd,WDI,6178.6650437298
High income,HIC,2017,gdp_pc_current_usd,usd,WDI,38782.9175406853
"Hong Kong SAR, China",HKG,2017,gdp_pc_current_usd,usd,WDI,46160.429791493
Honduras,HND,2017,gdp_pc_current_usd,usd,WDI,2413.0076562942
Heavily indebted poor countries (HIPC),HPC,2017,gdp_pc_current_usd,usd,WDI,939.745532135346
Croatia,HRV,2017,gdp_pc_current_usd,usd,WDI,13902.6310485422
Haiti,HTI,2017,gdp_pc_current_usd,usd,WDI,1395.23945184461
Hungary,HUN,2017,gdp_pc_current_usd,usd,WDI,14736.1668157258
IBRD only,IBD,2017,gdp_pc_current_usd,usd,WDI,6080.71326559023
IDA & IBRD total,IBT,2017,gdp_pc_current_usd,usd,WDI,4853.16565473343
IDA total,IDA,2017,gdp_pc_current_usd,usd,WDI,1358.71074719415
IDA blend,IDB,2017,gdp_pc_current_usd,usd,WDI,1804.57402176769
Indonesia,IDN,2017,gdp_pc_current_usd,usd,WDI,3798.88326174526
IDA only,IDX,2017,gdp_pc_current_usd,usd,WDI,1116.07416051941
Isle of Man,IMN,2017,gdp_pc_current_usd,usd,WDI,83481.3038489014
India,IND,2017,gdp_pc_current_usd,usd,WDI,1950.10468280866
Ireland,IRL,2017,gdp_pc_current_usd,usd,WDI,72198.1076995377
"Iran, Islamic Rep.",IRN,2017,gdp_pc_current_usd,usd,WDI,5753.11544659399
Iraq,IRQ,2017,gdp_pc_current_usd,usd,WDI,4759.2846435467
Iceland,ISL,2017,gdp_pc_current_usd,usd,WDI,72010.1490316258
Israel,ISR,2017,gdp_pc_current_usd,usd,WDI,41138.470964272
Italy,ITA,2017,gdp_pc_current_usd,usd,WDI,32844.115660604
Jamaica,JAM,2017,gdp_pc_current_usd,usd,WDI,5259.31332766957
Jordan,JOR,2017,gdp_pc_current_usd,usd,WDI,4065.61628749384
Japan,JPN,2017,gdp_pc_current_usd,usd,WDI,38834.0529341227
Kazakhstan,KAZ,2017,gdp_pc_current_usd,usd,WDI,8943.08416791984
Kenya,KEN,2017,gdp_pc_current_usd,usd,WDI,1667.48447230835
Kyrgyz Republic,KGZ,2017,gdp_pc_current_usd,usd,WDI,1221.39046807082
Cambodia,KHM,2017,gdp_pc_current_usd,usd,WDI,1826.35391688754
Kiribati,KIR,2017,gdp_pc_current_usd,usd,WDI,1853.05122713319
St. Kitts and Nevis,KNA,2017,gdp_pc_current_usd,usd,WDI,22464.9899633959
"Korea, Rep.",KOR,2017,gdp_pc_current_usd,usd,WDI,31600.7358741365
Kuwait,KWT,2017,gdp_pc_current_usd,usd,WDI,29047.6535822842
Latin America & Caribbean (excluding high income),LAC,2017,gdp_pc_current_usd,usd,WDI,8811.13555430764
Lao PDR,LAO,2017,gdp_pc_current_usd,usd,WDI,2432.43059478511
Lebanon,LBN,2017,gdp_pc_current_usd,usd,WDI,8608.21084982387
Liberia,LBR,2017,gdp_pc_current_usd,usd,WDI,699.269095727404
Libya,LBY,2017,gdp_pc_current_usd,usd,WDI,9965.83236729757
St. Lucia,LCA,2017,gdp_pc_current_usd,usd,WDI,11333.1123822102
Latin America & Caribbean,LCN,2017,gdp_pc_current_usd,usd,WDI,9308.69617088017
Least developed countries: UN classification,LDC,2017,gdp_pc_current_usd,usd,WDI,1030.33002221326
Low income,LIC,2017,gdp_pc_current_usd,usd,WDI,635.47544942083
Liechtenstein,LIE,2017,gdp_pc_current_usd,usd,WDI,170547.092298954
Sri Lanka,LKA,2017,gdp_pc_current_usd,usd,WDI,4398.88828068715
Lower middle income,LMC,2017,gdp_pc_current_usd,usd,WDI,2019.49853982875
Low & middle income,LMY,2017,gdp_pc_current_usd,usd,WDI,4607.31736311311
Lesotho,LSO,2017,gdp_pc_current_usd,usd,WDI,1069.36673247542
Late-demographic dividend,LTE,2017,gdp_pc_current_usd,usd,WDI,9131.37216704566
Lithuania,LTU,2017,gdp_pc_current_usd,usd,WDI,16800.1510246099
Luxembourg,LUX,2017,gdp_pc_current_usd,usd,WDI,110193.213797228
Latvia,LVA,2017,gdp_pc_current_usd,usd,WDI,15132.4958333982
"Macao SAR, China",MAC,2017,gdp_pc_current_usd,usd,WDI,77704.9215312666
Morocco,MAR,2017,gdp_pc_current_usd,usd,WDI,3296.52661132813
Monaco,MCO,2017,gdp_pc_current_usd,usd,WDI,170663.375247872
Moldova,MDA,2017,gdp_pc_current_usd,usd,WDI,3453.26727720294
Madagascar,MDG,2017,gdp_pc_current_usd,usd,WDI,491.866848718929
Maldives,MDV,2017,gdp_pc_current_usd,usd,WDI,10509.628805812
"Middle East, North Africa, Afghanistan & Pakistan",MEA,2017,gdp_pc_current_usd,usd,WDI,5232.29631554928
Mexico,MEX,2017,gdp_pc_current_usd,usd,WDI,9649.27816772402
Marshall Islands,MHL,2017,gdp_pc_current_usd,usd,WDI,4592.83457628576
Middle income,MIC,2017,gdp_pc_current_usd,usd,WDI,4973.53707967724
North Macedonia,MKD,2017,gdp_pc_current_usd,usd,WDI,5955.2973863451
Mali,MLI,2017,gdp_pc_current_usd,usd,WDI,924.057531692284
Malta,MLT,2017,gdp_pc_current_usd,usd,WDI,30317.2443357939
Myanmar,MMR,2017,gdp_pc_current_usd,usd,WDI,1272.82241830603
"Middle East, North Africa, Afghanistan & Pakistan (excluding high income)",MNA,2017,gdp_pc_current_usd,usd,WDI,2827.77247042523
Montenegro,MNE,2017,gdp_pc_current_usd,usd,WDI,7758.36921956034
Mongolia,MNG,2017,gdp_pc_current_usd,usd,WDI,3645.96708669551
Northern Mariana Islands,MNP,2017,gdp_pc_current_usd,usd,WDI,31225.6049960968
Mozambique,MOZ,2017,gdp_pc_current_usd,usd,WDI,470.93856305196
Mauritania,MRT,2017,gdp_pc_current_usd,usd,WDI,1615.00401327323
Mauritius,MUS,2017,gdp_pc_current_usd,usd,WDI,10841.6847754844
Malawi,MWI,2017,gdp_pc_current_usd,usd,WDI,495.769683367165
Malaysia,MYS,2017,gdp_pc_current_usd,usd,WDI,9862.54806612235
North America,NAC,2017,gdp_pc_current_usd,usd,WDI,58555.8897810427
Namibia,NAM,2017,gdp_pc_current_usd,usd,WDI,5143.96072323076
New Caledonia,NCL,2017,gdp_pc_current_usd,usd,WDI,32354.7102832901
Niger,NER,2017,gdp_pc_current_usd,usd,WDI,521.804130023434
Nigeria,NGA,2017,gdp_pc_current_usd,usd,WDI,1876.34027111773
Nicaragua,NIC,2017,gdp_pc_current_usd,usd,WDI,2182.61380995674
Netherlands,NLD,2017,gdp_pc_current_usd,usd,WDI,49513.6817346384
Norway,NOR,2017,gdp_pc_current_usd,usd,WDI,76131.8384032764
Nepal,NPL,2017,gdp_pc_current_usd,usd,WDI,1034.28374906846
Nauru,NRU,2017,gdp_pc_current_usd,usd,WDI,9613.41209082575
New Zealand,NZL,2017,gdp_pc_current_usd,usd,WDI,42950.3841711138
OECD members,OED,2017,gdp_pc_current_usd,usd,WDI,37617.8631046886
Oman,OMN,2017,gdp_pc_current_usd,usd,WDI,17820.0661809335
Other small states,OSS,2017,gdp_pc_current_usd,usd,WDI,11912.4763555956
Pakistan,PAK,2017,gdp_pc_current_usd,usd,WDI,1519.23459514248
Panama,PAN,2017,gdp_pc_current_usd,usd,WDI,15694.6297454295
Peru,PER,2017,gdp_pc_current_usd,usd,WDI,6736.16693725487
Philippines,PHL,2017,gdp_pc_current_usd,usd,WDI,3038.12124959289
Palau,PLW,2017,gdp_pc_current_usd,usd,WDI,16034.1342914889
Papua New Guinea,PNG,2017,gdp_pc_current_usd,usd,WDI,2477.76530986323
Poland,POL,2017,gdp_pc_current_usd,usd,WDI,13913.3415190124
Pre-demographic dividend,PRE,2017,gdp_pc_current_usd,usd,WDI,1327.75746285089
Puerto Rico (US),PRI,2017,gdp_pc_current_usd,usd,WDI,30328.4871132804
Portugal,PRT,2017,gdp_pc_current_usd,usd,WDI,21442.3842768879
Paraguay,PRY,2017,gdp_pc_current_usd,usd,WDI,6152.26711537703
West Bank and Gaza,PSE,2017,gdp_pc_current_usd,usd,WDI,3620.36048715937
Pacific island small states,PSS,2017,gdp_pc_current_usd,usd,WDI,4096.99353767088
Post-demographic dividend,PST,2017,gdp_pc_current_usd,usd,WDI,43134.0864740614
French Polynesia,PYF,2017,gdp_pc_current_usd,usd,WDI,20826.9312492172
Qatar,QAT,2017,gdp_pc_current_usd,usd,WDI,63279.8556949332
Romania,ROU,2017,gdp_pc_current_usd,usd,WDI,10727.9822007426
Russian Federation,RUS,2017,gdp_pc_current_usd,usd,WDI,10658.9130859375
Rwanda,RWA,2017,gdp_pc_current_usd,usd,WDI,758.300966737624
South Asia,SAS,2017,gdp_pc_current_usd,usd,WDI,1956.06707554186
Saudi Arabia,SAU,2017,gdp_pc_current_usd,usd,WDI,23929.2907135982
Sudan,SDN,2017,gdp_pc_current_usd,usd,WDI,966.505676269531
Senegal,SEN,2017,gdp_pc_current_usd,usd,WDI,1356.80518449031
Singapore,SGP,2017,gdp_pc_current_usd,usd,WDI,61236.251270627
Solomon Islands,SLB,2017,gdp_pc_current_usd,usd,WDI,2143.57465243959
Sierra Leone,SLE,2017,gdp_pc_current_usd,usd,WDI,779.186007841728
El Salvador,SLV,2017,gdp_pc_current_usd,usd,WDI,4020.12671373919
San Marino,SMR,2017,gdp_pc_current_usd,usd,WDI,45192.0279766943
Somalia,SOM,2017,gdp_pc_current_usd,usd,WDI,510.939952317726
Serbia,SRB,2017,gdp_pc_current_usd,usd,WDI,6548.03653824187
Sub-Saharan Africa (excluding high income),SSA,2017,gdp_pc_current_usd,usd,WDI,1630.62595897119
Sub-Saharan Africa,SSF,2017,gdp_pc_current_usd,usd,WDI,1542.24464874276
Small states,SST,2017,gdp_pc_current_usd,usd,WDI,11271.7930201063
Sao Tome and Principe,STP,2017,gdp_pc_current_usd,usd,WDI,1555.79477812888
Suriname,SUR,2017,gdp_pc_current_usd,usd,WDI,6049.52128553675
Slovak Republic,SVK,2017,gdp_pc_current_usd,usd,WDI,17645.5298716761
Slovenia,SVN,2017,gdp_pc_current_usd,usd,WDI,23303.077705959
Sweden,SWE,2017,gdp_pc_current_usd,usd,WDI,53300.8587281785
Eswatini,SWZ,2017,gdp_pc_current_usd,usd,WDI,3853.99147918102
Sint Maarten (Dutch part),SXM,2017,gdp_pc_current_usd,usd,WDI,34701.3058494468
Seychelles,SYC,2017,gdp_pc_current_usd,usd,WDI,17480.3651911372
Syrian Arab Republic,SYR,2017,gdp_pc_current_usd,usd,WDI,851.502005254153
Turks and Caicos Islands,TCA,2017,gdp_pc_current_usd,usd,WDI,25614.8372710646
Chad,TCD,2017,gdp_pc_current_usd,usd,WDI,854.46120040098
East Asia & Pacific (IDA & IBRD countries),TEA,2017,gdp_pc_current_usd,usd,WDI,7323.51023176133
Europe & Central Asia (IDA & IBRD countries),TEC,2017,gdp_pc_current_usd,usd,WDI,8560.70709859886
Togo,TGO,2017,gdp_pc_current_usd,usd,WDI,792.765487219069
Thailand,THA,2017,gdp_pc_current_usd,usd,WDI,6413.09182530343
Tajikistan,TJK,2017,gdp_pc_current_usd,usd,WDI,829.45714764957
Turkmenistan,TKM,2017,gdp_pc_current_usd,usd,WDI,5828.4816623489
Latin America & the Caribbean (IDA & IBRD countries),TLA,2017,gdp_pc_current_usd,usd,WDI,9163.64829375482
Timor-Leste,TLS,2017,gdp_pc_current_usd,usd,WDI,1266.17767952941
"Middle East, North Africa, Afghanistan & Pakistan (IDA & IBRD)",TMN,2017,gdp_pc_current_usd,usd,WDI,2822.35969144684
Tonga,TON,2017,gdp_pc_current_usd,usd,WDI,4365.92929788648
South Asia (IDA & IBRD),TSA,2017,gdp_pc_current_usd,usd,WDI,1956.06707554186
Sub-Saharan Africa (IDA & IBRD countries),TSS,2017,gdp_pc_current_usd,usd,WDI,1542.24464874276
Trinidad and Tobago,TTO,2017,gdp_pc_current_usd,usd,WDI,17578.6417765865
Tunisia,TUN,2017,gdp_pc_current_usd,usd,WDI,3619.03247319953
Turkiye,TUR,2017,gdp_pc_current_usd,usd,WDI,10695.550196231
Tuvalu,TUV,2017,gdp_pc_current_usd,usd,WDI,4165.66338700106
Tanzania,TZA,2017,gdp_pc_current_usd,usd,WDI,986.674011230469
Uganda,UGA,2017,gdp_pc_current_usd,usd,WDI,765.218332297361
Ukraine,UKR,2017,gdp_pc_current_usd,usd,WDI,2604.28759765625
Upper middle income,UMC,2017,gdp_pc_current_usd,usd,WDI,8053.63318157659
Uruguay,URY,2017,gdp_pc_current_usd,usd,WDI,19184.6502617082
United States,USA,2017,gdp_pc_current_usd,usd,WDI,60047.7190728307
Uzbekistan,UZB,2017,gdp_pc_current_usd,usd,WDI,2190.60411562888
St. Vincent and the Grenadines,VCT,2017,gdp_pc_current_usd,usd,WDI,7988.04445019298
Virgin Islands (U.S.),VIR,2017,gdp_pc_current_usd,usd,WDI,35365.0693039774
Viet Nam,VNM,2017,gdp_pc_current_usd,usd,WDI,2956.10992127753
Vanuatu,VUT,2017,gdp_pc_current_usd,usd,WDI,3159.86055790126
World,WLD,2017,gdp_pc_current_usd,usd,WDI,10765.2662233504
Samoa,WSM,2017,gdp_pc_current_usd,usd,WDI,4307.59381964907
Kosovo,XKX,2017,gdp_pc_current_usd,usd,WDI,4009.31799347588
"Yemen, Rep.",YEM,2017,gdp_pc_current_usd,usd,WDI,811.165970405745
South Africa,ZAF,2017,gdp_pc_current_usd,usd,WDI,6618.33508255701
Zambia,ZMB,2017,gdp_pc_current_usd,usd,WDI,1483.46577328065
Zimbabwe,ZWE,2017,gdp_pc_current_usd,usd,WDI,3448.08699068824
Aruba,ABW,2018,gdp_pc_current_usd,usd,WDI,30082.1276448186
Africa Eastern and Southern,AFE,2018,gdp_pc_current_usd,usd,WDI,1538.90167917284
Afghanistan,AFG,2018,gdp_pc_current_usd,usd,WDI,491.337221382603
Africa Western and Central,AFW,2018,gdp_pc_current_usd,usd,WDI,1720.14027955102
Angola,AGO,2018,gdp_pc_current_usd,usd,WDI,2538.59139143371
Albania,ALB,2018,gdp_pc_current_usd,usd,WDI,5365.48880180298
Andorra,AND,2018,gdp_pc_current_usd,usd,WDI,42819.7745797624
Arab World,ARB,2018,gdp_pc_current_usd,usd,WDI,6668.2167280195
United Arab Emirates,ARE,2018,gdp_pc_current_usd,usd,WDI,45689.8570049401
Argentina,ARG,2018,gdp_pc_current_usd,usd,WDI,11752.7998922979
Armenia,ARM,2018,gdp_pc_current_usd,usd,WDI,4196.00562301769
American Samoa,ASM,2018,gdp_pc_current_usd,usd,WDI,12552.0546868861
Antigua and Barbuda,ATG,2018,gdp_pc_current_usd,usd,WDI,18273.4270684912
Australia,AUS,2018,gdp_pc_current_usd,usd,WDI,57196.4220783778
Austria,AUT,2018,gdp_pc_current_usd,usd,WDI,51194.0749841299
Azerbaijan,AZE,2018,gdp_pc_current_usd,usd,WDI,4739.7943123408
Burundi,BDI,2018,gdp_pc_current_usd,usd,WDI,224.89939239264
Belgium,BEL,2018,gdp_pc_current_usd,usd,WDI,47487.2100392561
Benin,BEN,2018,gdp_pc_current_usd,usd,WDI,1151.7409703472
Burkina Faso,BFA,2018,gdp_pc_current_usd,usd,WDI,777.465618514048
Bangladesh,BGD,2018,gdp_pc_current_usd,usd,WDI,1965.24372731467
Bulgaria,BGR,2018,gdp_pc_current_usd,usd,WDI,9872.38507789106
Bahrain,BHR,2018,gdp_pc_current_usd,usd,WDI,26324.4066549559
"Bahamas, The",BHS,2018,gdp_pc_current_usd,usd,WDI,32642.3353203452
Bosnia and Herzegovina,BIH,2018,gdp_pc_current_usd,usd,WDI,6047.84584261133
Belarus,BLR,2018,gdp_pc_current_usd,usd,WDI,6360.037502312
Belize,BLZ,2018,gdp_pc_current_usd,usd,WDI,6031.28139580144
Bermuda,BMU,2018,gdp_pc_current_usd,usd,WDI,113204.82210838
Bolivia,BOL,2018,gdp_pc_current_usd,usd,WDI,3500.72642189887
Brazil,BRA,2018,gdp_pc_current_usd,usd,WDI,9300.66164923219
Barbados,BRB,2018,gdp_pc_current_usd,usd,WDI,20055.915870771
Brunei Darussalam,BRN,2018,gdp_pc_current_usd,usd,WDI,30988.1190497851
Bhutan,BTN,2018,gdp_pc_current_usd,usd,WDI,3400.20417245342
Botswana,BWA,2018,gdp_pc_current_usd,usd,WDI,7407.95940141786
Central African Republic,CAF,2018,gdp_pc_current_usd,usd,WDI,455.243962859534
Canada,CAN,2018,gdp_pc_current_usd,usd,WDI,46539.1761570405
Central Europe and the Baltics,CEB,2018,gdp_pc_current_usd,usd,WDI,16245.193864543
Switzerland,CHE,2018,gdp_pc_current_usd,usd,WDI,85217.3691512274
Channel Islands,CHI,2018,gdp_pc_current_usd,usd,WDI,60783.3529257544
Chile,CHL,2018,gdp_pc_current_usd,usd,WDI,15659.4808675628
China,CHN,2018,gdp_pc_current_usd,usd,WDI,10085.6638148819
Cote d'Ivoire,CIV,2018,gdp_pc_current_usd,usd,WDI,2130.86619381144
Cameroon,CMR,2018,gdp_pc_current_usd,usd,WDI,1610.69641591017
"Congo, Dem. Rep.",COD,2018,gdp_pc_current_usd,usd,WDI,528.256019777898
"Congo, Rep.",COG,2018,gdp_pc_current_usd,usd,WDI,2694.43413191427
Colombia,COL,2018,gdp_pc_current_usd,usd,WDI,6816.96818309544
Comoros,COM,2018,gdp_pc_current_usd,usd,WDI,1540.71132331975
Cabo Verde,CPV,2018,gdp_pc_current_usd,usd,WDI,4294.96510035729
Costa Rica,CRI,2018,gdp_pc_current_usd,usd,WDI,12590.2493781628
Caribbean small states,CSS,2018,gdp_pc_current_usd,usd,WDI,13815.3265154798
Cuba,CUB,2018,gdp_pc_current_usd,usd,WDI,8911.46205964193
Curacao,CUW,2018,gdp_pc_current_usd,usd,WDI,19119.1243941688
Cayman Islands,CYM,2018,gdp_pc_current_usd,usd,WDI,83865.5531568184
Cyprus,CYP,2018,gdp_pc_current_usd,usd,WDI,29599.986328125
Czechia,CZE,2018,gdp_pc_current_usd,usd,WDI,23705.9329811299
Germany,DEU,2018,gdp_pc_current_usd,usd,WDI,48874.8595028454
Djibouti,DJI,2018,gdp_pc_current_usd,usd,WDI,2718.08338799203
Dominica,DMA,2018,gdp_pc_current_usd,usd,WDI,9215.3085405645
Denmark,DNK,2018,gdp_pc_current_usd,usd,WDI,61324.7665045565
Dominican Republic,DOM,2018,gdp_pc_current_usd,usd,WDI,7882.98221584944
Algeria,DZA,2018,gdp_pc_current_usd,usd,WDI,4577.21029180491
East Asia & Pacific (excluding high income),EAP,2018,gdp_pc_current_usd,usd,WDI,8045.94448809301
Early-demographic dividend,EAR,2018,gdp_pc_current_usd,usd,WDI,3515.76621670583
East Asia & Pacific,EAS,2018,gdp_pc_current_usd,usd,WDI,11394.4809001741
Europe & Central Asia (excluding high income),ECA,2018,gdp_pc_current_usd,usd,WDI,5952.2500299061
Europe & Central Asia,ECS,2018,gdp_pc_current_usd,usd,WDI,25362.6758114579
Ecuador,ECU,2018,gdp_pc_current_usd,usd,WDI,6303.91886658338
"Egypt, Arab Rep.",EGY,2018,gdp_pc_current_usd,usd,WDI,2484.70315630508
Euro area,EMU,2018,gdp_pc_current_usd,usd,WDI,40096.712205156
Spain,ESP,2018,gdp_pc_current_usd,usd,WDI,30602.4212881113
Estonia,EST,2018,gdp_pc_current_usd,usd,WDI,23618.1361254581
Ethiopia,ETH,2018,gdp_pc_current_usd,usd,WDI,747.968003672674
European Union,EUU,2018,gdp_pc_current_usd,usd,WDI,36054.3954466385
Fragile and conflict affected situations,FCS,2018,gdp_pc_current_usd,usd,WDI,1828.22724414509
Finland,FIN,2018,gdp_pc_current_usd,usd,WDI,49654.2497035329
Fiji,FJI,2018,gdp_pc_current_usd,usd,WDI,6085.41979485376
France,FRA,2018,gdp_pc_current_usd,usd,WDI,41418.1766484844
Faroe Islands,FRO,2018,gdp_pc_current_usd,usd,WDI,62526.4908515743
"Micronesia, Fed. Sts.",FSM,2018,gdp_pc_current_usd,usd,WDI,3566.58690371125
Gabon,GAB,2018,gdp_pc_current_usd,usd,WDI,7624.2775233771
United Kingdom,GBR,2018,gdp_pc_current_usd,usd,WDI,43315.4874501318
Georgia,GEO,2018,gdp_pc_current_usd,usd,WDI,4804.0546040444
Ghana,GHA,2018,gdp_pc_current_usd,usd,WDI,2195.32166016377
Guinea,GIN,2018,gdp_pc_current_usd,usd,WDI,933.273615633705
"Gambia, The",GMB,2018,gdp_pc_current_usd,usd,WDI,696.219806960615
Guinea-Bissau,GNB,2018,gdp_pc_current_usd,usd,WDI,808.531613218504
Equatorial Guinea,GNQ,2018,gdp_pc_current_usd,usd,WDI,8102.47084834031
Greece,GRC,2018,gdp_pc_current_usd,usd,WDI,19873.4015238771
Grenada,GRD,2018,gdp_pc_current_usd,usd,WDI,10083.021279225
Greenland,GRL,2018,gdp_pc_current_usd,usd,WDI,54545.135857765
Guatemala,GTM,2018,gdp_pc_current_usd,usd,WDI,4352.94651790253
Guam,GUM,2018,gdp_pc_current_usd,usd,WDI,37195.9503070464
Guyana,GUY,2018,gdp_pc_current_usd,usd,WDI,6048.38697180418
High income,HIC,2018,gdp_pc_current_usd,usd,WDI,41079.7872699609
"Hong Kong SAR, China",HKG,2018,gdp_pc_current_usd,usd,WDI,48537.5668888343
Honduras,HND,2018,gdp_pc_current_usd,usd,WDI,2464.64241531918
Heavily indebted poor countries (HIPC),HPC,2018,gdp_pc_current_usd,usd,WDI,977.345900504428
Croatia,HRV,2018,gdp_pc_current_usd,usd,WDI,15460.4183295843
Haiti,HTI,2018,gdp_pc_current_usd,usd,WDI,1496.38048970156
Hungary,HUN,2018,gdp_pc_current_usd,usd,WDI,16605.0570511887
IBRD only,IBD,2018,gdp_pc_current_usd,usd,WDI,6429.48761275569
IDA & IBRD total,IBT,2018,gdp_pc_current_usd,usd,WDI,5111.82139451166
IDA total,IDA,2018,gdp_pc_current_usd,usd,WDI,1409.89867481954
IDA blend,IDB,2018,gdp_pc_current_usd,usd,WDI,1869.41970744766
Indonesia,IDN,2018,gdp_pc_current_usd,usd,WDI,3860.95353090726
IDA only,IDX,2018,gdp_pc_current_usd,usd,WDI,1160.50418891873
Isle of Man,IMN,2018,gdp_pc_current_usd,usd,WDI,89393.8244248812
India,IND,2018,gdp_pc_current_usd,usd,WDI,1966.25455171679
Ireland,IRL,2018,gdp_pc_current_usd,usd,WDI,80738.9628834696
"Iran, Islamic Rep.",IRN,2018,gdp_pc_current_usd,usd,WDI,4631.78709016514
Iraq,IRQ,2018,gdp_pc_current_usd,usd,WDI,5646.68932074742
Iceland,ISL,2018,gdp_pc_current_usd,usd,WDI,74452.1890731447
Israel,ISR,2018,gdp_pc_current_usd,usd,WDI,42362.6652754196
Italy,ITA,2018,gdp_pc_current_usd,usd,WDI,34904.1081923834
Jamaica,JAM,2018,gdp_pc_current_usd,usd,WDI,5578.10347525832
Jordan,JOR,2018,gdp_pc_current_usd,usd,WDI,4145.43989673265
Japan,JPN,2018,gdp_pc_current_usd,usd,WDI,39751.1330982711
Kazakhstan,KAZ,2018,gdp_pc_current_usd,usd,WDI,9472.48527327758
Kenya,KEN,2018,gdp_pc_current_usd,usd,WDI,1836.45275528993
Kyrgyz Republic,KGZ,2018,gdp_pc_current_usd,usd,WDI,1283.5203037417
Cambodia,KHM,2018,gdp_pc_current_usd,usd,WDI,2036.67377566578
Kiribati,KIR,2018,gdp_pc_current_usd,usd,WDI,1912.73809378187
St. Kitts and Nevis,KNA,2018,gdp_pc_current_usd,usd,WDI,22901.3816403197
"Korea, Rep.",KOR,2018,gdp_pc_current_usd,usd,WDI,33447.1562836166
Kuwait,KWT,2018,gdp_pc_current_usd,usd,WDI,32067.9623689512
Latin America & Caribbean (excluding high income),LAC,2018,gdp_pc_current_usd,usd,WDI,8468.20128438484
Lao PDR,LAO,2018,gdp_pc_current_usd,usd,WDI,2545.1075420815
Lebanon,LBN,2018,gdp_pc_current_usd,usd,WDI,9174.53666204759
Liberia,LBR,2018,gdp_pc_current_usd,usd,WDI,692.203127129794
Libya,LBY,2018,gdp_pc_current_usd,usd,WDI,11196.5854810844
St. Lucia,LCA,2018,gdp_pc_current_usd,usd,WDI,11642.6984727769
Latin America & Caribbean,LCN,2018,gdp_pc_current_usd,usd,WDI,9032.03848276062
Least developed countries: UN classification,LDC,2018,gdp_pc_current_usd,usd,WDI,1072.37486063383
Low income,LIC,2018,gdp_pc_current_usd,usd,WDI,647.163397218355
Liechtenstein,LIE,2018,gdp_pc_current_usd,usd,WDI,174988.775083446
Sri Lanka,LKA,2018,gdp_pc_current_usd,usd,WDI,4358.56095906047
Lower middle income,LMC,2018,gdp_pc_current_usd,usd,WDI,2078.75738872105
Low & middle income,LMY,2018,gdp_pc_current_usd,usd,WDI,4846.86334479652
Lesotho,LSO,2018,gdp_pc_current_usd,usd,WDI,1170.65569702819
Late-demographic dividend,LTE,2018,gdp_pc_current_usd,usd,WDI,9959.66551035411
Lithuania,LTU,2018,gdp_pc_current_usd,usd,WDI,19247.2315367967
Luxembourg,LUX,2018,gdp_pc_current_usd,usd,WDI,116926.759593905
Latvia,LVA,2018,gdp_pc_current_usd,usd,WDI,17252.1710428626
"Macao SAR, China",MAC,2018,gdp_pc_current_usd,usd,WDI,83761.8171798142
Morocco,MAR,2018,gdp_pc_current_usd,usd,WDI,3501.69799804688
Monaco,MCO,2018,gdp_pc_current_usd,usd,WDI,188298.315668437
Moldova,MDA,2018,gdp_pc_current_usd,usd,WDI,4156.44981956646
Madagascar,MDG,2018,gdp_pc_current_usd,usd,WDI,500.45718552916
Maldives,MDV,2018,gdp_pc_current_usd,usd,WDI,11423.2838427029
"Middle East, North Africa, Afghanistan & Pakistan",MEA,2018,gdp_pc_current_usd,usd,WDI,5509.55913785523
Mexico,MEX,2018,gdp_pc_current_usd,usd,WDI,10084.7937553679
Marshall Islands,MHL,2018,gdp_pc_current_usd,usd,WDI,4858.12079054875
Middle income,MIC,2018,gdp_pc_current_usd,usd,WDI,5240.73875711968
North Macedonia,MKD,2018,gdp_pc_current_usd,usd,WDI,6713.98925398989
Mali,MLI,2018,gdp_pc_current_usd,usd,WDI,996.379292136901
Malta,MLT,2018,gdp_pc_current_usd,usd,WDI,33382.2677502638
Myanmar,MMR,2018,gdp_pc_current_usd,usd,WDI,1298.21310320785
"Middle East, North Africa, Afghanistan & Pakistan (excluding high income)",MNA,2018,gdp_pc_current_usd,usd,WDI,2789.82637461637
Montenegro,MNE,2018,gdp_pc_current_usd,usd,WDI,8790.88152116679
Mongolia,MNG,2018,gdp_pc_current_usd,usd,WDI,4107.64288528468
Northern Mariana Islands,MNP,2018,gdp_pc_current_usd,usd,WDI,26509.3628379893
Mozambique,MOZ,2018,gdp_pc_current_usd,usd,WDI,517.507260258101
Mauritania,MRT,2018,gdp_pc_current_usd,usd,WDI,1722.93528854073
Mauritius,MUS,2018,gdp_pc_current_usd,usd,WDI,11643.4605962124
Malawi,MWI,2018,gdp_pc_current_usd,usd,WDI,533.203173686705
Malaysia,MYS,2018,gdp_pc_current_usd,usd,WDI,10901.8019954421
North America,NAC,2018,gdp_pc_current_usd,usd,WDI,61228.195827322
Namibia,NAM,2018,gdp_pc_current_usd,usd,WDI,5308.60813408705
New Caledonia,NCL,2018,gdp_pc_current_usd,usd,WDI,34902.8968780031
Niger,NER,2018,gdp_pc_current_usd,usd,WDI,578.568035680892
Nigeria,NGA,2018,gdp_pc_current_usd,usd,WDI,2057.87944554011
Nicaragua,NIC,2018,gdp_pc_current_usd,usd,WDI,2035.16549390507
Netherlands,NLD,2018,gdp_pc_current_usd,usd,WDI,53955.0770024266
Norway,NOR,2018,gdp_pc_current_usd,usd,WDI,82792.8427113304
Nepal,NPL,2018,gdp_pc_current_usd,usd,WDI,1179.19843190389
Nauru,NRU,2018,gdp_pc_current_usd,usd,WDI,11408.6947593898
New Zealand,NZL,2018,gdp_pc_current_usd,usd,WDI,43257.0769238879
OECD members,OED,2018,gdp_pc_current_usd,usd,WDI,39539.1861151287
Oman,OMN,2018,gdp_pc_current_usd,usd,WDI,19901.7615642016
Other small states,OSS,2018,gdp_pc_current_usd,usd,WDI,12980.3425379993
Pakistan,PAK,2018,gdp_pc_current_usd,usd,WDI,1569.33814626355
Panama,PAN,2018,gdp_pc_current_usd,usd,WDI,16151.3273478476
Peru,PER,2018,gdp_pc_current_usd,usd,WDI,6978.49121548627
Philippines,PHL,2018,gdp_pc_current_usd,usd,WDI,3168.51036609727
Palau,PLW,2018,gdp_pc_current_usd,usd,WDI,16197.7265072415
Papua New Guinea,PNG,2018,gdp_pc_current_usd,usd,WDI,2566.36833735041
Poland,POL,2018,gdp_pc_current_usd,usd,WDI,15658.210586693
Pre-demographic dividend,PRE,2018,gdp_pc_current_usd,usd,WDI,1439.93370870327
Puerto Rico (US),PRI,2018,gdp_pc_current_usd,usd,WDI,30679.9181934488
Portugal,PRT,2018,gdp_pc_current_usd,usd,WDI,23541.1401075289
Paraguay,PRY,2018,gdp_pc_current_usd,usd,WDI,6258.44991640954
West Bank and Gaza,PSE,2018,gdp_pc_current_usd,usd,WDI,3562.33094270256
Pacific island small states,PSS,2018,gdp_pc_current_usd,usd,WDI,4245.78362603826
Post-demographic dividend,PST,2018,gdp_pc_current_usd,usd,WDI,45528.3268108869
French Polynesia,PYF,2018,gdp_pc_current_usd,usd,WDI,21925.616043938
Qatar,QAT,2018,gdp_pc_current_usd,usd,WDI,71039.8490579352
Romania,ROU,2018,gdp_pc_current_usd,usd,WDI,12502.2624061935
Russian Federation,RUS,2018,gdp_pc_current_usd,usd,WDI,11211.8876953125
Rwanda,RWA,2018,gdp_pc_current_usd,usd,WDI,771.773511057901
South Asia,SAS,2018,gdp_pc_current_usd,usd,WDI,1988.3663331799
Saudi Arabia,SAU,2018,gdp_pc_current_usd,usd,WDI,29360.0658968566
Sudan,SDN,2018,gdp_pc_current_usd,usd,WDI,731.027465820313
Senegal,SEN,2018,gdp_pc_current_usd,usd,WDI,1452.55612562445
Singapore,SGP,2018,gdp_pc_current_usd,usd,WDI,66881.6067035265
Solomon Islands,SLB,2018,gdp_pc_current_usd,usd,WDI,2278.20633913383
Sierra Leone,SLE,2018,gdp_pc_current_usd,usd,WDI,845.914540460932
El Salvador,SLV,2018,gdp_pc_current_usd,usd,WDI,4183.54620971358
San Marino,SMR,2018,gdp_pc_current_usd,usd,WDI,47950.6880557136
Somalia,SOM,2018,gdp_pc_current_usd,usd,WDI,509.525801898508
Serbia,SRB,2018,gdp_pc_current_usd,usd,WDI,7559.86165747394
Sub-Saharan Africa (excluding high income),SSA,2018,gdp_pc_current_usd,usd,WDI,1708.80108637029
Sub-Saharan Africa,SSF,2018,gdp_pc_current_usd,usd,WDI,1612.7355316349
Small states,SST,2018,gdp_pc_current_usd,usd,WDI,12009.7862050813
Sao Tome and Principe,STP,2018,gdp_pc_current_usd,usd,WDI,1825.59971753966
Suriname,SUR,2018,gdp_pc_current_usd,usd,WDI,6665.74180472239
Slovak Republic,SVK,2018,gdp_pc_current_usd,usd,WDI,19573.3717031314
Slovenia,SVN,2018,gdp_pc_current_usd,usd,WDI,25888.0481065655
Sweden,SWE,2018,gdp_pc_current_usd,usd,WDI,54181.9069780904
Eswatini,SWZ,2018,gdp_pc_current_usd,usd,WDI,3973.46344933667
Sint Maarten (Dutch part),SXM,2018,gdp_pc_current_usd,usd,WDI,31708.3110124742
Seychelles,SYC,2018,gdp_pc_current_usd,usd,WDI,18440.2340460932
Syrian Arab Republic,SYR,2018,gdp_pc_current_usd,usd,WDI,1098.0668642357
Turks and Caicos Islands,TCA,2018,gdp_pc_current_usd,usd,WDI,31625.616593277
Chad,TCD,2018,gdp_pc_current_usd,usd,WDI,948.656629871231
East Asia & Pacific (IDA & IBRD countries),TEA,2018,gdp_pc_current_usd,usd,WDI,8136.36881824421
Europe & Central Asia (IDA & IBRD countries),TEC,2018,gdp_pc_current_usd,usd,WDI,8890.61596620106
Togo,TGO,2018,gdp_pc_current_usd,usd,WDI,851.130806891807
Thailand,THA,2018,gdp_pc_current_usd,usd,WDI,7099.77650081458
Tajikistan,TJK,2018,gdp_pc_current_usd,usd,WDI,834.288404578801
Turkmenistan,TKM,2018,gdp_pc_current_usd,usd,WDI,6125.05169712085
Latin America & the Caribbean (IDA & IBRD countries),TLA,2018,gdp_pc_current_usd,usd,WDI,8875.74361403055
Timor-Leste,TLS,2018,gdp_pc_current_usd,usd,WDI,1219.46599728983
"Middle East, North Africa, Afghanistan & Pakistan (IDA & IBRD)",TMN,2018,gdp_pc_current_usd,usd,WDI,2784.50967675137
Tonga,TON,2018,gdp_pc_current_usd,usd,WDI,4638.8978542585
South Asia (IDA & IBRD),TSA,2018,gdp_pc_current_usd,usd,WDI,1988.3663331799
Sub-Saharan Africa (IDA & IBRD countries),TSS,2018,gdp_pc_current_usd,usd,WDI,1612.7355316349
Trinidad and Tobago,TTO,2018,gdp_pc_current_usd,usd,WDI,17575.8042838042
Tunisia,TUN,2018,gdp_pc_current_usd,usd,WDI,3628.10366464236
Turkiye,TUR,2018,gdp_pc_current_usd,usd,WDI,9568.83506330228
Tuvalu,TUV,2018,gdp_pc_current_usd,usd,WDI,4466.12034928245
Tanzania,TZA,2018,gdp_pc_current_usd,usd,WDI,1023.10626220703
Uganda,UGA,2018,gdp_pc_current_usd,usd,WDI,792.16570022814
Ukraine,UKR,2018,gdp_pc_current_usd,usd,WDI,3059.0517578125
Upper middle income,UMC,2018,gdp_pc_current_usd,usd,WDI,8559.82716365995
Uruguay,URY,2018,gdp_pc_current_usd,usd,WDI,19249.9404677501
United States,USA,2018,gdp_pc_current_usd,usd,WDI,62875.6661382728
Uzbekistan,UZB,2018,gdp_pc_current_usd,usd,WDI,1813.08530813664
St. Vincent and the Grenadines,VCT,2018,gdp_pc_current_usd,usd,WDI,8428.12677153069
Virgin Islands (U.S.),VIR,2018,gdp_pc_current_usd,usd,WDI,36663.2087550584
Viet Nam,VNM,2018,gdp_pc_current_usd,usd,WDI,3222.31003125366
Vanuatu,VUT,2018,gdp_pc_current_usd,usd,WDI,3206.65748718811
World,WLD,2018,gdp_pc_current_usd,usd,WDI,11326.9339016063
Samoa,WSM,2018,gdp_pc_current_usd,usd,WDI,4231.81409469194
Kosovo,XKX,2018,gdp_pc_current_usd,usd,WDI,4384.18624084947
"Yemen, Rep.",YEM,2018,gdp_pc_current_usd,usd,WDI,633.887202450998
South Africa,ZAF,2018,gdp_pc_current_usd,usd,WDI,6914.1780318076
Zambia,ZMB,2018,gdp_pc_current_usd,usd,WDI,1463.89997855593
Zimbabwe,ZWE,2018,gdp_pc_current_usd,usd,WDI,2271.85250365817
Aruba,ABW,2019,gdp_pc_current_usd,usd,WDI,31096.2050738676
Africa Eastern and Southern,AFE,2019,gdp_pc_current_usd,usd,WDI,1493.81793829992
Afghanistan,AFG,2019,gdp_pc_current_usd,usd,WDI,496.6025042585
Africa Western and Central,AFW,2019,gdp_pc_current_usd,usd,WDI,1798.34068458315
Angola,AGO,2019,gdp_pc_current_usd,usd,WDI,2189.85571407618
Albania,ALB,2019,gdp_pc_current_usd,usd,WDI,5460.4305086932
Andorra,AND,2019,gdp_pc_current_usd,usd,WDI,41257.8045846483
Arab World,ARB,2019,gdp_pc_current_usd,usd,WDI,6638.48541455372
United Arab Emirates,ARE,2019,gdp_pc_current_usd,usd,WDI,44251.4541398817
Argentina,ARG,2019,gdp_pc_current_usd,usd,WDI,9955.97478680428
Armenia,ARM,2019,gdp_pc_current_usd,usd,WDI,4597.22887399548
American Samoa,ASM,2019,gdp_pc_current_usd,usd,WDI,12886.1359517218
Antigua and Barbuda,ATG,2019,gdp_pc_current_usd,usd,WDI,18896.3721832248
Australia,AUS,2019,gdp_pc_current_usd,usd,WDI,54972.7017885437
Austria,AUT,2019,gdp_pc_current_usd,usd,WDI,49885.9947355204
Azerbaijan,AZE,2019,gdp_pc_current_usd,usd,WDI,4805.75371765917
Burundi,BDI,2019,gdp_pc_current_usd,usd,WDI,210.236494521532
Belgium,BEL,2019,gdp_pc_current_usd,usd,WDI,46716.6227467964
Benin,BEN,2019,gdp_pc_current_usd,usd,WDI,1130.82135339795
Burkina Faso,BFA,2019,gdp_pc_current_usd,usd,WDI,764.853077774946
Bangladesh,BGD,2019,gdp_pc_current_usd,usd,WDI,2129.79896954606
Bulgaria,BGR,2019,gdp_pc_current_usd,usd,WDI,10372.8044341114
Bahrain,BHR,2019,gdp_pc_current_usd,usd,WDI,27259.7438599327
"Bahamas, The",BHS,2019,gdp_pc_current_usd,usd,WDI,33640.3369861278
Bosnia and Herzegovina,BIH,2019,gdp_pc_current_usd,usd,WDI,6122.3753450882
Belarus,BLR,2019,gdp_pc_current_usd,usd,WDI,6837.77339645635
Belize,BLZ,2019,gdp_pc_current_usd,usd,WDI,6190.04792278445
Bermuda,BMU,2019,gdp_pc_current_usd,usd,WDI,115798.040775578
Bolivia,BOL,2019,gdp_pc_current_usd,usd,WDI,3503.89601123129
Brazil,BRA,2019,gdp_pc_current_usd,usd,WDI,9029.83326681073
Barbados,BRB,2019,gdp_pc_current_usd,usd,WDI,20583.7265786414
Brunei Darussalam,BRN,2019,gdp_pc_current_usd,usd,WDI,30426.5730284202
Bhutan,BTN,2019,gdp_pc_current_usd,usd,WDI,3576.87987100503
Botswana,BWA,2019,gdp_pc_current_usd,usd,WDI,7172.08956480028
Central African Republic,CAF,2019,gdp_pc_current_usd,usd,WDI,449.228467602439
Canada,CAN,2019,gdp_pc_current_usd,usd,WDI,46352.8693445211
Central Europe and the Baltics,CEB,2019,gdp_pc_current_usd,usd,WDI,16551.8488917344
Switzerland,CHE,2019,gdp_pc_current_usd,usd,WDI,84121.9310304414
Channel Islands,CHI,2019,gdp_pc_current_usd,usd,WDI,60568.108347955
Chile,CHL,2019,gdp_pc_current_usd,usd,WDI,14495.716721687
China,CHN,2019,gdp_pc_current_usd,usd,WDI,10342.9009524335
Cote d'Ivoire,CIV,2019,gdp_pc_current_usd,usd,WDI,2141.76836170115
Cameroon,CMR,2019,gdp_pc_current_usd,usd,WDI,1555.22660476477
"Congo, Dem. Rep.",COD,2019,gdp_pc_current_usd,usd,WDI,557.044161335917
"Congo, Rep.",COG,2019,gdp_pc_current_usd,usd,WDI,2488.42466724916
Colombia,COL,2019,gdp_pc_current_usd,usd,WDI,6472.54544924705
Comoros,COM,2019,gdp_pc_current_usd,usd,WDI,1519.26386326167
Cabo Verde,CPV,2019,gdp_pc_current_usd,usd,WDI,4380.78117331128
Costa Rica,CRI,2019,gdp_pc_current_usd,usd,WDI,12884.6859951947
Caribbean small states,CSS,2019,gdp_pc_current_usd,usd,WDI,13938.2023201976
Cuba,CUB,2019,gdp_pc_current_usd,usd,WDI,9232.26115935183
Curacao,CUW,2019,gdp_pc_current_usd,usd,WDI,19220.6865793075
Cayman Islands,CYM,2019,gdp_pc_current_usd,usd,WDI,88254.2903677044
Cyprus,CYP,2019,gdp_pc_current_usd,usd,WDI,29703.052734375
Czechia,CZE,2019,gdp_pc_current_usd,usd,WDI,24062.7190013343
Germany,DEU,2019,gdp_pc_current_usd,usd,WDI,47623.8656074829
Djibouti,DJI,2019,gdp_pc_current_usd,usd,WDI,2837.16902340932
Dominica,DMA,2019,gdp_pc_current_usd,usd,WDI,9491.14995962374
Denmark,DNK,2019,gdp_pc_current_usd,usd,WDI,59404.2663247723
Dominican Republic,DOM,2019,gdp_pc_current_usd,usd,WDI,8183.01623600375
Algeria,DZA,2019,gdp_pc_current_usd,usd,WDI,4468.45341883656
East Asia & Pacific (excluding high income),EAP,2019,gdp_pc_current_usd,usd,WDI,8286.43967532333
Early-demographic dividend,EAR,2019,gdp_pc_current_usd,usd,WDI,3543.32390703605
East Asia & Pacific,EAS,2019,gdp_pc_current_usd,usd,WDI,11578.2748298091
Europe & Central Asia (excluding high income),ECA,2019,gdp_pc_current_usd,usd,WDI,6020.63670154835
Europe & Central Asia,ECS,2019,gdp_pc_current_usd,usd,WDI,24975.4166431436
Ecuador,ECU,2019,gdp_pc_current_usd,usd,WDI,6205.05765246766
"Egypt, Arab Rep.",EGY,2019,gdp_pc_current_usd,usd,WDI,2962.98892023003
Euro area,EMU,2019,gdp_pc_current_usd,usd,WDI,39212.5111497975
Spain,ESP,2019,gdp_pc_current_usd,usd,WDI,29786.5245689007
Estonia,EST,2019,gdp_pc_current_usd,usd,WDI,24021.2501413306
Ethiopia,ETH,2019,gdp_pc_current_usd,usd,WDI,828.709080522921
European Union,EUU,2019,gdp_pc_current_usd,usd,WDI,35374.6443827131
Fragile and conflict affected situations,FCS,2019,gdp_pc_current_usd,usd,WDI,1898.51220216848
Finland,FIN,2019,gdp_pc_current_usd,usd,WDI,48358.1807773701
Fiji,FJI,2019,gdp_pc_current_usd,usd,WDI,5950.82866866702
France,FRA,2019,gdp_pc_current_usd,usd,WDI,40408.2848574751
Faroe Islands,FRO,2019,gdp_pc_current_usd,usd,WDI,63067.0695697911
"Micronesia, Fed. Sts.",FSM,2019,gdp_pc_current_usd,usd,WDI,3572.65918282222
Gabon,GAB,2019,gdp_pc_current_usd,usd,WDI,7441.1786472281
United Kingdom,GBR,2019,gdp_pc_current_usd,usd,WDI,42794.0022648288
Georgia,GEO,2019,gdp_pc_current_usd,usd,WDI,4741.2832715876
Ghana,GHA,2019,gdp_pc_current_usd,usd,WDI,2186.65822682613
Guinea,GIN,2019,gdp_pc_current_usd,usd,WDI,1031.34146480732
"Gambia, The",GMB,2019,gdp_pc_current_usd,usd,WDI,738.186751987483
Guinea-Bissau,GNB,2019,gdp_pc_current_usd,usd,WDI,807.425524872835
Equatorial Guinea,GNQ,2019,gdp_pc_current_usd,usd,WDI,6804.14923073888
Greece,GRC,2019,gdp_pc_current_usd,usd,WDI,19335.3602002969
Grenada,GRD,2019,gdp_pc_current_usd,usd,WDI,10462.7929159533
Greenland,GRL,2019,gdp_pc_current_usd,usd,WDI,53309.2035905065
Guatemala,GTM,2019,gdp_pc_current_usd,usd,WDI,4511.99755157656
Guam,GUM,2019,gdp_pc_current_usd,usd,WDI,39274.9431424899
Guyana,GUY,2019,gdp_pc_current_usd,usd,WDI,6405.82443444562
High income,HIC,2019,gdp_pc_current_usd,usd,WDI,41351.4989053257
"Hong Kong SAR, China",HKG,2019,gdp_pc_current_usd,usd,WDI,48359.0011950597
Honduras,HND,2019,gdp_pc_current_usd,usd,WDI,2502.32744328073
Heavily indebted poor countries (HIPC),HPC,2019,gdp_pc_current_usd,usd,WDI,984.570661558162
Croatia,HRV,2019,gdp_pc_current_usd,usd,WDI,15563.8167397199
Haiti,HTI,2019,gdp_pc_current_usd,usd,WDI,1352.17204191532
Hungary,HUN,2019,gdp_pc_current_usd,usd,WDI,17012.8598553199
IBRD only,IBD,2019,gdp_pc_current_usd,usd,WDI,6517.95432240943
IDA & IBRD total,IBT,2019,gdp_pc_current_usd,usd,WDI,5169.58132257986
IDA total,IDA,2019,gdp_pc_current_usd,usd,WDI,1434.20463760134
IDA blend,IDB,2019,gdp_pc_current_usd,usd,WDI,1878.13375771486
Indonesia,IDN,2019,gdp_pc_current_usd,usd,WDI,4106.94856160358
IDA only,IDX,2019,gdp_pc_current_usd,usd,WDI,1194.07215693518
Isle of Man,IMN,2019,gdp_pc_current_usd,usd,WDI,87127.5517977404
India,IND,2019,gdp_pc_current_usd,usd,WDI,2041.42863698585
Ireland,IRL,2019,gdp_pc_current_usd,usd,WDI,81810.1926481407
"Iran, Islamic Rep.",IRN,2019,gdp_pc_current_usd,usd,WDI,3831.27894763337
Iraq,IRQ,2019,gdp_pc_current_usd,usd,WDI,5671.8568632942
Iceland,ISL,2019,gdp_pc_current_usd,usd,WDI,68452.23622306
Israel,ISR,2019,gdp_pc_current_usd,usd,WDI,44250.6313628073
Italy,ITA,2019,gdp_pc_current_usd,usd,WDI,33812.788724868
Jamaica,JAM,2019,gdp_pc_current_usd,usd,WDI,5607.24299266608
Jordan,JOR,2019,gdp_pc_current_usd,usd,WDI,4170.1144003465
Japan,JPN,2019,gdp_pc_current_usd,usd,WDI,40415.9567649547
Kazakhstan,KAZ,2019,gdp_pc_current_usd,usd,WDI,9457.12614657136
Kenya,KEN,2019,gdp_pc_current_usd,usd,WDI,1960.40808854893
Kyrgyz Republic,KGZ,2019,gdp_pc_current_usd,usd,WDI,1421.99927504102
Cambodia,KHM,2019,gdp_pc_current_usd,usd,WDI,2225.87705485686
Kiribati,KIR,2019,gdp_pc_current_usd,usd,WDI,1750.9977188915
St. Kitts and Nevis,KNA,2019,gdp_pc_current_usd,usd,WDI,23595.4923231291
"Korea, Rep.",KOR,2019,gdp_pc_current_usd,usd,WDI,31902.4169048194
Kuwait,KWT,2019,gdp_pc_current_usd,usd,WDI,31707.8737464917
Latin America & Caribbean (excluding high income),LAC,2019,gdp_pc_current_usd,usd,WDI,8266.47471229954
Lao PDR,LAO,2019,gdp_pc_current_usd,usd,WDI,2589.32081035237
Lebanon,LBN,2019,gdp_pc_current_usd,usd,WDI,8905.88005497437
Liberia,LBR,2019,gdp_pc_current_usd,usd,WDI,658.164180770507
Libya,LBY,2019,gdp_pc_current_usd,usd,WDI,9963.19489084483
St. Lucia,LCA,2019,gdp_pc_current_usd,usd,WDI,11794.0597229805
Latin America & Caribbean,LCN,2019,gdp_pc_current_usd,usd,WDI,8830.22782156102
Least developed countries: UN classification,LDC,2019,gdp_pc_current_usd,usd,WDI,1104.18633151052
Low income,LIC,2019,gdp_pc_current_usd,usd,WDI,654.940947912545
Liechtenstein,LIE,2019,gdp_pc_current_usd,usd,WDI,166907.839305016
Sri Lanka,LKA,2019,gdp_pc_current_usd,usd,WDI,4081.94772722003
Lower middle income,LMC,2019,gdp_pc_current_usd,usd,WDI,2153.95427108494
Low & middle income,LMY,2019,gdp_pc_current_usd,usd,WDI,4904.42291649614
Lesotho,LSO,2019,gdp_pc_current_usd,usd,WDI,1082.05706777516
Late-demographic dividend,LTE,2019,gdp_pc_current_usd,usd,WDI,10112.2012892771
Lithuania,LTU,2019,gdp_pc_current_usd,usd,WDI,19608.7943945553
Luxembourg,LUX,2019,gdp_pc_current_usd,usd,WDI,112696.649059674
Latvia,LVA,2019,gdp_pc_current_usd,usd,WDI,17294.9751600969
"Macao SAR, China",MAC,2019,gdp_pc_current_usd,usd,WDI,81967.699172769
St. Martin (French part),MAF,2019,gdp_pc_current_usd,usd,WDI,19033.0594854512
Morocco,MAR,2019,gdp_pc_current_usd,usd,WDI,3508.09765625
Monaco,MCO,2019,gdp_pc_current_usd,usd,WDI,193746.785647412
Moldova,MDA,2019,gdp_pc_current_usd,usd,WDI,4405.33418162155
Madagascar,MDG,2019,gdp_pc_current_usd,usd,WDI,499.818837622534
Maldives,MDV,2019,gdp_pc_current_usd,usd,WDI,11740.2724029785
"Middle East, North Africa, Afghanistan & Pakistan",MEA,2019,gdp_pc_current_usd,usd,WDI,5371.48987165166
Mexico,MEX,2019,gdp_pc_current_usd,usd,WDI,10369.5553585271
Marshall Islands,MHL,2019,gdp_pc_current_usd,usd,WDI,5292.33985502306
Middle income,MIC,2019,gdp_pc_current_usd,usd,WDI,5310.45350032976
North Macedonia,MKD,2019,gdp_pc_current_usd,usd,WDI,6718.85826635458
Mali,MLI,2019,gdp_pc_current_usd,usd,WDI,971.949318638092
Malta,MLT,2019,gdp_pc_current_usd,usd,WDI,32421.9179753188
Myanmar,MMR,2019,gdp_pc_current_usd,usd,WDI,1425.98954211903
"Middle East, North Africa, Afghanistan & Pakistan (excluding high income)",MNA,2019,gdp_pc_current_usd,usd,WDI,2674.37046083008
Montenegro,MNE,2019,gdp_pc_current_usd,usd,WDI,8842.48528706869
Mongolia,MNG,2019,gdp_pc_current_usd,usd,WDI,4347.54610314873
Northern Mariana Islands,MNP,2019,gdp_pc_current_usd,usd,WDI,24496.6652122421
Mozambique,MOZ,2019,gdp_pc_current_usd,usd,WDI,519.09255091362
Mauritania,MRT,2019,gdp_pc_current_usd,usd,WDI,1767.072710621
Mauritius,MUS,2019,gdp_pc_current_usd,usd,WDI,11403.2527870674
Malawi,MWI,2019,gdp_pc_current_usd,usd,WDI,580.889816066776
Malaysia,MYS,2019,gdp_pc_current_usd,usd,WDI,10920.191763972
North America,NAC,2019,gdp_pc_current_usd,usd,WDI,63306.7999807977
Namibia,NAM,2019,gdp_pc_current_usd,usd,WDI,4731.9210318831
New Caledonia,NCL,2019,gdp_pc_current_usd,usd,WDI,33411.3358835672
Niger,NER,2019,gdp_pc_current_usd,usd,WDI,561.691304349698
Nigeria,NGA,2019,gdp_pc_current_usd,usd,WDI,2265.15520863056
Nicaragua,NIC,2019,gdp_pc_current_usd,usd,WDI,1958.62051528095
Netherlands,NLD,2019,gdp_pc_current_usd,usd,WDI,53554.9007491475
Norway,NOR,2019,gdp_pc_current_usd,usd,WDI,76430.5889473338
Nepal,NPL,2019,gdp_pc_current_usd,usd,WDI,1203.14294706401
Nauru,NRU,2019,gdp_pc_current_usd,usd,WDI,10776.8284610316
New Zealand,NZL,2019,gdp_pc_current_usd,usd,WDI,42779.2298164101
OECD members,OED,2019,gdp_pc_current_usd,usd,WDI,39718.0136147565
Oman,OMN,2019,gdp_pc_current_usd,usd,WDI,19180.1864152801
Other small states,OSS,2019,gdp_pc_current_usd,usd,WDI,12871.1657622001
Pakistan,PAK,2019,gdp_pc_current_usd,usd,WDI,1390.41690981745
Panama,PAN,2019,gdp_pc_current_usd,usd,WDI,16477.9066285687
Peru,PER,2019,gdp_pc_current_usd,usd,WDI,7037.00803692604
Philippines,PHL,2019,gdp_pc_current_usd,usd,WDI,3400.78949767074
Palau,PLW,2019,gdp_pc_current_usd,usd,WDI,15841.1956399595
Papua New Guinea,PNG,2019,gdp_pc_current_usd,usd,WDI,2575.77274140393
Poland,POL,2019,gdp_pc_current_usd,usd,WDI,15874.5220531254
Pre-demographic dividend,PRE,2019,gdp_pc_current_usd,usd,WDI,1476.6218732969
Puerto Rico (US),PRI,2019,gdp_pc_current_usd,usd,WDI,31830.5284993358
Portugal,PRT,2019,gdp_pc_current_usd,usd,WDI,23343.3628970034
Paraguay,PRY,2019,gdp_pc_current_usd,usd,WDI,5821.18199548637
West Bank and Gaza,PSE,2019,gdp_pc_current_usd,usd,WDI,3656.85827137011
Pacific island small states,PSS,2019,gdp_pc_current_usd,usd,WDI,4170.32120953703
Post-demographic dividend,PST,2019,gdp_pc_current_usd,usd,WDI,45864.970468297
French Polynesia,PYF,2019,gdp_pc_current_usd,usd,WDI,21582.5892046801
Qatar,QAT,2019,gdp_pc_current_usd,usd,WDI,66841.3013484919
Romania,ROU,2019,gdp_pc_current_usd,usd,WDI,12992.0326104674
Russian Federation,RUS,2019,gdp_pc_current_usd,usd,WDI,11447.701171875
Rwanda,RWA,2019,gdp_pc_current_usd,usd,WDI,810.051412137354
South Asia,SAS,2019,gdp_pc_current_usd,usd,WDI,2067.05975687637
Saudi Arabia,SAU,2019,gdp_pc_current_usd,usd,WDI,29566.7933827436
Sudan,SDN,2019,gdp_pc_current_usd,usd,WDI,709.975280761719
Senegal,SEN,2019,gdp_pc_current_usd,usd,WDI,1431.18128932159
Singapore,SGP,2019,gdp_pc_current_usd,usd,WDI,65952.0378959293
Solomon Islands,SLB,2019,gdp_pc_current_usd,usd,WDI,2223.66502559565
Sierra Leone,SLE,2019,gdp_pc_current_usd,usd,WDI,844.049555179116
El Salvador,SLV,2019,gdp_pc_current_usd,usd,WDI,4320.11671534627
San Marino,SMR,2019,gdp_pc_current_usd,usd,WDI,46627.0122356944
Somalia,SOM,2019,gdp_pc_current_usd,usd,WDI,539.893931565407
Serbia,SRB,2019,gdp_pc_current_usd,usd,WDI,7755.632986437
Sub-Saharan Africa (excluding high income),SSA,2019,gdp_pc_current_usd,usd,WDI,1705.21463047615
Sub-Saharan Africa,SSF,2019,gdp_pc_current_usd,usd,WDI,1617.66888069241
Small states,SST,2019,gdp_pc_current_usd,usd,WDI,11958.5107041682
Sao Tome and Principe,STP,2019,gdp_pc_current_usd,usd,WDI,1935.2931816596
Suriname,SUR,2019,gdp_pc_current_usd,usd,WDI,6629.66775248603
Slovak Republic,SVK,2019,gdp_pc_current_usd,usd,WDI,19406.0589683582
Slovenia,SVN,2019,gdp_pc_current_usd,usd,WDI,25814.1687167572
Sweden,SWE,2019,gdp_pc_current_usd,usd,WDI,51773.0464558993
Eswatini,SWZ,2019,gdp_pc_current_usd,usd,WDI,3913.12643969301
Sint Maarten (Dutch part),SXM,2019,gdp_pc_current_usd,usd,WDI,34861.469528968
Seychelles,SYC,2019,gdp_pc_current_usd,usd,WDI,19141.5118743615
Syrian Arab Republic,SYR,2019,gdp_pc_current_usd,usd,WDI,1109.53926036049
Turks and Caicos Islands,TCA,2019,gdp_pc_current_usd,usd,WDI,31780.5217068989
Chad,TCD,2019,gdp_pc_current_usd,usd,WDI,893.336441643325
East Asia & Pacific (IDA & IBRD countries),TEA,2019,gdp_pc_current_usd,usd,WDI,8379.40686898285
Europe & Central Asia (IDA & IBRD countries),TEC,2019,gdp_pc_current_usd,usd,WDI,9034.43209100317
Togo,TGO,2019,gdp_pc_current_usd,usd,WDI,826.260654099894
Thailand,THA,2019,gdp_pc_current_usd,usd,WDI,7605.69657797759
Tajikistan,TJK,2019,gdp_pc_current_usd,usd,WDI,871.022372934846
Turkmenistan,TKM,2019,gdp_pc_current_usd,usd,WDI,6648.0348960628
Latin America & the Caribbean (IDA & IBRD countries),TLA,2019,gdp_pc_current_usd,usd,WDI,8654.9472124286
Timor-Leste,TLS,2019,gdp_pc_current_usd,usd,WDI,1562.36458068032
"Middle East, North Africa, Afghanistan & Pakistan (IDA & IBRD)",TMN,2019,gdp_pc_current_usd,usd,WDI,2667.55895258895
Tonga,TON,2019,gdp_pc_current_usd,usd,WDI,4676.84802517145
South Asia (IDA & IBRD),TSA,2019,gdp_pc_current_usd,usd,WDI,2067.05975687637
Sub-Saharan Africa (IDA & IBRD countries),TSS,2019,gdp_pc_current_usd,usd,WDI,1617.66888069241
Trinidad and Tobago,TTO,2019,gdp_pc_current_usd,usd,WDI,17293.4730123427
Tunisia,TUN,2019,gdp_pc_current_usd,usd,WDI,3528.87213306798
Turkiye,TUR,2019,gdp_pc_current_usd,usd,WDI,9215.44049888114
Tuvalu,TUV,2019,gdp_pc_current_usd,usd,WDI,5115.13075950206
Tanzania,TZA,2019,gdp_pc_current_usd,usd,WDI,1063.32250976563
Uganda,UGA,2019,gdp_pc_current_usd,usd,WDI,822.171150141651
Ukraine,UKR,2019,gdp_pc_current_usd,usd,WDI,3619.86157226563
Upper middle income,UMC,2019,gdp_pc_current_usd,usd,WDI,8647.39963930798
Uruguay,URY,2019,gdp_pc_current_usd,usd,WDI,18315.7316980028
United States,USA,2019,gdp_pc_current_usd,usd,WDI,65227.9565911038
Uzbekistan,UZB,2019,gdp_pc_current_usd,usd,WDI,2041.38480729431
St. Vincent and the Grenadines,VCT,2019,gdp_pc_current_usd,usd,WDI,8740.59425232061
Virgin Islands (U.S.),VIR,2019,gdp_pc_current_usd,usd,WDI,38633.5298915336
Viet Nam,VNM,2019,gdp_pc_current_usd,usd,WDI,3440.90025375434
Vanuatu,VUT,2019,gdp_pc_current_usd,usd,WDI,3207.44650452083
World,WLD,2019,gdp_pc_current_usd,usd,WDI,11376.8233409999
Samoa,WSM,2019,gdp_pc_current_usd,usd,WDI,4351.94234943706
Kosovo,XKX,2019,gdp_pc_current_usd,usd,WDI,4415.99716107514
"Yemen, Rep.",YEM,2019,gdp_pc_current_usd,usd,WDI,623.376168144679
South Africa,ZAF,2019,gdp_pc_current_usd,usd,WDI,6533.71121032856
Zambia,ZMB,2019,gdp_pc_current_usd,usd,WDI,1258.98619844462
Zimbabwe,ZWE,2019,gdp_pc_current_usd,usd,WDI,1683.91313584141
Africa Eastern and Southern,AFE,2010,health_pc_current_usd,usd,WDI,104.119647011763
Afghanistan,AFG,2010,health_pc_current_usd,usd,WDI,46.42438889
Africa Western and Central,AFW,2010,health_pc_current_usd,usd,WDI,59.6319871828387
Angola,AGO,2010,health_pc_current_usd,usd,WDI,96.95197296
Albania,ALB,2010,health_pc_current_usd,usd,WDI,253.98246765
Andorra,AND,2010,health_pc_current_usd,usd,WDI,3277.78515625
Arab World,ARB,2010,health_pc_current_usd,usd,WDI,234.421137079307
United Arab Emirates,ARE,2010,health_pc_current_usd,usd,WDI,1619.98864746
Argentina,ARG,2010,health_pc_current_usd,usd,WDI,975.65991211
Armenia,ARM,2010,health_pc_current_usd,usd,WDI,291.77758789
Antigua and Barbuda,ATG,2010,health_pc_current_usd,usd,WDI,724.08880615
Australia,AUS,2010,health_pc_current_usd,usd,WDI,4947.96337891
Austria,AUT,2010,health_pc_current_usd,usd,WDI,4800.79345703
Azerbaijan,AZE,2010,health_pc_current_usd,usd,WDI,153.0665741
Burundi,BDI,2010,health_pc_current_usd,usd,WDI,24.45114708
Belgium,BEL,2010,health_pc_current_usd,usd,WDI,4530.05810547
Benin,BEN,2010,health_pc_current_usd,usd,WDI,29.29358101
Burkina Faso,BFA,2010,health_pc_current_usd,usd,WDI,32.74515533
Bangladesh,BGD,2010,health_pc_current_usd,usd,WDI,20.62105751
Bulgaria,BGR,2010,health_pc_current_usd,usd,WDI,484.75228882
Bahrain,BHR,2010,health_pc_current_usd,usd,WDI,866.67224121
"Bahamas, The",BHS,2010,health_pc_current_usd,usd,WDI,1444.0065918
Bosnia and Herzegovina,BIH,2010,health_pc_current_usd,usd,WDI,406.13046265
Belarus,BLR,2010,health_pc_current_usd,usd,WDI,341.13800049
Belize,BLZ,2010,health_pc_current_usd,usd,WDI,244.02867126
Bolivia,BOL,2010,health_pc_current_usd,usd,WDI,100.39356232
Brazil,BRA,2010,health_pc_current_usd,usd,WDI,906.0098877
Barbados,BRB,2010,health_pc_current_usd,usd,WDI,1114.3729248
Brunei Darussalam,BRN,2010,health_pc_current_usd,usd,WDI,795.97766113
Bhutan,BTN,2010,health_pc_current_usd,usd,WDI,72.38789368
Botswana,BWA,2010,health_pc_current_usd,usd,WDI,389.55178833
Central African Republic,CAF,2010,health_pc_current_usd,usd,WDI,17.01008034
Canada,CAN,2010,health_pc_current_usd,usd,WDI,5062.48291016
Central Europe and the Baltics,CEB,2010,health_pc_current_usd,usd,WDI,869.153568201303
Switzerland,CHE,2010,health_pc_current_usd,usd,WDI,7695.68798828
Chile,CHL,2010,health_pc_current_usd,usd,WDI,861.72436523
China,CHN,2010,health_pc_current_usd,usd,WDI,188.87156677
Cote d'Ivoire,CIV,2010,health_pc_current_usd,usd,WDI,70.04605103
Cameroon,CMR,2010,health_pc_current_usd,usd,WDI,50.03335571
"Congo, Dem. Rep.",COD,2010,health_pc_current_usd,usd,WDI,12.1423111
"Congo, Rep.",COG,2010,health_pc_current_usd,usd,WDI,54.56225586
Colombia,COL,2010,health_pc_current_usd,usd,WDI,452.44281006
Comoros,COM,2010,health_pc_current_usd,usd,WDI,69.21523285
Cabo Verde,CPV,2010,health_pc_current_usd,usd,WDI,146.0806427
Costa Rica,CRI,2010,health_pc_current_usd,usd,WDI,663.69165039
Caribbean small states,CSS,2010,health_pc_current_usd,usd,WDI,627.801176596409
Cuba,CUB,2010,health_pc_current_usd,usd,WDI,608.5847168
Cyprus,CYP,2010,health_pc_current_usd,usd,WDI,2045.2923584
Czechia,CZE,2010,health_pc_current_usd,usd,WDI,1509.44726563
Germany,DEU,2010,health_pc_current_usd,usd,WDI,4611.421875
Djibouti,DJI,2010,health_pc_current_usd,usd,WDI,55.7044487
Dominica,DMA,2010,health_pc_current_usd,usd,WDI,369.75668335
Denmark,DNK,2010,health_pc_current_usd,usd,WDI,6171.28515625
Dominican Republic,DOM,2010,health_pc_current_usd,usd,WDI,270.03961182
Algeria,DZA,2010,health_pc_current_usd,usd,WDI,227.95396423
East Asia & Pacific (excluding high income),EAP,2010,health_pc_current_usd,usd,WDI,160.376238979613
Early-demographic dividend,EAR,2010,health_pc_current_usd,usd,WDI,137.290448522307
East Asia & Pacific,EAS,2010,health_pc_current_usd,usd,WDI,479.630422183346
Europe & Central Asia (excluding high income),ECA,2010,health_pc_current_usd,usd,WDI,310.317058305949
Europe & Central Asia,ECS,2010,health_pc_current_usd,usd,WDI,2185.47205451778
Ecuador,ECU,2010,health_pc_current_usd,usd,WDI,287.00466919
"Egypt, Arab Rep.",EGY,2010,health_pc_current_usd,usd,WDI,105.07817841
Euro area,EMU,2010,health_pc_current_usd,usd,WDI,3813.83661794386
Eritrea,ERI,2010,health_pc_current_usd,usd,WDI,26.00652122
Spain,ESP,2010,health_pc_current_usd,usd,WDI,2789.63720703
Estonia,EST,2010,health_pc_current_usd,usd,WDI,966.19024658
Ethiopia,ETH,2010,health_pc_current_usd,usd,WDI,16.17102051
European Union,EUU,2010,health_pc_current_usd,usd,WDI,3270.27907261743
Fragile and conflict affected situations,FCS,2010,health_pc_current_usd,usd,WDI,66.6545591503021
Finland,FIN,2010,health_pc_current_usd,usd,WDI,4251.52880859
Fiji,FJI,2010,health_pc_current_usd,usd,WDI,127.65603638
France,FRA,2010,health_pc_current_usd,usd,WDI,4592.38330078
"Micronesia, Fed. Sts.",FSM,2010,health_pc_current_usd,usd,WDI,581.45568848
Gabon,GAB,2010,health_pc_current_usd,usd,WDI,206.87702942
United Kingdom,GBR,2010,health_pc_current_usd,usd,WDI,3892.38012695
Georgia,GEO,2010,health_pc_current_usd,usd,WDI,285.15029907
Ghana,GHA,2010,health_pc_current_usd,usd,WDI,80.57714844
Guinea,GIN,2010,health_pc_current_usd,usd,WDI,22.59741783
"Gambia, The",GMB,2010,health_pc_current_usd,usd,WDI,32.99832535
Guinea-Bissau,GNB,2010,health_pc_current_usd,usd,WDI,31.61246872
Equatorial Guinea,GNQ,2010,health_pc_current_usd,usd,WDI,222.45153809
Greece,GRC,2010,health_pc_current_usd,usd,WDI,2564.36938477
Grenada,GRD,2010,health_pc_current_usd,usd,WDI,374.46508789
Guatemala,GTM,2010,health_pc_current_usd,usd,WDI,175.31318665
Guyana,GUY,2010,health_pc_current_usd,usd,WDI,162.70393372
High income,HIC,2010,health_pc_current_usd,usd,WDI,4077.90956473735
Honduras,HND,2010,health_pc_current_usd,usd,WDI,165.19970703
Heavily indebted poor countries (HIPC),HPC,2010,health_pc_current_usd,usd,WDI,40.5644466917274
Croatia,HRV,2010,health_pc_current_usd,usd,WDI,1126.37365723
Haiti,HTI,2010,health_pc_current_usd,usd,WDI,55.73518753
Hungary,HUN,2010,health_pc_current_usd,usd,WDI,983.11083984
IBRD only,IBD,2010,health_pc_current_usd,usd,WDI,230.024925039917
IDA & IBRD total,IBT,2010,health_pc_current_usd,usd,WDI,184.751341637748
IDA total,IDA,2010,health_pc_current_usd,usd,WDI,43.8512274229119
IDA blend,IDB,2010,health_pc_current_usd,usd,WDI,53.9348880926712
Indonesia,IDN,2010,health_pc_current_usd,usd,WDI,85.55950165
IDA only,IDX,2010,health_pc_current_usd,usd,WDI,38.2032224575246
India,IND,2010,health_pc_current_usd,usd,WDI,44.79586029
Ireland,IRL,2010,health_pc_current_usd,usd,WDI,5133.45507813
"Iran, Islamic Rep.",IRN,2010,health_pc_current_usd,usd,WDI,424.60494995
Iraq,IRQ,2010,health_pc_current_usd,usd,WDI,144.54083252
Iceland,ISL,2010,health_pc_current_usd,usd,WDI,3614.03833008
Israel,ISR,2010,health_pc_current_usd,usd,WDI,2237.90795898
Italy,ITA,2010,health_pc_current_usd,usd,WDI,3217.68286133
Jamaica,JAM,2010,health_pc_current_usd,usd,WDI,254.69741821
Jordan,JOR,2010,health_pc_current_usd,usd,WDI,303.8081665
Japan,JPN,2010,health_pc_current_usd,usd,WDI,4071.80200195
Kazakhstan,KAZ,2010,health_pc_current_usd,usd,WDI,240.6149292
Kenya,KEN,2010,health_pc_current_usd,usd,WDI,58.8164711
Kyrgyz Republic,KGZ,2010,health_pc_current_usd,usd,WDI,60.67642975
Cambodia,KHM,2010,health_pc_current_usd,usd,WDI,53.58575439
Kiribati,KIR,2010,health_pc_current_usd,usd,WDI,133.15927124
St. Kitts and Nevis,KNA,2010,health_pc_current_usd,usd,WDI,866.84997559
"Korea, Rep.",KOR,2010,health_pc_current_usd,usd,WDI,1413.15209961
Kuwait,KWT,2010,health_pc_current_usd,usd,WDI,1050.41589355
Latin America & Caribbean (excluding high income),LAC,2010,health_pc_current_usd,usd,WDI,627.098334614997
Lao PDR,LAO,2010,health_pc_current_usd,usd,WDI,34.52460861
Lebanon,LBN,2010,health_pc_current_usd,usd,WDI,567.25506592
Liberia,LBR,2010,health_pc_current_usd,usd,WDI,50.15371704
Libya,LBY,2010,health_pc_current_usd,usd,WDI,380.58596802
St. Lucia,LCA,2010,health_pc_current_usd,usd,WDI,438.23928833
Latin America & Caribbean,LCN,2010,health_pc_current_usd,usd,WDI,637.689185643779
Least developed countries: UN classification,LDC,2010,health_pc_current_usd,usd,WDI,32.9767888950107
Low income,LIC,2010,health_pc_current_usd,usd,WDI,39.4161663493013
Sri Lanka,LKA,2010,health_pc_current_usd,usd,WDI,105.07371521
Lower middle income,LMC,2010,health_pc_current_usd,usd,WDI,56.4483743085126
Low & middle income,LMY,2010,health_pc_current_usd,usd,WDI,168.528897044172
Lesotho,LSO,2010,health_pc_current_usd,usd,WDI,88.61594391
Late-demographic dividend,LTE,2010,health_pc_current_usd,usd,WDI,327.029793583584
Lithuania,LTU,2010,health_pc_current_usd,usd,WDI,805.2244873
Luxembourg,LUX,2010,health_pc_current_usd,usd,WDI,7459.83544922
Latvia,LVA,2010,health_pc_current_usd,usd,WDI,689.07720947
Morocco,MAR,2010,health_pc_current_usd,usd,WDI,168.36595154
Monaco,MCO,2010,health_pc_current_usd,usd,WDI,8016.66992188
Moldova,MDA,2010,health_pc_current_usd,usd,WDI,198.28894043
Madagascar,MDG,2010,health_pc_current_usd,usd,WDI,21.13975906
Maldives,MDV,2010,health_pc_current_usd,usd,WDI,608.87176514
"Middle East, North Africa, Afghanistan & Pakistan",MEA,2010,health_pc_current_usd,usd,WDI,218.022891380495
Mexico,MEX,2010,health_pc_current_usd,usd,WDI,534.08520508
Marshall Islands,MHL,2010,health_pc_current_usd,usd,WDI,548.59899902
Middle income,MIC,2010,health_pc_current_usd,usd,WDI,178.172533929534
North Macedonia,MKD,2010,health_pc_current_usd,usd,WDI,308.09429932
Mali,MLI,2010,health_pc_current_usd,usd,WDI,31.36423492
Malta,MLT,2010,health_pc_current_usd,usd,WDI,1733.66882324
Myanmar,MMR,2010,health_pc_current_usd,usd,WDI,20.23270416
"Middle East, North Africa, Afghanistan & Pakistan (excluding high income)",MNA,2010,health_pc_current_usd,usd,WDI,140.405263697553
Mongolia,MNG,2010,health_pc_current_usd,usd,WDI,99.50933838
Mozambique,MOZ,2010,health_pc_current_usd,usd,WDI,26.26061249
Mauritania,MRT,2010,health_pc_current_usd,usd,WDI,43.759655
Mauritius,MUS,2010,health_pc_current_usd,usd,WDI,357.17382813
Malawi,MWI,2010,health_pc_current_usd,usd,WDI,33.99176025
Malaysia,MYS,2010,health_pc_current_usd,usd,WDI,285.64263916
North America,NAC,2010,health_pc_current_usd,usd,WDI,7561.41361152442
Namibia,NAM,2010,health_pc_current_usd,usd,WDI,519.55053711
Niger,NER,2010,health_pc_current_usd,usd,WDI,23.7641449
Nigeria,NGA,2010,health_pc_current_usd,usd,WDI,73.008255
Nicaragua,NIC,2010,health_pc_current_usd,usd,WDI,117.70147705
Netherlands,NLD,2010,health_pc_current_usd,usd,WDI,5191.69384766
Norway,NOR,2010,health_pc_current_usd,usd,WDI,7859.51611328
Nepal,NPL,2010,health_pc_current_usd,usd,WDI,29.62231827
Nauru,NRU,2010,health_pc_current_usd,usd,WDI,626.21124268
New Zealand,NZL,2010,health_pc_current_usd,usd,WDI,3232.71362305
OECD members,OED,2010,health_pc_current_usd,usd,WDI,4049.37253161058
Oman,OMN,2010,health_pc_current_usd,usd,WDI,583.57073975
Other small states,OSS,2010,health_pc_current_usd,usd,WDI,694.520333531575
Pakistan,PAK,2010,health_pc_current_usd,usd,WDI,23.62846184
Panama,PAN,2010,health_pc_current_usd,usd,WDI,607.42242432
Peru,PER,2010,health_pc_current_usd,usd,WDI,241.43280029
Philippines,PHL,2010,health_pc_current_usd,usd,WDI,89.35166931
Palau,PLW,2010,health_pc_current_usd,usd,WDI,1093.30786133
Papua New Guinea,PNG,2010,health_pc_current_usd,usd,WDI,39.3453064
Poland,POL,2010,health_pc_current_usd,usd,WDI,809.19940186
Pre-demographic dividend,PRE,2010,health_pc_current_usd,usd,WDI,53.866595240341
Portugal,PRT,2010,health_pc_current_usd,usd,WDI,2259.30371094
Paraguay,PRY,2010,health_pc_current_usd,usd,WDI,258.43127441
West Bank and Gaza,PSE,2010,health_pc_current_usd,usd,WDI,219.44699097
Pacific island small states,PSS,2010,health_pc_current_usd,usd,WDI,161.592821801826
Post-demographic dividend,PST,2010,health_pc_current_usd,usd,WDI,4728.34941882334
Qatar,QAT,2010,health_pc_current_usd,usd,WDI,1309.79272461
Romania,ROU,2010,health_pc_current_usd,usd,WDI,472.20751953
Russian Federation,RUS,2010,health_pc_current_usd,usd,WDI,564.30065918
Rwanda,RWA,2010,health_pc_current_usd,usd,WDI,47.96915817
South Asia,SAS,2010,health_pc_current_usd,usd,WDI,42.9875789328061
Saudi Arabia,SAU,2010,health_pc_current_usd,usd,WDI,765.91680908
Sudan,SDN,2010,health_pc_current_usd,usd,WDI,73.60456848
Senegal,SEN,2010,health_pc_current_usd,usd,WDI,51.38805008
Singapore,SGP,2010,health_pc_current_usd,usd,WDI,1510.66784668
Solomon Islands,SLB,2010,health_pc_current_usd,usd,WDI,74.11127472
Sierra Leone,SLE,2010,health_pc_current_usd,usd,WDI,37.81203461
El Salvador,SLV,2010,health_pc_current_usd,usd,WDI,270.69418335
San Marino,SMR,2010,health_pc_current_usd,usd,WDI,3813.88354492
Serbia,SRB,2010,health_pc_current_usd,usd,WDI,545.33380127
Sub-Saharan Africa (excluding high income),SSA,2010,health_pc_current_usd,usd,WDI,93.5236080208441
Sub-Saharan Africa,SSF,2010,health_pc_current_usd,usd,WDI,85.5448683897542
Small states,SST,2010,health_pc_current_usd,usd,WDI,606.141868355552
Sao Tome and Principe,STP,2010,health_pc_current_usd,usd,WDI,60.94829941
Suriname,SUR,2010,health_pc_current_usd,usd,WDI,399.59710693
Slovak Republic,SVK,2010,health_pc_current_usd,usd,WDI,1296.54284668
Slovenia,SVN,2010,health_pc_current_usd,usd,WDI,2017.14660645
Sweden,SWE,2010,health_pc_current_usd,usd,WDI,4416.14550781
Eswatini,SWZ,2010,health_pc_current_usd,usd,WDI,343.04284668
Seychelles,SYC,2010,health_pc_current_usd,usd,WDI,546.56799316
Syrian Arab Republic,SYR,2010,health_pc_current_usd,usd,WDI,88.11807251
Chad,TCD,2010,health_pc_current_usd,usd,WDI,35.26005936
East Asia & Pacific (IDA & IBRD countries),TEA,2010,health_pc_current_usd,usd,WDI,160.387447080418
Europe & Central Asia (IDA & IBRD countries),TEC,2010,health_pc_current_usd,usd,WDI,454.084035226407
Togo,TGO,2010,health_pc_current_usd,usd,WDI,30.54597664
Thailand,THA,2010,health_pc_current_usd,usd,WDI,168.61891174
Tajikistan,TJK,2010,health_pc_current_usd,usd,WDI,42.28567886
Turkmenistan,TKM,2010,health_pc_current_usd,usd,WDI,202.7792511
Latin America & the Caribbean (IDA & IBRD countries),TLA,2010,health_pc_current_usd,usd,WDI,637.749039497058
Timor-Leste,TLS,2010,health_pc_current_usd,usd,WDI,52.6151619
"Middle East, North Africa, Afghanistan & Pakistan (IDA & IBRD)",TMN,2010,health_pc_current_usd,usd,WDI,139.883542023692
Tonga,TON,2010,health_pc_current_usd,usd,WDI,166.58139038
South Asia (IDA & IBRD),TSA,2010,health_pc_current_usd,usd,WDI,42.9875789328061
Sub-Saharan Africa (IDA & IBRD countries),TSS,2010,health_pc_current_usd,usd,WDI,85.5448683897541
Trinidad and Tobago,TTO,2010,health_pc_current_usd,usd,WDI,825.16088867
Tunisia,TUN,2010,health_pc_current_usd,usd,WDI,240.75447083
Turkiye,TUR,2010,health_pc_current_usd,usd,WDI,531.82861328
Tuvalu,TUV,2010,health_pc_current_usd,usd,WDI,465.0112915
Tanzania,TZA,2010,health_pc_current_usd,usd,WDI,37.18493271
Uganda,UGA,2010,health_pc_current_usd,usd,WDI,51.88574982
Ukraine,UKR,2010,health_pc_current_usd,usd,WDI,199.49559021
Upper middle income,UMC,2010,health_pc_current_usd,usd,WDI,298.911728891751
Uruguay,URY,2010,health_pc_current_usd,usd,WDI,1043.26000977
United States,USA,2010,health_pc_current_usd,usd,WDI,7836.08837891
Uzbekistan,UZB,2010,health_pc_current_usd,usd,WDI,92.87456512
St. Vincent and the Grenadines,VCT,2010,health_pc_current_usd,usd,WDI,281.91867065
Viet Nam,VNM,2010,health_pc_current_usd,usd,WDI,85.36088562
Vanuatu,VUT,2010,health_pc_current_usd,usd,WDI,99.27953339
World,WLD,2010,health_pc_current_usd,usd,WDI,900.176901679927
Samoa,WSM,2010,health_pc_current_usd,usd,WDI,185.43850708
"Yemen, Rep.",YEM,2010,health_pc_current_usd,usd,WDI,59.60072327
South Africa,ZAF,2010,health_pc_current_usd,usd,WDI,621.41906738
Zambia,ZMB,2010,health_pc_current_usd,usd,WDI,57.67263412
Zimbabwe,ZWE,2010,health_pc_current_usd,usd,WDI,94.44809723
Africa Eastern and Southern,AFE,2011,health_pc_current_usd,usd,WDI,112.278381664917
Afghanistan,AFG,2011,health_pc_current_usd,usd,WDI,52.18721771
Africa Western and Central,AFW,2011,health_pc_current_usd,usd,WDI,65.3671500691137
Angola,AGO,2011,health_pc_current_usd,usd,WDI,122.11888123
Albania,ALB,2011,health_pc_current_usd,usd,WDI,273.75292969
Andorra,AND,2011,health_pc_current_usd,usd,WDI,3550.90820313
Arab World,ARB,2011,health_pc_current_usd,usd,WDI,266.617777001431
United Arab Emirates,ARE,2011,health_pc_current_usd,usd,WDI,1787.59997559
Argentina,ARG,2011,health_pc_current_usd,usd,WDI,1196.51464844
Armenia,ARM,2011,health_pc_current_usd,usd,WDI,325.29086304
Antigua and Barbuda,ATG,2011,health_pc_current_usd,usd,WDI,717.28186035
Australia,AUS,2011,health_pc_current_usd,usd,WDI,5876.88525391
Austria,AUT,2011,health_pc_current_usd,usd,WDI,5167.81787109
Azerbaijan,AZE,2011,health_pc_current_usd,usd,WDI,184.93493652
Burundi,BDI,2011,health_pc_current_usd,usd,WDI,23.16802216
Belgium,BEL,2011,health_pc_current_usd,usd,WDI,4929.19873047
Benin,BEN,2011,health_pc_current_usd,usd,WDI,31.75146866
Burkina Faso,BFA,2011,health_pc_current_usd,usd,WDI,33.70409393
Bangladesh,BGD,2011,health_pc_current_usd,usd,WDI,22.77348328
Bulgaria,BGR,2011,health_pc_current_usd,usd,WDI,555.86419678
Bahrain,BHR,2011,health_pc_current_usd,usd,WDI,921.72064209
"Bahamas, The",BHS,2011,health_pc_current_usd,usd,WDI,1442.24768066
Bosnia and Herzegovina,BIH,2011,health_pc_current_usd,usd,WDI,456.96905518
Belarus,BLR,2011,health_pc_current_usd,usd,WDI,317.82492065
Belize,BLZ,2011,health_pc_current_usd,usd,WDI,252.73461914
Bolivia,BOL,2011,health_pc_current_usd,usd,WDI,119.78379059
Brazil,BRA,2011,health_pc_current_usd,usd,WDI,1043.3548584
Barbados,BRB,2011,health_pc_current_usd,usd,WDI,1163.2668457
Brunei Darussalam,BRN,2011,health_pc_current_usd,usd,WDI,864.63787842
Bhutan,BTN,2011,health_pc_current_usd,usd,WDI,77.75431824
Botswana,BWA,2011,health_pc_current_usd,usd,WDI,427.70709229
Central African Republic,CAF,2011,health_pc_current_usd,usd,WDI,19.62990761
Canada,CAN,2011,health_pc_current_usd,usd,WDI,5401.61523438
Central Europe and the Baltics,CEB,2011,health_pc_current_usd,usd,WDI,920.610840001348
Switzerland,CHE,2011,health_pc_current_usd,usd,WDI,9204.87792969
Chile,CHL,2011,health_pc_current_usd,usd,WDI,984.4486084
China,CHN,2011,health_pc_current_usd,usd,WDI,239.19824219
Cote d'Ivoire,CIV,2011,health_pc_current_usd,usd,WDI,67.97618103
Cameroon,CMR,2011,health_pc_current_usd,usd,WDI,58.33031845
"Congo, Dem. Rep.",COD,2011,health_pc_current_usd,usd,WDI,11.89942932
"Congo, Rep.",COG,2011,health_pc_current_usd,usd,WDI,59.51348114
Colombia,COL,2011,health_pc_current_usd,usd,WDI,501.84420776
Comoros,COM,2011,health_pc_current_usd,usd,WDI,81.19863892
Cabo Verde,CPV,2011,health_pc_current_usd,usd,WDI,157.06980896
Costa Rica,CRI,2011,health_pc_current_usd,usd,WDI,753.42633057
Caribbean small states,CSS,2011,health_pc_current_usd,usd,WDI,650.763016521175
Cuba,CUB,2011,health_pc_current_usd,usd,WDI,695.81542969
Cyprus,CYP,2011,health_pc_current_usd,usd,WDI,2114.66894531
Czechia,CZE,2011,health_pc_current_usd,usd,WDI,1649.15905762
Germany,DEU,2011,health_pc_current_usd,usd,WDI,5037.49169922
Djibouti,DJI,2011,health_pc_current_usd,usd,WDI,61.89852524
Dominica,DMA,2011,health_pc_current_usd,usd,WDI,387.11709595
Denmark,DNK,2011,health_pc_current_usd,usd,WDI,6438.21240234
Dominican Republic,DOM,2011,health_pc_current_usd,usd,WDI,293.95123291
Algeria,DZA,2011,health_pc_current_usd,usd,WDI,285.5020752
East Asia & Pacific (excluding high income),EAP,2011,health_pc_current_usd,usd,WDI,200.301094312263
Early-demographic dividend,EAR,2011,health_pc_current_usd,usd,WDI,153.205010520949
East Asia & Pacific,EAS,2011,health_pc_current_usd,usd,WDI,588.874783411469
Europe & Central Asia (excluding high income),ECA,2011,health_pc_current_usd,usd,WDI,330.379841257876
Europe & Central Asia,ECS,2011,health_pc_current_usd,usd,WDI,2368.23935332074
Ecuador,ECU,2011,health_pc_current_usd,usd,WDI,340.40786743
"Egypt, Arab Rep.",EGY,2011,health_pc_current_usd,usd,WDI,116.22949219
Euro area,EMU,2011,health_pc_current_usd,usd,WDI,4074.29561494822
Eritrea,ERI,2011,health_pc_current_usd,usd,WDI,35.55129623
Spain,ESP,2011,health_pc_current_usd,usd,WDI,2908.91967773
Estonia,EST,2011,health_pc_current_usd,usd,WDI,1061.1628418
Ethiopia,ETH,2011,health_pc_current_usd,usd,WDI,14.62286568
European Union,EUU,2011,health_pc_current_usd,usd,WDI,3525.47830924997
Fragile and conflict affected situations,FCS,2011,health_pc_current_usd,usd,WDI,72.4236082321261
Finland,FIN,2011,health_pc_current_usd,usd,WDI,4717.5078125
Fiji,FJI,2011,health_pc_current_usd,usd,WDI,140.93704224
France,FRA,2011,health_pc_current_usd,usd,WDI,4931.87792969
"Micronesia, Fed. Sts.",FSM,2011,health_pc_current_usd,usd,WDI,379.53436279
Gabon,GAB,2011,health_pc_current_usd,usd,WDI,261.37597656
United Kingdom,GBR,2011,health_pc_current_usd,usd,WDI,4140.36230469
Georgia,GEO,2011,health_pc_current_usd,usd,WDI,312.96923828
Ghana,GHA,2011,health_pc_current_usd,usd,WDI,91.68003845
Guinea,GIN,2011,health_pc_current_usd,usd,WDI,24.12806129
"Gambia, The",GMB,2011,health_pc_current_usd,usd,WDI,31.05148888
Guinea-Bissau,GNB,2011,health_pc_current_usd,usd,WDI,44.72909927
Equatorial Guinea,GNQ,2011,health_pc_current_usd,usd,WDI,245.80303955
Greece,GRC,2011,health_pc_current_usd,usd,WDI,2338.91503906
Grenada,GRD,2011,health_pc_current_usd,usd,WDI,403.17129517
Guatemala,GTM,2011,health_pc_current_usd,usd,WDI,191.24732971
Guyana,GUY,2011,health_pc_current_usd,usd,WDI,186.11392212
High income,HIC,2011,health_pc_current_usd,usd,WDI,4390.87150599598
Honduras,HND,2011,health_pc_current_usd,usd,WDI,182.3137207
Heavily indebted poor countries (HIPC),HPC,2011,health_pc_current_usd,usd,WDI,43.8535813048547
Croatia,HRV,2011,health_pc_current_usd,usd,WDI,1132.49890137
Haiti,HTI,2011,health_pc_current_usd,usd,WDI,77.12206268
Hungary,HUN,2011,health_pc_current_usd,usd,WDI,1063.43237305
IBRD only,IBD,2011,health_pc_current_usd,usd,WDI,267.342271463949
IDA & IBRD total,IBT,2011,health_pc_current_usd,usd,WDI,213.304017346544
IDA total,IDA,2011,health_pc_current_usd,usd,WDI,47.2158258144415
IDA blend,IDB,2011,health_pc_current_usd,usd,WDI,57.9398127135414
Indonesia,IDN,2011,health_pc_current_usd,usd,WDI,107.00540161
IDA only,IDX,2011,health_pc_current_usd,usd,WDI,41.1963116495528
India,IND,2011,health_pc_current_usd,usd,WDI,48.18242264
Ireland,IRL,2011,health_pc_current_usd,usd,WDI,5545.76416016
"Iran, Islamic Rep.",IRN,2011,health_pc_current_usd,usd,WDI,505.33276367
Iraq,IRQ,2011,health_pc_current_usd,usd,WDI,161.89790344
Iceland,ISL,2011,health_pc_current_usd,usd,WDI,3937.31591797
Israel,ISR,2011,health_pc_current_usd,usd,WDI,2442.29052734
Italy,ITA,2011,health_pc_current_usd,usd,WDI,3391.98925781
Jamaica,JAM,2011,health_pc_current_usd,usd,WDI,274.10949707
Jordan,JOR,2011,health_pc_current_usd,usd,WDI,321.59057617
Japan,JPN,2011,health_pc_current_usd,usd,WDI,5103.34326172
Kazakhstan,KAZ,2011,health_pc_current_usd,usd,WDI,293.73300171
Kenya,KEN,2011,health_pc_current_usd,usd,WDI,57.02286911
Kyrgyz Republic,KGZ,2011,health_pc_current_usd,usd,WDI,78.73632813
Cambodia,KHM,2011,health_pc_current_usd,usd,WDI,65.3871994
Kiribati,KIR,2011,health_pc_current_usd,usd,WDI,141.5138092
St. Kitts and Nevis,KNA,2011,health_pc_current_usd,usd,WDI,920.49584961
"Korea, Rep.",KOR,2011,health_pc_current_usd,usd,WDI,1562.21313477
Kuwait,KWT,2011,health_pc_current_usd,usd,WDI,1147.15539551
Latin America & Caribbean (excluding high income),LAC,2011,health_pc_current_usd,usd,WDI,713.684720810001
Lao PDR,LAO,2011,health_pc_current_usd,usd,WDI,27.11878395
Lebanon,LBN,2011,health_pc_current_usd,usd,WDI,640.69805908
Liberia,LBR,2011,health_pc_current_usd,usd,WDI,53.83006287
Libya,LBY,2011,health_pc_current_usd,usd,WDI,305.20037842
St. Lucia,LCA,2011,health_pc_current_usd,usd,WDI,463.79498291
Latin America & Caribbean,LCN,2011,health_pc_current_usd,usd,WDI,725.620278727937
Least developed countries: UN classification,LDC,2011,health_pc_current_usd,usd,WDI,36.4148179923079
Low income,LIC,2011,health_pc_current_usd,usd,WDI,40.856880435137
Sri Lanka,LKA,2011,health_pc_current_usd,usd,WDI,115.51642609
Lower middle income,LMC,2011,health_pc_current_usd,usd,WDI,61.8103482267928
Low & middle income,LMY,2011,health_pc_current_usd,usd,WDI,195.317191892572
Lesotho,LSO,2011,health_pc_current_usd,usd,WDI,118.72569275
Late-demographic dividend,LTE,2011,health_pc_current_usd,usd,WDI,387.482160760022
Lithuania,LTU,2011,health_pc_current_usd,usd,WDI,925.47161865
Luxembourg,LUX,2011,health_pc_current_usd,usd,WDI,7174.73925781
Latvia,LVA,2011,health_pc_current_usd,usd,WDI,764.59179688
Morocco,MAR,2011,health_pc_current_usd,usd,WDI,179.00019836
Monaco,MCO,2011,health_pc_current_usd,usd,WDI,8302.79492188
Moldova,MDA,2011,health_pc_current_usd,usd,WDI,214.98246765
Madagascar,MDG,2011,health_pc_current_usd,usd,WDI,22.88667488
Maldives,MDV,2011,health_pc_current_usd,usd,WDI,588.20758057
"Middle East, North Africa, Afghanistan & Pakistan",MEA,2011,health_pc_current_usd,usd,WDI,248.492512328793
Mexico,MEX,2011,health_pc_current_usd,usd,WDI,565.31738281
Marshall Islands,MHL,2011,health_pc_current_usd,usd,WDI,376.39205933
Middle income,MIC,2011,health_pc_current_usd,usd,WDI,207.048103139979
North Macedonia,MKD,2011,health_pc_current_usd,usd,WDI,335.13171387
Mali,MLI,2011,health_pc_current_usd,usd,WDI,31.67959213
Malta,MLT,2011,health_pc_current_usd,usd,WDI,1960.06115723
Myanmar,MMR,2011,health_pc_current_usd,usd,WDI,27.40522575
"Middle East, North Africa, Afghanistan & Pakistan (excluding high income)",MNA,2011,health_pc_current_usd,usd,WDI,158.62700389688
Montenegro,MNE,2011,health_pc_current_usd,usd,WDI,571.65600586
Mongolia,MNG,2011,health_pc_current_usd,usd,WDI,135.98664856
Mozambique,MOZ,2011,health_pc_current_usd,usd,WDI,30.42516136
Mauritania,MRT,2011,health_pc_current_usd,usd,WDI,47.77469254
Mauritius,MUS,2011,health_pc_current_usd,usd,WDI,385.76248169
Malawi,MWI,2011,health_pc_current_usd,usd,WDI,39.29244232
Malaysia,MYS,2011,health_pc_current_usd,usd,WDI,343.45877075
North America,NAC,2011,health_pc_current_usd,usd,WDI,7756.46841107124
Namibia,NAM,2011,health_pc_current_usd,usd,WDI,565.43469238
Niger,NER,2011,health_pc_current_usd,usd,WDI,24.84123039
Nigeria,NGA,2011,health_pc_current_usd,usd,WDI,80.2377243
Nicaragua,NIC,2011,health_pc_current_usd,usd,WDI,125.13540649
Netherlands,NLD,2011,health_pc_current_usd,usd,WDI,5562.12109375
Norway,NOR,2011,health_pc_current_usd,usd,WDI,8900.37207031
Nepal,NPL,2011,health_pc_current_usd,usd,WDI,34.14775085
Nauru,NRU,2011,health_pc_current_usd,usd,WDI,672.27624512
New Zealand,NZL,2011,health_pc_current_usd,usd,WDI,3655.53637695
OECD members,OED,2011,health_pc_current_usd,usd,WDI,4343.31007525628
Oman,OMN,2011,health_pc_current_usd,usd,WDI,563.23632813
Other small states,OSS,2011,health_pc_current_usd,usd,WDI,734.57878397091
Pakistan,PAK,2011,health_pc_current_usd,usd,WDI,25.02491379
Panama,PAN,2011,health_pc_current_usd,usd,WDI,664.97564697
Peru,PER,2011,health_pc_current_usd,usd,WDI,264.46487427
Philippines,PHL,2011,health_pc_current_usd,usd,WDI,95.95716095
Palau,PLW,2011,health_pc_current_usd,usd,WDI,1072.56323242
Papua New Guinea,PNG,2011,health_pc_current_usd,usd,WDI,52.49456787
Poland,POL,2011,health_pc_current_usd,usd,WDI,866.09466553
Pre-demographic dividend,PRE,2011,health_pc_current_usd,usd,WDI,58.8476143419945
Portugal,PRT,2011,health_pc_current_usd,usd,WDI,2255.96923828
Paraguay,PRY,2011,health_pc_current_usd,usd,WDI,337.81317139
West Bank and Gaza,PSE,2011,health_pc_current_usd,usd,WDI,308.36453247
Pacific island small states,PSS,2011,health_pc_current_usd,usd,WDI,163.245977353145
Post-demographic dividend,PST,2011,health_pc_current_usd,usd,WDI,5085.69212172871
Qatar,QAT,2011,health_pc_current_usd,usd,WDI,1482.28308105
Romania,ROU,2011,health_pc_current_usd,usd,WDI,426.59973145
Russian Federation,RUS,2011,health_pc_current_usd,usd,WDI,681.04577637
Rwanda,RWA,2011,health_pc_current_usd,usd,WDI,51.64990616
South Asia,SAS,2011,health_pc_current_usd,usd,WDI,46.3723319841827
Saudi Arabia,SAU,2011,health_pc_current_usd,usd,WDI,954.38873291
Sudan,SDN,2011,health_pc_current_usd,usd,WDI,80.3718338
Senegal,SEN,2011,health_pc_current_usd,usd,WDI,57.93114853
Singapore,SGP,2011,health_pc_current_usd,usd,WDI,1700.1685791
Solomon Islands,SLB,2011,health_pc_current_usd,usd,WDI,95.43640137
Sierra Leone,SLE,2011,health_pc_current_usd,usd,WDI,49.60349274
El Salvador,SLV,2011,health_pc_current_usd,usd,WDI,295.64242554
San Marino,SMR,2011,health_pc_current_usd,usd,WDI,4550.35058594
Serbia,SRB,2011,health_pc_current_usd,usd,WDI,618.89422607
Sub-Saharan Africa (excluding high income),SSA,2011,health_pc_current_usd,usd,WDI,101.671273409325
Sub-Saharan Africa,SSF,2011,health_pc_current_usd,usd,WDI,92.6752598448592
Small states,SST,2011,health_pc_current_usd,usd,WDI,640.027062903117
Sao Tome and Principe,STP,2011,health_pc_current_usd,usd,WDI,69.45979309
Suriname,SUR,2011,health_pc_current_usd,usd,WDI,375.34957886
Slovak Republic,SVK,2011,health_pc_current_usd,usd,WDI,1352.43835449
Slovenia,SVN,2011,health_pc_current_usd,usd,WDI,2147.80517578
Sweden,SWE,2011,health_pc_current_usd,usd,WDI,6351.21679688
Eswatini,SWZ,2011,health_pc_current_usd,usd,WDI,365.25265503
Seychelles,SYC,2011,health_pc_current_usd,usd,WDI,560.39526367
Syrian Arab Republic,SYR,2011,health_pc_current_usd,usd,WDI,74.3771286
Chad,TCD,2011,health_pc_current_usd,usd,WDI,37.35868073
East Asia & Pacific (IDA & IBRD countries),TEA,2011,health_pc_current_usd,usd,WDI,200.311549695904
Europe & Central Asia (IDA & IBRD countries),TEC,2011,health_pc_current_usd,usd,WDI,505.463872711413
Togo,TGO,2011,health_pc_current_usd,usd,WDI,34.41139603
Thailand,THA,2011,health_pc_current_usd,usd,WDI,191.74464417
Tajikistan,TJK,2011,health_pc_current_usd,usd,WDI,48.8431282
Turkmenistan,TKM,2011,health_pc_current_usd,usd,WDI,251.85777283
Latin America & the Caribbean (IDA & IBRD countries),TLA,2011,health_pc_current_usd,usd,WDI,725.748606859326
Timor-Leste,TLS,2011,health_pc_current_usd,usd,WDI,64.43626404
"Middle East, North Africa, Afghanistan & Pakistan (IDA & IBRD)",TMN,2011,health_pc_current_usd,usd,WDI,157.634403349361
Tonga,TON,2011,health_pc_current_usd,usd,WDI,193.43716431
South Asia (IDA & IBRD),TSA,2011,health_pc_current_usd,usd,WDI,46.3723319841827
Sub-Saharan Africa (IDA & IBRD countries),TSS,2011,health_pc_current_usd,usd,WDI,92.6752598448592
Trinidad and Tobago,TTO,2011,health_pc_current_usd,usd,WDI,872.96398926
Tunisia,TUN,2011,health_pc_current_usd,usd,WDI,270.67507935
Turkiye,TUR,2011,health_pc_current_usd,usd,WDI,525.89105225
Tuvalu,TUV,2011,health_pc_current_usd,usd,WDI,501.53479004
Tanzania,TZA,2011,health_pc_current_usd,usd,WDI,37.75179672
Uganda,UGA,2011,health_pc_current_usd,usd,WDI,55.2076683
Ukraine,UKR,2011,health_pc_current_usd,usd,WDI,240.17747498
Upper middle income,UMC,2011,health_pc_current_usd,usd,WDI,352.33367486506
Uruguay,URY,2011,health_pc_current_usd,usd,WDI,1244.93884277
United States,USA,2011,health_pc_current_usd,usd,WDI,8015.78076172
Uzbekistan,UZB,2011,health_pc_current_usd,usd,WDI,109.86156464
St. Vincent and the Grenadines,VCT,2011,health_pc_current_usd,usd,WDI,276.15722656
Viet Nam,VNM,2011,health_pc_current_usd,usd,WDI,97.05238342
Vanuatu,VUT,2011,health_pc_current_usd,usd,WDI,113.81780243
World,WLD,2011,health_pc_current_usd,usd,WDI,974.127467112219
Samoa,WSM,2011,health_pc_current_usd,usd,WDI,211.88684082
"Yemen, Rep.",YEM,2011,health_pc_current_usd,usd,WDI,56.58930588
South Africa,ZAF,2011,health_pc_current_usd,usd,WDI,686.87243652
Zambia,ZMB,2011,health_pc_current_usd,usd,WDI,64.3181076
Zimbabwe,ZWE,2011,health_pc_current_usd,usd,WDI,83.82868195
Africa Eastern and Southern,AFE,2012,health_pc_current_usd,usd,WDI,109.068556220884
Afghanistan,AFG,2012,health_pc_current_usd,usd,WDI,52.45247269
Africa Western and Central,AFW,2012,health_pc_current_usd,usd,WDI,67.9295612950029
Angola,AGO,2012,health_pc_current_usd,usd,WDI,121.84848022
Albania,ALB,2012,health_pc_current_usd,usd,WDI,260.68319702
Andorra,AND,2012,health_pc_current_usd,usd,WDI,2785.18896484
Arab World,ARB,2012,health_pc_current_usd,usd,WDI,294.860262829968
United Arab Emirates,ARE,2012,health_pc_current_usd,usd,WDI,1711.38525391
Argentina,ARG,2012,health_pc_current_usd,usd,WDI,1355.22851563
Armenia,ARM,2012,health_pc_current_usd,usd,WDI,331.91378784
Antigua and Barbuda,ATG,2012,health_pc_current_usd,usd,WDI,753.50183105
Australia,AUS,2012,health_pc_current_usd,usd,WDI,6038.87158203
Austria,AUT,2012,health_pc_current_usd,usd,WDI,4966.09570313
Azerbaijan,AZE,2012,health_pc_current_usd,usd,WDI,234.60324097
Burundi,BDI,2012,health_pc_current_usd,usd,WDI,20.01195908
Belgium,BEL,2012,health_pc_current_usd,usd,WDI,4704.67578125
Benin,BEN,2012,health_pc_current_usd,usd,WDI,32.95616913
Burkina Faso,BFA,2012,health_pc_current_usd,usd,WDI,33.66717529
Bangladesh,BGD,2012,health_pc_current_usd,usd,WDI,23.43771553
Bulgaria,BGR,2012,health_pc_current_usd,usd,WDI,558.64794922
Bahrain,BHR,2012,health_pc_current_usd,usd,WDI,1038.1661377
"Bahamas, The",BHS,2012,health_pc_current_usd,usd,WDI,1518.64953613
Bosnia and Herzegovina,BIH,2012,health_pc_current_usd,usd,WDI,444.93655396
Belarus,BLR,2012,health_pc_current_usd,usd,WDI,364.09957886
Belize,BLZ,2012,health_pc_current_usd,usd,WDI,247.82728577
Bolivia,BOL,2012,health_pc_current_usd,usd,WDI,135.32060242
Brazil,BRA,2012,health_pc_current_usd,usd,WDI,968.7277832
Barbados,BRB,2012,health_pc_current_usd,usd,WDI,1294.78674316
Brunei Darussalam,BRN,2012,health_pc_current_usd,usd,WDI,869.36553955
Bhutan,BTN,2012,health_pc_current_usd,usd,WDI,84.0940094
Botswana,BWA,2012,health_pc_current_usd,usd,WDI,418.82244873
Central African Republic,CAF,2012,health_pc_current_usd,usd,WDI,21.33021736
Canada,CAN,2012,health_pc_current_usd,usd,WDI,5520.62207031
Central Europe and the Baltics,CEB,2012,health_pc_current_usd,usd,WDI,863.589872253607
Switzerland,CHE,2012,health_pc_current_usd,usd,WDI,8929.32519531
Chile,CHL,2012,health_pc_current_usd,usd,WDI,1070.51293945
China,CHN,2012,health_pc_current_usd,usd,WDI,284.69760132
Cote d'Ivoire,CIV,2012,health_pc_current_usd,usd,WDI,69.86203003
Cameroon,CMR,2012,health_pc_current_usd,usd,WDI,56.96441269
"Congo, Dem. Rep.",COD,2012,health_pc_current_usd,usd,WDI,13.20595551
"Congo, Rep.",COG,2012,health_pc_current_usd,usd,WDI,71.2766571
Colombia,COL,2012,health_pc_current_usd,usd,WDI,547.00732422
Comoros,COM,2012,health_pc_current_usd,usd,WDI,77.10220337
Cabo Verde,CPV,2012,health_pc_current_usd,usd,WDI,174.66062927
Costa Rica,CRI,2012,health_pc_current_usd,usd,WDI,788.53100586
Caribbean small states,CSS,2012,health_pc_current_usd,usd,WDI,680.855952808789
Cuba,CUB,2012,health_pc_current_usd,usd,WDI,601.74957275
Cyprus,CYP,2012,health_pc_current_usd,usd,WDI,1899.37255859
Czechia,CZE,2012,health_pc_current_usd,usd,WDI,1509.77526855
Germany,DEU,2012,health_pc_current_usd,usd,WDI,4765.67871094
Djibouti,DJI,2012,health_pc_current_usd,usd,WDI,64.8536911
Dominica,DMA,2012,health_pc_current_usd,usd,WDI,407.42053223
Denmark,DNK,2012,health_pc_current_usd,usd,WDI,6168.33935547
Dominican Republic,DOM,2012,health_pc_current_usd,usd,WDI,304.23754883
Algeria,DZA,2012,health_pc_current_usd,usd,WDI,340.09133911
East Asia & Pacific (excluding high income),EAP,2012,health_pc_current_usd,usd,WDI,233.498736130215
Early-demographic dividend,EAR,2012,health_pc_current_usd,usd,WDI,160.373161461081
East Asia & Pacific,EAS,2012,health_pc_current_usd,usd,WDI,627.195588189346
Europe & Central Asia (excluding high income),ECA,2012,health_pc_current_usd,usd,WDI,346.009549613515
Europe & Central Asia,ECS,2012,health_pc_current_usd,usd,WDI,2273.98561870929
Ecuador,ECU,2012,health_pc_current_usd,usd,WDI,387.54577637
"Egypt, Arab Rep.",EGY,2012,health_pc_current_usd,usd,WDI,139.81625366
Euro area,EMU,2012,health_pc_current_usd,usd,WDI,3800.3539633273
Eritrea,ERI,2012,health_pc_current_usd,usd,WDI,27.78689003
Spain,ESP,2012,health_pc_current_usd,usd,WDI,2590.73803711
Estonia,EST,2012,health_pc_current_usd,usd,WDI,1058.71960449
Ethiopia,ETH,2012,health_pc_current_usd,usd,WDI,20.00217628
European Union,EUU,2012,health_pc_current_usd,usd,WDI,3300.15983895862
Fragile and conflict affected situations,FCS,2012,health_pc_current_usd,usd,WDI,79.342182575114
Finland,FIN,2012,health_pc_current_usd,usd,WDI,4573.19726563
Fiji,FJI,2012,health_pc_current_usd,usd,WDI,153.56562805
France,FRA,2012,health_pc_current_usd,usd,WDI,4644.59570313
"Micronesia, Fed. Sts.",FSM,2012,health_pc_current_usd,usd,WDI,372.10220337
Gabon,GAB,2012,health_pc_current_usd,usd,WDI,225.07722473
United Kingdom,GBR,2012,health_pc_current_usd,usd,WDI,4217.24755859
Georgia,GEO,2012,health_pc_current_usd,usd,WDI,345.60079956
Ghana,GHA,2012,health_pc_current_usd,usd,WDI,81.94947815
Guinea,GIN,2012,health_pc_current_usd,usd,WDI,23.70012856
"Gambia, The",GMB,2012,health_pc_current_usd,usd,WDI,29.56409264
Guinea-Bissau,GNB,2012,health_pc_current_usd,usd,WDI,37.75499725
Equatorial Guinea,GNQ,2012,health_pc_current_usd,usd,WDI,262.1546936
Greece,GRC,2012,health_pc_current_usd,usd,WDI,1948.24853516
Grenada,GRD,2012,health_pc_current_usd,usd,WDI,413.02658081
Guatemala,GTM,2012,health_pc_current_usd,usd,WDI,200.84880066
Guyana,GUY,2012,health_pc_current_usd,usd,WDI,201.88832092
High income,HIC,2012,health_pc_current_usd,usd,WDI,4408.98002194271
Honduras,HND,2012,health_pc_current_usd,usd,WDI,184.04154968
Heavily indebted poor countries (HIPC),HPC,2012,health_pc_current_usd,usd,WDI,44.5701096280169
Croatia,HRV,2012,health_pc_current_usd,usd,WDI,1029.97119141
Haiti,HTI,2012,health_pc_current_usd,usd,WDI,75.08546448
Hungary,HUN,2012,health_pc_current_usd,usd,WDI,961.1383667
IBRD only,IBD,2012,health_pc_current_usd,usd,WDI,284.759133026661
IDA & IBRD total,IBT,2012,health_pc_current_usd,usd,WDI,226.543025850002
IDA total,IDA,2012,health_pc_current_usd,usd,WDI,49.6519868159992
IDA blend,IDB,2012,health_pc_current_usd,usd,WDI,62.8203024850542
Indonesia,IDN,2012,health_pc_current_usd,usd,WDI,105.85425568
IDA only,IDX,2012,health_pc_current_usd,usd,WDI,42.2552148521516
India,IND,2012,health_pc_current_usd,usd,WDI,48.45263672
Ireland,IRL,2012,health_pc_current_usd,usd,WDI,5210.36376953
"Iran, Islamic Rep.",IRN,2012,health_pc_current_usd,usd,WDI,500.21826172
Iraq,IRQ,2012,health_pc_current_usd,usd,WDI,174.48312378
Iceland,ISL,2012,health_pc_current_usd,usd,WDI,3784.38378906
Israel,ISR,2012,health_pc_current_usd,usd,WDI,2405.1809082
Italy,ITA,2012,health_pc_current_usd,usd,WDI,3086.30322266
Jamaica,JAM,2012,health_pc_current_usd,usd,WDI,260.90640259
Jordan,JOR,2012,health_pc_current_usd,usd,WDI,325.97836304
Japan,JPN,2012,health_pc_current_usd,usd,WDI,5232.36279297
Kazakhstan,KAZ,2012,health_pc_current_usd,usd,WDI,365.04208374
Kenya,KEN,2012,health_pc_current_usd,usd,WDI,64.48231506
Kyrgyz Republic,KGZ,2012,health_pc_current_usd,usd,WDI,98.66984558
Cambodia,KHM,2012,health_pc_current_usd,usd,WDI,68.28430939
Kiribati,KIR,2012,health_pc_current_usd,usd,WDI,146.6194458
St. Kitts and Nevis,KNA,2012,health_pc_current_usd,usd,WDI,880.17578125
"Korea, Rep.",KOR,2012,health_pc_current_usd,usd,WDI,1591.78039551
Kuwait,KWT,2012,health_pc_current_usd,usd,WDI,1216.8684082
Latin America & Caribbean (excluding high income),LAC,2012,health_pc_current_usd,usd,WDI,708.674293943293
Lao PDR,LAO,2012,health_pc_current_usd,usd,WDI,32.46548843
Lebanon,LBN,2012,health_pc_current_usd,usd,WDI,588.83917236
Liberia,LBR,2012,health_pc_current_usd,usd,WDI,49.88091278
Libya,LBY,2012,health_pc_current_usd,usd,WDI,592.46356201
St. Lucia,LCA,2012,health_pc_current_usd,usd,WDI,455.97622681
Latin America & Caribbean,LCN,2012,health_pc_current_usd,usd,WDI,725.000506117608
Least developed countries: UN classification,LDC,2012,health_pc_current_usd,usd,WDI,38.0637757176179
Low income,LIC,2012,health_pc_current_usd,usd,WDI,39.9724958031321
Sri Lanka,LKA,2012,health_pc_current_usd,usd,WDI,110.03600311
Lower middle income,LMC,2012,health_pc_current_usd,usd,WDI,64.8804973229672
Low & middle income,LMY,2012,health_pc_current_usd,usd,WDI,207.52540052281
Lesotho,LSO,2012,health_pc_current_usd,usd,WDI,126.1050415
Late-demographic dividend,LTE,2012,health_pc_current_usd,usd,WDI,415.5056494089
Lithuania,LTU,2012,health_pc_current_usd,usd,WDI,896.93707275
Luxembourg,LUX,2012,health_pc_current_usd,usd,WDI,6029.47460938
Latvia,LVA,2012,health_pc_current_usd,usd,WDI,745.51745605
Morocco,MAR,2012,health_pc_current_usd,usd,WDI,172.04353333
Monaco,MCO,2012,health_pc_current_usd,usd,WDI,7868.83154297
Moldova,MDA,2012,health_pc_current_usd,usd,WDI,223.61895752
Madagascar,MDG,2012,health_pc_current_usd,usd,WDI,19.30151749
Maldives,MDV,2012,health_pc_current_usd,usd,WDI,647.11553955
"Middle East, North Africa, Afghanistan & Pakistan",MEA,2012,health_pc_current_usd,usd,WDI,263.45201971002
Mexico,MEX,2012,health_pc_current_usd,usd,WDI,582.48297119
Marshall Islands,MHL,2012,health_pc_current_usd,usd,WDI,410.4979248
Middle income,MIC,2012,health_pc_current_usd,usd,WDI,220.448875036519
North Macedonia,MKD,2012,health_pc_current_usd,usd,WDI,317.978302
Mali,MLI,2012,health_pc_current_usd,usd,WDI,27.53107071
Malta,MLT,2012,health_pc_current_usd,usd,WDI,1898.60144043
Myanmar,MMR,2012,health_pc_current_usd,usd,WDI,37.25568008
"Middle East, North Africa, Afghanistan & Pakistan (excluding high income)",MNA,2012,health_pc_current_usd,usd,WDI,167.512615084581
Montenegro,MNE,2012,health_pc_current_usd,usd,WDI,535.16223145
Mongolia,MNG,2012,health_pc_current_usd,usd,WDI,169.6519928
Mozambique,MOZ,2012,health_pc_current_usd,usd,WDI,35.24672699
Mauritania,MRT,2012,health_pc_current_usd,usd,WDI,49.2515831
Mauritius,MUS,2012,health_pc_current_usd,usd,WDI,387.1026001
Malawi,MWI,2012,health_pc_current_usd,usd,WDI,32.53772354
Malaysia,MYS,2012,health_pc_current_usd,usd,WDI,371.76046753
North America,NAC,2012,health_pc_current_usd,usd,WDI,7989.63106134207
Namibia,NAM,2012,health_pc_current_usd,usd,WDI,550.6829834
Niger,NER,2012,health_pc_current_usd,usd,WDI,22.71487427
Nigeria,NGA,2012,health_pc_current_usd,usd,WDI,87.89523315
Nicaragua,NIC,2012,health_pc_current_usd,usd,WDI,133.64489746
Netherlands,NLD,2012,health_pc_current_usd,usd,WDI,5284.64990234
Norway,NOR,2012,health_pc_current_usd,usd,WDI,8970.11914063
Nepal,NPL,2012,health_pc_current_usd,usd,WDI,33.64963913
Nauru,NRU,2012,health_pc_current_usd,usd,WDI,873.81658936
New Zealand,NZL,2012,health_pc_current_usd,usd,WDI,3854.95629883
OECD members,OED,2012,health_pc_current_usd,usd,WDI,4351.12134074865
Oman,OMN,2012,health_pc_current_usd,usd,WDI,561.1171875
Other small states,OSS,2012,health_pc_current_usd,usd,WDI,704.593396995878
Pakistan,PAK,2012,health_pc_current_usd,usd,WDI,25.59742928
Panama,PAN,2012,health_pc_current_usd,usd,WDI,725.01544189
Peru,PER,2012,health_pc_current_usd,usd,WDI,309.31439209
Philippines,PHL,2012,health_pc_current_usd,usd,WDI,109.2149353
Palau,PLW,2012,health_pc_current_usd,usd,WDI,1239.99304199
Papua New Guinea,PNG,2012,health_pc_current_usd,usd,WDI,70.27664948
Poland,POL,2012,health_pc_current_usd,usd,WDI,815.1418457
Pre-demographic dividend,PRE,2012,health_pc_current_usd,usd,WDI,61.6411458798179
Portugal,PRT,2012,health_pc_current_usd,usd,WDI,1980.01867676
Paraguay,PRY,2012,health_pc_current_usd,usd,WDI,368.7868042
West Bank and Gaza,PSE,2012,health_pc_current_usd,usd,WDI,298.34082031
Pacific island small states,PSS,2012,health_pc_current_usd,usd,WDI,176.188185226556
Post-demographic dividend,PST,2012,health_pc_current_usd,usd,WDI,5103.82063467794
Qatar,QAT,2012,health_pc_current_usd,usd,WDI,1712.67089844
Romania,ROU,2012,health_pc_current_usd,usd,WDI,401.67105103
Russian Federation,RUS,2012,health_pc_current_usd,usd,WDI,755.48553467
Rwanda,RWA,2012,health_pc_current_usd,usd,WDI,57.26454163
South Asia,SAS,2012,health_pc_current_usd,usd,WDI,46.6152634556105
Saudi Arabia,SAU,2012,health_pc_current_usd,usd,WDI,1093.15588379
Sudan,SDN,2012,health_pc_current_usd,usd,WDI,75.40813446
Senegal,SEN,2012,health_pc_current_usd,usd,WDI,56.61458969
Singapore,SGP,2012,health_pc_current_usd,usd,WDI,1853.02429199
Solomon Islands,SLB,2012,health_pc_current_usd,usd,WDI,100.7893219
Sierra Leone,SLE,2012,health_pc_current_usd,usd,WDI,51.89955902
El Salvador,SLV,2012,health_pc_current_usd,usd,WDI,301.03710938
San Marino,SMR,2012,health_pc_current_usd,usd,WDI,4310.10009766
Serbia,SRB,2012,health_pc_current_usd,usd,WDI,559.90545654
Sub-Saharan Africa (excluding high income),SSA,2012,health_pc_current_usd,usd,WDI,100.144454401631
Sub-Saharan Africa,SSF,2012,health_pc_current_usd,usd,WDI,91.8694378127342
Small states,SST,2012,health_pc_current_usd,usd,WDI,629.668283459962
Sao Tome and Principe,STP,2012,health_pc_current_usd,usd,WDI,86.29039001
Suriname,SUR,2012,health_pc_current_usd,usd,WDI,406.05526733
Slovak Republic,SVK,2012,health_pc_current_usd,usd,WDI,1319.43823242
Slovenia,SVN,2012,health_pc_current_usd,usd,WDI,1974.85400391
Sweden,SWE,2012,health_pc_current_usd,usd,WDI,6254.44287109
Eswatini,SWZ,2012,health_pc_current_usd,usd,WDI,340.03012085
Seychelles,SYC,2012,health_pc_current_usd,usd,WDI,666.49902344
Syrian Arab Republic,SYR,2012,health_pc_current_usd,usd,WDI,62.70924759
Chad,TCD,2012,health_pc_current_usd,usd,WDI,36.20247269
East Asia & Pacific (IDA & IBRD countries),TEA,2012,health_pc_current_usd,usd,WDI,233.511078276087
Europe & Central Asia (IDA & IBRD countries),TEC,2012,health_pc_current_usd,usd,WDI,530.54560198478
Togo,TGO,2012,health_pc_current_usd,usd,WDI,35.40290833
Thailand,THA,2012,health_pc_current_usd,usd,WDI,201.70690918
Tajikistan,TJK,2012,health_pc_current_usd,usd,WDI,56.97117615
Turkmenistan,TKM,2012,health_pc_current_usd,usd,WDI,289.13015747
Latin America & the Caribbean (IDA & IBRD countries),TLA,2012,health_pc_current_usd,usd,WDI,726.973829466022
Timor-Leste,TLS,2012,health_pc_current_usd,usd,WDI,71.46888733
"Middle East, North Africa, Afghanistan & Pakistan (IDA & IBRD)",TMN,2012,health_pc_current_usd,usd,WDI,166.641284209153
Tonga,TON,2012,health_pc_current_usd,usd,WDI,316.68118286
South Asia (IDA & IBRD),TSA,2012,health_pc_current_usd,usd,WDI,46.6152634556105
Sub-Saharan Africa (IDA & IBRD countries),TSS,2012,health_pc_current_usd,usd,WDI,91.8694378127342
Trinidad and Tobago,TTO,2012,health_pc_current_usd,usd,WDI,895.08026123
Tunisia,TUN,2012,health_pc_current_usd,usd,WDI,270.29055786
Turkiye,TUR,2012,health_pc_current_usd,usd,WDI,520.44274902
Tuvalu,TUV,2012,health_pc_current_usd,usd,WDI,473.34634399
Tanzania,TZA,2012,health_pc_current_usd,usd,WDI,41.99654007
Uganda,UGA,2012,health_pc_current_usd,usd,WDI,55.03918457
Ukraine,UKR,2012,health_pc_current_usd,usd,WDI,270.76205444
Upper middle income,UMC,2012,health_pc_current_usd,usd,WDI,377.234557014599
Uruguay,URY,2012,health_pc_current_usd,usd,WDI,1347.02868652
United States,USA,2012,health_pc_current_usd,usd,WDI,8262.29101563
Uzbekistan,UZB,2012,health_pc_current_usd,usd,WDI,127.94210052
St. Vincent and the Grenadines,VCT,2012,health_pc_current_usd,usd,WDI,298.78082275
Viet Nam,VNM,2012,health_pc_current_usd,usd,WDI,109.29483795
Vanuatu,VUT,2012,health_pc_current_usd,usd,WDI,118.25688171
World,WLD,2012,health_pc_current_usd,usd,WDI,982.074149854442
Samoa,WSM,2012,health_pc_current_usd,usd,WDI,197.01564026
"Yemen, Rep.",YEM,2012,health_pc_current_usd,usd,WDI,64.67756653
South Africa,ZAF,2012,health_pc_current_usd,usd,WDI,646.49920654
Zambia,ZMB,2012,health_pc_current_usd,usd,WDI,69.17604828
Zimbabwe,ZWE,2012,health_pc_current_usd,usd,WDI,85.69155121
Africa Eastern and Southern,AFE,2013,health_pc_current_usd,usd,WDI,104.77671727692
Afghanistan,AFG,2013,health_pc_current_usd,usd,WDI,56.16043472
Africa Western and Central,AFW,2013,health_pc_current_usd,usd,WDI,75.4226655904252
Angola,AGO,2013,health_pc_current_usd,usd,WDI,142.78450012
Albania,ALB,2013,health_pc_current_usd,usd,WDI,276.0765686
Andorra,AND,2013,health_pc_current_usd,usd,WDI,2887.02587891
Arab World,ARB,2013,health_pc_current_usd,usd,WDI,303.439577352375
United Arab Emirates,ARE,2013,health_pc_current_usd,usd,WDI,1789.68579102
Argentina,ARG,2013,health_pc_current_usd,usd,WDI,1408.75634766
Armenia,ARM,2013,health_pc_current_usd,usd,WDI,392.85253906
Antigua and Barbuda,ATG,2013,health_pc_current_usd,usd,WDI,739.10491943
Australia,AUS,2013,health_pc_current_usd,usd,WDI,5811.86865234
Austria,AUT,2013,health_pc_current_usd,usd,WDI,5235.34130859
Azerbaijan,AZE,2013,health_pc_current_usd,usd,WDI,251.67863464
Burundi,BDI,2013,health_pc_current_usd,usd,WDI,20.26322556
Belgium,BEL,2013,health_pc_current_usd,usd,WDI,4953.98193359
Benin,BEN,2013,health_pc_current_usd,usd,WDI,33.53426743
Burkina Faso,BFA,2013,health_pc_current_usd,usd,WDI,42.26796341
Bangladesh,BGD,2013,health_pc_current_usd,usd,WDI,26.96918297
Bulgaria,BGR,2013,health_pc_current_usd,usd,WDI,547.45483398
Bahrain,BHR,2013,health_pc_current_usd,usd,WDI,1115.16906738
"Bahamas, The",BHS,2013,health_pc_current_usd,usd,WDI,1559.34936523
Bosnia and Herzegovina,BIH,2013,health_pc_current_usd,usd,WDI,475.07409668
Belarus,BLR,2013,health_pc_current_usd,usd,WDI,454.51959229
Belize,BLZ,2013,health_pc_current_usd,usd,WDI,262.88650513
Bolivia,BOL,2013,health_pc_current_usd,usd,WDI,159.99380493
Brazil,BRA,2013,health_pc_current_usd,usd,WDI,993.79608154
Barbados,BRB,2013,health_pc_current_usd,usd,WDI,1246.16491699
Brunei Darussalam,BRN,2013,health_pc_current_usd,usd,WDI,835.32452393
Bhutan,BTN,2013,health_pc_current_usd,usd,WDI,86.41462708
Botswana,BWA,2013,health_pc_current_usd,usd,WDI,433.29150391
Central African Republic,CAF,2013,health_pc_current_usd,usd,WDI,17.36794472
Canada,CAN,2013,health_pc_current_usd,usd,WDI,5462.15673828
Central Europe and the Baltics,CEB,2013,health_pc_current_usd,usd,WDI,910.716694770605
Switzerland,CHE,2013,health_pc_current_usd,usd,WDI,9324.97265625
Chile,CHL,2013,health_pc_current_usd,usd,WDI,1171.77038574
China,CHN,2013,health_pc_current_usd,usd,WDI,329.08572388
Cote d'Ivoire,CIV,2013,health_pc_current_usd,usd,WDI,67.13149261
Cameroon,CMR,2013,health_pc_current_usd,usd,WDI,57.22771454
"Congo, Dem. Rep.",COD,2013,health_pc_current_usd,usd,WDI,15.37901688
"Congo, Rep.",COG,2013,health_pc_current_usd,usd,WDI,71.85824585
Colombia,COL,2013,health_pc_current_usd,usd,WDI,580.96453857
Comoros,COM,2013,health_pc_current_usd,usd,WDI,81.81765747
Cabo Verde,CPV,2013,health_pc_current_usd,usd,WDI,191.1048584
Costa Rica,CRI,2013,health_pc_current_usd,usd,WDI,829.93658447
Caribbean small states,CSS,2013,health_pc_current_usd,usd,WDI,712.499598747235
Cuba,CUB,2013,health_pc_current_usd,usd,WDI,712.26629639
Cyprus,CYP,2013,health_pc_current_usd,usd,WDI,1916.32263184
Czechia,CZE,2013,health_pc_current_usd,usd,WDI,1508.79907227
Germany,DEU,2013,health_pc_current_usd,usd,WDI,5100.15234375
Djibouti,DJI,2013,health_pc_current_usd,usd,WDI,60.57233047
Dominica,DMA,2013,health_pc_current_usd,usd,WDI,382.10519409
Denmark,DNK,2013,health_pc_current_usd,usd,WDI,6334.41552734
Dominican Republic,DOM,2013,health_pc_current_usd,usd,WDI,302.28512573
Algeria,DZA,2013,health_pc_current_usd,usd,WDI,337.5736084
East Asia & Pacific (excluding high income),EAP,2013,health_pc_current_usd,usd,WDI,263.862001159709
Early-demographic dividend,EAR,2013,health_pc_current_usd,usd,WDI,165.969320655343
East Asia & Pacific,EAS,2013,health_pc_current_usd,usd,WDI,603.489925331607
Europe & Central Asia (excluding high income),ECA,2013,health_pc_current_usd,usd,WDI,367.359843074635
Europe & Central Asia,ECS,2013,health_pc_current_usd,usd,WDI,2379.69067186885
Ecuador,ECU,2013,health_pc_current_usd,usd,WDI,414.12683105
"Egypt, Arab Rep.",EGY,2013,health_pc_current_usd,usd,WDI,139.67245483
Euro area,EMU,2013,health_pc_current_usd,usd,WDI,3979.1315723078
Eritrea,ERI,2013,health_pc_current_usd,usd,WDI,31.63773346
Spain,ESP,2013,health_pc_current_usd,usd,WDI,2630.01904297
Estonia,EST,2013,health_pc_current_usd,usd,WDI,1194.86206055
Ethiopia,ETH,2013,health_pc_current_usd,usd,WDI,19.26698494
European Union,EUU,2013,health_pc_current_usd,usd,WDI,3463.07090530464
Fragile and conflict affected situations,FCS,2013,health_pc_current_usd,usd,WDI,82.8822675810005
Finland,FIN,2013,health_pc_current_usd,usd,WDI,4892.03369141
Fiji,FJI,2013,health_pc_current_usd,usd,WDI,158.51806641
France,FRA,2013,health_pc_current_usd,usd,WDI,4884.71582031
"Micronesia, Fed. Sts.",FSM,2013,health_pc_current_usd,usd,WDI,354.82269287
Gabon,GAB,2013,health_pc_current_usd,usd,WDI,261.29452515
United Kingdom,GBR,2013,health_pc_current_usd,usd,WDI,4348.28662109
Georgia,GEO,2013,health_pc_current_usd,usd,WDI,355.7394104
Ghana,GHA,2013,health_pc_current_usd,usd,WDI,105.34784698
Guinea,GIN,2013,health_pc_current_usd,usd,WDI,25.90467834
"Gambia, The",GMB,2013,health_pc_current_usd,usd,WDI,25.59075928
Guinea-Bissau,GNB,2013,health_pc_current_usd,usd,WDI,46.05934143
Equatorial Guinea,GNQ,2013,health_pc_current_usd,usd,WDI,267.67111206
Greece,GRC,2013,health_pc_current_usd,usd,WDI,1832.02966309
Grenada,GRD,2013,health_pc_current_usd,usd,WDI,417.74581909
Guatemala,GTM,2013,health_pc_current_usd,usd,WDI,198.79296875
Guyana,GUY,2013,health_pc_current_usd,usd,WDI,211.2910614
High income,HIC,2013,health_pc_current_usd,usd,WDI,4437.39104183624
Honduras,HND,2013,health_pc_current_usd,usd,WDI,176.421875
Heavily indebted poor countries (HIPC),HPC,2013,health_pc_current_usd,usd,WDI,47.8020644512147
Croatia,HRV,2013,health_pc_current_usd,usd,WDI,889.94458008
Haiti,HTI,2013,health_pc_current_usd,usd,WDI,59.38277435
Hungary,HUN,2013,health_pc_current_usd,usd,WDI,990.63116455
IBRD only,IBD,2013,health_pc_current_usd,usd,WDI,304.775762536678
IDA & IBRD total,IBT,2013,health_pc_current_usd,usd,WDI,241.724493415183
IDA total,IDA,2013,health_pc_current_usd,usd,WDI,53.5798803607054
IDA blend,IDB,2013,health_pc_current_usd,usd,WDI,68.3292273305823
Indonesia,IDN,2013,health_pc_current_usd,usd,WDI,102.33824921
IDA only,IDX,2013,health_pc_current_usd,usd,WDI,45.3947733393998
India,IND,2013,health_pc_current_usd,usd,WDI,55.46933746
Ireland,IRL,2013,health_pc_current_usd,usd,WDI,5313.70947266
"Iran, Islamic Rep.",IRN,2013,health_pc_current_usd,usd,WDI,398.3994751
Iraq,IRQ,2013,health_pc_current_usd,usd,WDI,186.78742981
Iceland,ISL,2013,health_pc_current_usd,usd,WDI,4095.67626953
Israel,ISR,2013,health_pc_current_usd,usd,WDI,2673.3371582
Italy,ITA,2013,health_pc_current_usd,usd,WDI,3149.24267578
Jamaica,JAM,2013,health_pc_current_usd,usd,WDI,253.8757782
Jordan,JOR,2013,health_pc_current_usd,usd,WDI,308.94308472
Japan,JPN,2013,health_pc_current_usd,usd,WDI,4356.15527344
Kazakhstan,KAZ,2013,health_pc_current_usd,usd,WDI,358.91342163
Kenya,KEN,2013,health_pc_current_usd,usd,WDI,67.59809875
Kyrgyz Republic,KGZ,2013,health_pc_current_usd,usd,WDI,103.59188843
Cambodia,KHM,2013,health_pc_current_usd,usd,WDI,71.30926514
Kiribati,KIR,2013,health_pc_current_usd,usd,WDI,154.34346008
St. Kitts and Nevis,KNA,2013,health_pc_current_usd,usd,WDI,938.31616211
"Korea, Rep.",KOR,2013,health_pc_current_usd,usd,WDI,1727.56616211
Kuwait,KWT,2013,health_pc_current_usd,usd,WDI,1235.29321289
Latin America & Caribbean (excluding high income),LAC,2013,health_pc_current_usd,usd,WDI,738.133264327832
Lao PDR,LAO,2013,health_pc_current_usd,usd,WDI,43.49770355
Lebanon,LBN,2013,health_pc_current_usd,usd,WDI,576.87176514
Liberia,LBR,2013,health_pc_current_usd,usd,WDI,48.22105026
Libya,LBY,2013,health_pc_current_usd,usd,WDI,594.65338135
St. Lucia,LCA,2013,health_pc_current_usd,usd,WDI,483.6133728
Latin America & Caribbean,LCN,2013,health_pc_current_usd,usd,WDI,757.947449200775
Least developed countries: UN classification,LDC,2013,health_pc_current_usd,usd,WDI,41.4136528314108
Low income,LIC,2013,health_pc_current_usd,usd,WDI,42.357989128183
Sri Lanka,LKA,2013,health_pc_current_usd,usd,WDI,133.15968323
Lower middle income,LMC,2013,health_pc_current_usd,usd,WDI,70.9195268900627
Low & middle income,LMY,2013,health_pc_current_usd,usd,WDI,221.766576693957
Lesotho,LSO,2013,health_pc_current_usd,usd,WDI,131.54730225
Late-demographic dividend,LTE,2013,health_pc_current_usd,usd,WDI,454.915191868023
Lithuania,LTU,2013,health_pc_current_usd,usd,WDI,958.92718506
Luxembourg,LUX,2013,health_pc_current_usd,usd,WDI,6356.64453125
Latvia,LVA,2013,health_pc_current_usd,usd,WDI,807.13000488
Morocco,MAR,2013,health_pc_current_usd,usd,WDI,179.81974792
Monaco,MCO,2013,health_pc_current_usd,usd,WDI,8455.65527344
Moldova,MDA,2013,health_pc_current_usd,usd,WDI,231.66229248
Madagascar,MDG,2013,health_pc_current_usd,usd,WDI,19.33186913
Maldives,MDV,2013,health_pc_current_usd,usd,WDI,671.65325928
"Middle East, North Africa, Afghanistan & Pakistan",MEA,2013,health_pc_current_usd,usd,WDI,264.781245417356
Mexico,MEX,2013,health_pc_current_usd,usd,WDI,625.59765625
Marshall Islands,MHL,2013,health_pc_current_usd,usd,WDI,445.42425537
Middle income,MIC,2013,health_pc_current_usd,usd,WDI,236.218638127014
North Macedonia,MKD,2013,health_pc_current_usd,usd,WDI,361.13168335
Mali,MLI,2013,health_pc_current_usd,usd,WDI,30.09257126
Malta,MLT,2013,health_pc_current_usd,usd,WDI,2121.08227539
Myanmar,MMR,2013,health_pc_current_usd,usd,WDI,37.68575287
"Middle East, North Africa, Afghanistan & Pakistan (excluding high income)",MNA,2013,health_pc_current_usd,usd,WDI,156.208206492479
Montenegro,MNE,2013,health_pc_current_usd,usd,WDI,597.17596436
Mongolia,MNG,2013,health_pc_current_usd,usd,WDI,180.41543579
Mozambique,MOZ,2013,health_pc_current_usd,usd,WDI,41.5031395
Mauritania,MRT,2013,health_pc_current_usd,usd,WDI,55.47412872
Mauritius,MUS,2013,health_pc_current_usd,usd,WDI,440.00280762
Malawi,MWI,2013,health_pc_current_usd,usd,WDI,39.53992844
Malaysia,MYS,2013,health_pc_current_usd,usd,WDI,381.69210815
North America,NAC,2013,health_pc_current_usd,usd,WDI,8117.3376158289
Namibia,NAM,2013,health_pc_current_usd,usd,WDI,484.64331055
Niger,NER,2013,health_pc_current_usd,usd,WDI,24.61338997
Nigeria,NGA,2013,health_pc_current_usd,usd,WDI,97.29588318
Nicaragua,NIC,2013,health_pc_current_usd,usd,WDI,140.20372009
Netherlands,NLD,2013,health_pc_current_usd,usd,WDI,5532.72607422
Norway,NOR,2013,health_pc_current_usd,usd,WDI,9241.265625
Nepal,NPL,2013,health_pc_current_usd,usd,WDI,35.14327621
Nauru,NRU,2013,health_pc_current_usd,usd,WDI,831.84564209
New Zealand,NZL,2013,health_pc_current_usd,usd,WDI,4012.08374023
OECD members,OED,2013,health_pc_current_usd,usd,WDI,4373.49624371195
Oman,OMN,2013,health_pc_current_usd,usd,WDI,587.71075439
Other small states,OSS,2013,health_pc_current_usd,usd,WDI,747.024954739886
Pakistan,PAK,2013,health_pc_current_usd,usd,WDI,28.20998955
Panama,PAN,2013,health_pc_current_usd,usd,WDI,805.78985596
Peru,PER,2013,health_pc_current_usd,usd,WDI,320.96490479
Philippines,PHL,2013,health_pc_current_usd,usd,WDI,118.87432098
Palau,PLW,2013,health_pc_current_usd,usd,WDI,1399.29931641
Papua New Guinea,PNG,2013,health_pc_current_usd,usd,WDI,76.75310516
Poland,POL,2013,health_pc_current_usd,usd,WDI,878.08837891
Pre-demographic dividend,PRE,2013,health_pc_current_usd,usd,WDI,67.1405761974286
Portugal,PRT,2013,health_pc_current_usd,usd,WDI,2030.63012695
Paraguay,PRY,2013,health_pc_current_usd,usd,WDI,391.80084229
West Bank and Gaza,PSE,2013,health_pc_current_usd,usd,WDI,327.25717163
Pacific island small states,PSS,2013,health_pc_current_usd,usd,WDI,177.136262747423
Post-demographic dividend,PST,2013,health_pc_current_usd,usd,WDI,5127.89949234764
Qatar,QAT,2013,health_pc_current_usd,usd,WDI,2029.8659668
Romania,ROU,2013,health_pc_current_usd,usd,WDI,495.23623657
Russian Federation,RUS,2013,health_pc_current_usd,usd,WDI,805.52130127
Rwanda,RWA,2013,health_pc_current_usd,usd,WDI,47.7545433
South Asia,SAS,2013,health_pc_current_usd,usd,WDI,53.3691511888425
Saudi Arabia,SAU,2013,health_pc_current_usd,usd,WDI,1189.67932129
Sudan,SDN,2013,health_pc_current_usd,usd,WDI,97.4927597
Senegal,SEN,2013,health_pc_current_usd,usd,WDI,60.51578903
Singapore,SGP,2013,health_pc_current_usd,usd,WDI,2102.97021484
Solomon Islands,SLB,2013,health_pc_current_usd,usd,WDI,99.02694702
Sierra Leone,SLE,2013,health_pc_current_usd,usd,WDI,84.93772125
El Salvador,SLV,2013,health_pc_current_usd,usd,WDI,324.28027344
San Marino,SMR,2013,health_pc_current_usd,usd,WDI,4113.46679688
Somalia,SOM,2013,health_pc_current_usd,usd,WDI,12.85289001
Serbia,SRB,2013,health_pc_current_usd,usd,WDI,627.53308105
Sub-Saharan Africa (excluding high income),SSA,2013,health_pc_current_usd,usd,WDI,100.997019095131
Sub-Saharan Africa,SSF,2013,health_pc_current_usd,usd,WDI,92.6680877398405
Small states,SST,2013,health_pc_current_usd,usd,WDI,663.908666676617
Sao Tome and Principe,STP,2013,health_pc_current_usd,usd,WDI,124.59179688
Suriname,SUR,2013,health_pc_current_usd,usd,WDI,434.50332642
Slovak Republic,SVK,2013,health_pc_current_usd,usd,WDI,1370.46765137
Slovenia,SVN,2013,health_pc_current_usd,usd,WDI,2055.38134766
Sweden,SWE,2013,health_pc_current_usd,usd,WDI,6696.87255859
Eswatini,SWZ,2013,health_pc_current_usd,usd,WDI,303.40438843
Seychelles,SYC,2013,health_pc_current_usd,usd,WDI,646.56634521
Syrian Arab Republic,SYR,2013,health_pc_current_usd,usd,WDI,44.37207794
Chad,TCD,2013,health_pc_current_usd,usd,WDI,38.59413528
East Asia & Pacific (IDA & IBRD countries),TEA,2013,health_pc_current_usd,usd,WDI,263.875016443977
Europe & Central Asia (IDA & IBRD countries),TEC,2013,health_pc_current_usd,usd,WDI,565.16504743872
Togo,TGO,2013,health_pc_current_usd,usd,WDI,39.56414795
Thailand,THA,2013,health_pc_current_usd,usd,WDI,207.81243896
Tajikistan,TJK,2013,health_pc_current_usd,usd,WDI,67.62356567
Turkmenistan,TKM,2013,health_pc_current_usd,usd,WDI,339.92349243
Latin America & the Caribbean (IDA & IBRD countries),TLA,2013,health_pc_current_usd,usd,WDI,758.326162855288
Timor-Leste,TLS,2013,health_pc_current_usd,usd,WDI,102.79840851
"Middle East, North Africa, Afghanistan & Pakistan (IDA & IBRD)",TMN,2013,health_pc_current_usd,usd,WDI,155.063327509493
Tonga,TON,2013,health_pc_current_usd,usd,WDI,168.82937622
South Asia (IDA & IBRD),TSA,2013,health_pc_current_usd,usd,WDI,53.3691511888425
Sub-Saharan Africa (IDA & IBRD countries),TSS,2013,health_pc_current_usd,usd,WDI,92.6680877398405
Trinidad and Tobago,TTO,2013,health_pc_current_usd,usd,WDI,970.90222168
Tunisia,TUN,2013,health_pc_current_usd,usd,WDI,284.64538574
Turkiye,TUR,2013,health_pc_current_usd,usd,WDI,547.95465088
Tuvalu,TUV,2013,health_pc_current_usd,usd,WDI,503.47753906
Tanzania,TZA,2013,health_pc_current_usd,usd,WDI,43.46931839
Uganda,UGA,2013,health_pc_current_usd,usd,WDI,52.906353
Ukraine,UKR,2013,health_pc_current_usd,usd,WDI,275.94143677
Upper middle income,UMC,2013,health_pc_current_usd,usd,WDI,403.963266117996
Uruguay,URY,2013,health_pc_current_usd,usd,WDI,1516.80664063
United States,USA,2013,health_pc_current_usd,usd,WDI,8411.42871094
Uzbekistan,UZB,2013,health_pc_current_usd,usd,WDI,140.71011353
St. Vincent and the Grenadines,VCT,2013,health_pc_current_usd,usd,WDI,300.01953125
Viet Nam,VNM,2013,health_pc_current_usd,usd,WDI,104.10972595
Vanuatu,VUT,2013,health_pc_current_usd,usd,WDI,130.88293457
World,WLD,2013,health_pc_current_usd,usd,WDI,992.234652971593
Samoa,WSM,2013,health_pc_current_usd,usd,WDI,247.41108704
"Yemen, Rep.",YEM,2013,health_pc_current_usd,usd,WDI,68.39746857
South Africa,ZAF,2013,health_pc_current_usd,usd,WDI,593.80157471
Zambia,ZMB,2013,health_pc_current_usd,usd,WDI,83.29361725
Zimbabwe,ZWE,2013,health_pc_current_usd,usd,WDI,96.86148834
Africa Eastern and Southern,AFE,2014,health_pc_current_usd,usd,WDI,98.4993287451866
Afghanistan,AFG,2014,health_pc_current_usd,usd,WDI,60.04951096
Africa Western and Central,AFW,2014,health_pc_current_usd,usd,WDI,78.7248305848844
Angola,AGO,2014,health_pc_current_usd,usd,WDI,130.5861969
Albania,ALB,2014,health_pc_current_usd,usd,WDI,293.1267395
Andorra,AND,2014,health_pc_current_usd,usd,WDI,3001.19604492
Arab World,ARB,2014,health_pc_current_usd,usd,WDI,325.296969488424
United Arab Emirates,ARE,2014,health_pc_current_usd,usd,WDI,1776.7310791
Argentina,ARG,2014,health_pc_current_usd,usd,WDI,1274.66125488
Armenia,ARM,2014,health_pc_current_usd,usd,WDI,404.33874512
Antigua and Barbuda,ATG,2014,health_pc_current_usd,usd,WDI,826.75598145
Australia,AUS,2014,health_pc_current_usd,usd,WDI,6098.25439453
Austria,AUT,2014,health_pc_current_usd,usd,WDI,5393.60205078
Azerbaijan,AZE,2014,health_pc_current_usd,usd,WDI,280.22314453
Burundi,BDI,2014,health_pc_current_usd,usd,WDI,18.06601143
Belgium,BEL,2014,health_pc_current_usd,usd,WDI,5079.82519531
Benin,BEN,2014,health_pc_current_usd,usd,WDI,32.41182327
Burkina Faso,BFA,2014,health_pc_current_usd,usd,WDI,38.24516678
Bangladesh,BGD,2014,health_pc_current_usd,usd,WDI,29.91152382
Bulgaria,BGR,2014,health_pc_current_usd,usd,WDI,605.25891113
Bahrain,BHR,2014,health_pc_current_usd,usd,WDI,1122.16040039
"Bahamas, The",BHS,2014,health_pc_current_usd,usd,WDI,1619.43212891
Bosnia and Herzegovina,BIH,2014,health_pc_current_usd,usd,WDI,493.07333374
Belarus,BLR,2014,health_pc_current_usd,usd,WDI,448.27426147
Belize,BLZ,2014,health_pc_current_usd,usd,WDI,298.22598267
Bolivia,BOL,2014,health_pc_current_usd,usd,WDI,179.3274231
Brazil,BRA,2014,health_pc_current_usd,usd,WDI,1030.66271973
Barbados,BRB,2014,health_pc_current_usd,usd,WDI,1175.44348145
Brunei Darussalam,BRN,2014,health_pc_current_usd,usd,WDI,785.41210938
Bhutan,BTN,2014,health_pc_current_usd,usd,WDI,87.19132233
Botswana,BWA,2014,health_pc_current_usd,usd,WDI,418.82452393
Central African Republic,CAF,2014,health_pc_current_usd,usd,WDI,18.7120266
Canada,CAN,2014,health_pc_current_usd,usd,WDI,5212.00878906
Central Europe and the Baltics,CEB,2014,health_pc_current_usd,usd,WDI,931.610992741752
Switzerland,CHE,2014,health_pc_current_usd,usd,WDI,9550.45507813
Chile,CHL,2014,health_pc_current_usd,usd,WDI,1138.66113281
China,CHN,2014,health_pc_current_usd,usd,WDI,362.28695679
Cote d'Ivoire,CIV,2014,health_pc_current_usd,usd,WDI,74.3581543
Cameroon,CMR,2014,health_pc_current_usd,usd,WDI,71.61038208
"Congo, Dem. Rep.",COD,2014,health_pc_current_usd,usd,WDI,18.22281265
"Congo, Rep.",COG,2014,health_pc_current_usd,usd,WDI,71.03118896
Colombia,COL,2014,health_pc_current_usd,usd,WDI,588.29449463
Comoros,COM,2014,health_pc_current_usd,usd,WDI,84.63935852
Cabo Verde,CPV,2014,health_pc_current_usd,usd,WDI,193.39482117
Costa Rica,CRI,2014,health_pc_current_usd,usd,WDI,836.23120117
Caribbean small states,CSS,2014,health_pc_current_usd,usd,WDI,730.086762150755
Cuba,CUB,2014,health_pc_current_usd,usd,WDI,867.69702148
Cyprus,CYP,2014,health_pc_current_usd,usd,WDI,1873.89135742
Czechia,CZE,2014,health_pc_current_usd,usd,WDI,1512.59326172
Germany,DEU,2014,health_pc_current_usd,usd,WDI,5309.15478516
Djibouti,DJI,2014,health_pc_current_usd,usd,WDI,65.53726196
Dominica,DMA,2014,health_pc_current_usd,usd,WDI,389.05343628
Denmark,DNK,2014,health_pc_current_usd,usd,WDI,6466.89794922
Dominican Republic,DOM,2014,health_pc_current_usd,usd,WDI,312.44223022
Algeria,DZA,2014,health_pc_current_usd,usd,WDI,366.58670044
East Asia & Pacific (excluding high income),EAP,2014,health_pc_current_usd,usd,WDI,287.399946858888
Early-demographic dividend,EAR,2014,health_pc_current_usd,usd,WDI,164.888235767209
East Asia & Pacific,EAS,2014,health_pc_current_usd,usd,WDI,617.542712754513
Europe & Central Asia (excluding high income),ECA,2014,health_pc_current_usd,usd,WDI,345.505348317436
Europe & Central Asia,ECS,2014,health_pc_current_usd,usd,WDI,2425.21049623259
Ecuador,ECU,2014,health_pc_current_usd,usd,WDI,433.41845703
"Egypt, Arab Rep.",EGY,2014,health_pc_current_usd,usd,WDI,155.06480408
Euro area,EMU,2014,health_pc_current_usd,usd,WDI,4067.87638781747
Eritrea,ERI,2014,health_pc_current_usd,usd,WDI,32.93447495
Spain,ESP,2014,health_pc_current_usd,usd,WDI,2680.02954102
Estonia,EST,2014,health_pc_current_usd,usd,WDI,1287.76123047
Ethiopia,ETH,2014,health_pc_current_usd,usd,WDI,21.6064415
European Union,EUU,2014,health_pc_current_usd,usd,WDI,3538.88887598493
Fragile and conflict affected situations,FCS,2014,health_pc_current_usd,usd,WDI,81.2300327222424
Finland,FIN,2014,health_pc_current_usd,usd,WDI,4922.4296875
Fiji,FJI,2014,health_pc_current_usd,usd,WDI,178.31169128
France,FRA,2014,health_pc_current_usd,usd,WDI,4974.74658203
"Micronesia, Fed. Sts.",FSM,2014,health_pc_current_usd,usd,WDI,345.01589966
Gabon,GAB,2014,health_pc_current_usd,usd,WDI,233.05368042
United Kingdom,GBR,2014,health_pc_current_usd,usd,WDI,4716.30224609
Georgia,GEO,2014,health_pc_current_usd,usd,WDI,367.32040405
Ghana,GHA,2014,health_pc_current_usd,usd,WDI,78.46701813
Guinea,GIN,2014,health_pc_current_usd,usd,WDI,36.63517761
"Gambia, The",GMB,2014,health_pc_current_usd,usd,WDI,17.33743477
Guinea-Bissau,GNB,2014,health_pc_current_usd,usd,WDI,64.99989319
Equatorial Guinea,GNQ,2014,health_pc_current_usd,usd,WDI,272.72619629
Greece,GRC,2014,health_pc_current_usd,usd,WDI,1700.49438477
Grenada,GRD,2014,health_pc_current_usd,usd,WDI,381.22598267
Guatemala,GTM,2014,health_pc_current_usd,usd,WDI,217.23764038
Guyana,GUY,2014,health_pc_current_usd,usd,WDI,216.03759766
High income,HIC,2014,health_pc_current_usd,usd,WDI,4558.00955729266
Honduras,HND,2014,health_pc_current_usd,usd,WDI,172.52818298
Heavily indebted poor countries (HIPC),HPC,2014,health_pc_current_usd,usd,WDI,48.5297666415473
Croatia,HRV,2014,health_pc_current_usd,usd,WDI,909.37164307
Haiti,HTI,2014,health_pc_current_usd,usd,WDI,65.10858917
Hungary,HUN,2014,health_pc_current_usd,usd,WDI,1006.15649414
IBRD only,IBD,2014,health_pc_current_usd,usd,WDI,311.411176915087
IDA & IBRD total,IBT,2014,health_pc_current_usd,usd,WDI,246.777122749386
IDA total,IDA,2014,health_pc_current_usd,usd,WDI,55.9195328618829
IDA blend,IDB,2014,health_pc_current_usd,usd,WDI,72.2996247655963
Indonesia,IDN,2014,health_pc_current_usd,usd,WDI,102.00482178
IDA only,IDX,2014,health_pc_current_usd,usd,WDI,46.833285996428
India,IND,2014,health_pc_current_usd,usd,WDI,56.3490181
Ireland,IRL,2014,health_pc_current_usd,usd,WDI,5316.26953125
"Iran, Islamic Rep.",IRN,2014,health_pc_current_usd,usd,WDI,368.1918335
Iraq,IRQ,2014,health_pc_current_usd,usd,WDI,178.98071289
Iceland,ISL,2014,health_pc_current_usd,usd,WDI,4522.90576172
Israel,ISR,2014,health_pc_current_usd,usd,WDI,2804.23144531
Italy,ITA,2014,health_pc_current_usd,usd,WDI,3154.27587891
Jamaica,JAM,2014,health_pc_current_usd,usd,WDI,256.99667358
Jordan,JOR,2014,health_pc_current_usd,usd,WDI,302.14120483
Japan,JPN,2014,health_pc_current_usd,usd,WDI,4121.21142578
Kazakhstan,KAZ,2014,health_pc_current_usd,usd,WDI,369.68508911
Kenya,KEN,2014,health_pc_current_usd,usd,WDI,72.84589386
Kyrgyz Republic,KGZ,2014,health_pc_current_usd,usd,WDI,93.15830994
Cambodia,KHM,2014,health_pc_current_usd,usd,WDI,72.69956207
Kiribati,KIR,2014,health_pc_current_usd,usd,WDI,155.38656616
St. Kitts and Nevis,KNA,2014,health_pc_current_usd,usd,WDI,961.73028564
"Korea, Rep.",KOR,2014,health_pc_current_usd,usd,WDI,1909.91503906
Kuwait,KWT,2014,health_pc_current_usd,usd,WDI,1293.8326416
Latin America & Caribbean (excluding high income),LAC,2014,health_pc_current_usd,usd,WDI,743.848778800309
Lao PDR,LAO,2014,health_pc_current_usd,usd,WDI,45.53330612
Lebanon,LBN,2014,health_pc_current_usd,usd,WDI,569.97937012
Liberia,LBR,2014,health_pc_current_usd,usd,WDI,59.32390976
Libya,LBY,2014,health_pc_current_usd,usd,WDI,462.19216919
St. Lucia,LCA,2014,health_pc_current_usd,usd,WDI,464.51150513
Latin America & Caribbean,LCN,2014,health_pc_current_usd,usd,WDI,763.09537379101
Least developed countries: UN classification,LDC,2014,health_pc_current_usd,usd,WDI,43.3844475371245
Low income,LIC,2014,health_pc_current_usd,usd,WDI,43.8402242012331
Sri Lanka,LKA,2014,health_pc_current_usd,usd,WDI,132.82194519
Lower middle income,LMC,2014,health_pc_current_usd,usd,WDI,73.1343763723567
Low & middle income,LMY,2014,health_pc_current_usd,usd,WDI,229.065392604429
Lesotho,LSO,2014,health_pc_current_usd,usd,WDI,121.34915924
Late-demographic dividend,LTE,2014,health_pc_current_usd,usd,WDI,477.243046312394
Lithuania,LTU,2014,health_pc_current_usd,usd,WDI,1021.23297119
Luxembourg,LUX,2014,health_pc_current_usd,usd,WDI,6547.03466797
Latvia,LVA,2014,health_pc_current_usd,usd,WDI,856.76654053
Morocco,MAR,2014,health_pc_current_usd,usd,WDI,188.6415863
Monaco,MCO,2014,health_pc_current_usd,usd,WDI,8678.04394531
Moldova,MDA,2014,health_pc_current_usd,usd,WDI,230.76982117
Madagascar,MDG,2014,health_pc_current_usd,usd,WDI,22.56570244
Maldives,MDV,2014,health_pc_current_usd,usd,WDI,707.39245605
"Middle East, North Africa, Afghanistan & Pakistan",MEA,2014,health_pc_current_usd,usd,WDI,278.010622021684
Mexico,MEX,2014,health_pc_current_usd,usd,WDI,609.82232666
Marshall Islands,MHL,2014,health_pc_current_usd,usd,WDI,449.90563965
Middle income,MIC,2014,health_pc_current_usd,usd,WDI,244.186727943187
North Macedonia,MKD,2014,health_pc_current_usd,usd,WDI,357.63867188
Mali,MLI,2014,health_pc_current_usd,usd,WDI,35.7261734
Malta,MLT,2014,health_pc_current_usd,usd,WDI,2456.43481445
Myanmar,MMR,2014,health_pc_current_usd,usd,WDI,54.28113556
"Middle East, North Africa, Afghanistan & Pakistan (excluding high income)",MNA,2014,health_pc_current_usd,usd,WDI,157.306513815143
Montenegro,MNE,2014,health_pc_current_usd,usd,WDI,581.40106201
Mongolia,MNG,2014,health_pc_current_usd,usd,WDI,176.69651794
Mozambique,MOZ,2014,health_pc_current_usd,usd,WDI,43.50259018
Mauritania,MRT,2014,health_pc_current_usd,usd,WDI,59.29050827
Mauritius,MUS,2014,health_pc_current_usd,usd,WDI,544.44122314
Malawi,MWI,2014,health_pc_current_usd,usd,WDI,35.337677
Malaysia,MYS,2014,health_pc_current_usd,usd,WDI,414.4392395
North America,NAC,2014,health_pc_current_usd,usd,WDI,8438.11988699904
Namibia,NAM,2014,health_pc_current_usd,usd,WDI,452.2585144
Niger,NER,2014,health_pc_current_usd,usd,WDI,25.09494019
Nigeria,NGA,2014,health_pc_current_usd,usd,WDI,102.39888763
Nicaragua,NIC,2014,health_pc_current_usd,usd,WDI,156.22232056
Netherlands,NLD,2014,health_pc_current_usd,usd,WDI,5601.88574219
Norway,NOR,2014,health_pc_current_usd,usd,WDI,9116.37792969
Nepal,NPL,2014,health_pc_current_usd,usd,WDI,41.9739151
Nauru,NRU,2014,health_pc_current_usd,usd,WDI,760.04394531
New Zealand,NZL,2014,health_pc_current_usd,usd,WDI,4184.59765625
OECD members,OED,2014,health_pc_current_usd,usd,WDI,4489.52964484601
Oman,OMN,2014,health_pc_current_usd,usd,WDI,726.64660645
Other small states,OSS,2014,health_pc_current_usd,usd,WDI,784.657681744988
Pakistan,PAK,2014,health_pc_current_usd,usd,WDI,32.11787415
Panama,PAN,2014,health_pc_current_usd,usd,WDI,919.2946167
Peru,PER,2014,health_pc_current_usd,usd,WDI,332.18841553
Philippines,PHL,2014,health_pc_current_usd,usd,WDI,106.16293335
Palau,PLW,2014,health_pc_current_usd,usd,WDI,1481.35656738
Papua New Guinea,PNG,2014,health_pc_current_usd,usd,WDI,89.08061218
Poland,POL,2014,health_pc_current_usd,usd,WDI,911.29815674
Pre-demographic dividend,PRE,2014,health_pc_current_usd,usd,WDI,68.7022373340943
Portugal,PRT,2014,health_pc_current_usd,usd,WDI,2059.92651367
Paraguay,PRY,2014,health_pc_current_usd,usd,WDI,440.85821533
West Bank and Gaza,PSE,2014,health_pc_current_usd,usd,WDI,314.27474976
Pacific island small states,PSS,2014,health_pc_current_usd,usd,WDI,185.035020890264
Post-demographic dividend,PST,2014,health_pc_current_usd,usd,WDI,5279.92855904534
Qatar,QAT,2014,health_pc_current_usd,usd,WDI,2252.4140625
Romania,ROU,2014,health_pc_current_usd,usd,WDI,503.34753418
Russian Federation,RUS,2014,health_pc_current_usd,usd,WDI,736.32177734
Rwanda,RWA,2014,health_pc_current_usd,usd,WDI,50.63998795
South Asia,SAS,2014,health_pc_current_usd,usd,WDI,54.5770272304796
Saudi Arabia,SAU,2014,health_pc_current_usd,usd,WDI,1363.59155273
Sudan,SDN,2014,health_pc_current_usd,usd,WDI,88.78570557
Senegal,SEN,2014,health_pc_current_usd,usd,WDI,61.40605545
Singapore,SGP,2014,health_pc_current_usd,usd,WDI,2233.34960938
Solomon Islands,SLB,2014,health_pc_current_usd,usd,WDI,105.87472534
Sierra Leone,SLE,2014,health_pc_current_usd,usd,WDI,143.60603333
El Salvador,SLV,2014,health_pc_current_usd,usd,WDI,315.23168945
San Marino,SMR,2014,health_pc_current_usd,usd,WDI,4120.02685547
Somalia,SOM,2014,health_pc_current_usd,usd,WDI,13.11646461
Serbia,SRB,2014,health_pc_current_usd,usd,WDI,608.85858154
Sub-Saharan Africa (excluding high income),SSA,2014,health_pc_current_usd,usd,WDI,98.1360615481992
Sub-Saharan Africa,SSF,2014,health_pc_current_usd,usd,WDI,90.3429978303359
Small states,SST,2014,health_pc_current_usd,usd,WDI,692.726519999522
Sao Tome and Principe,STP,2014,health_pc_current_usd,usd,WDI,118.70980835
Suriname,SUR,2014,health_pc_current_usd,usd,WDI,440.95263672
Slovak Republic,SVK,2014,health_pc_current_usd,usd,WDI,1289.34851074
Slovenia,SVN,2014,health_pc_current_usd,usd,WDI,2062.38476563
Sweden,SWE,2014,health_pc_current_usd,usd,WDI,6605.91162109
Eswatini,SWZ,2014,health_pc_current_usd,usd,WDI,282.43395996
Seychelles,SYC,2014,health_pc_current_usd,usd,WDI,631.42675781
Syrian Arab Republic,SYR,2014,health_pc_current_usd,usd,WDI,46.44654465
Chad,TCD,2014,health_pc_current_usd,usd,WDI,42.16276169
East Asia & Pacific (IDA & IBRD countries),TEA,2014,health_pc_current_usd,usd,WDI,287.41296352947
Europe & Central Asia (IDA & IBRD countries),TEC,2014,health_pc_current_usd,usd,WDI,535.008164133379
Togo,TGO,2014,health_pc_current_usd,usd,WDI,41.96416092
Thailand,THA,2014,health_pc_current_usd,usd,WDI,213.74395752
Tajikistan,TJK,2014,health_pc_current_usd,usd,WDI,73.06859589
Turkmenistan,TKM,2014,health_pc_current_usd,usd,WDI,393.86843872
Latin America & the Caribbean (IDA & IBRD countries),TLA,2014,health_pc_current_usd,usd,WDI,760.434879683732
Timor-Leste,TLS,2014,health_pc_current_usd,usd,WDI,93.10574341
"Middle East, North Africa, Afghanistan & Pakistan (IDA & IBRD)",TMN,2014,health_pc_current_usd,usd,WDI,156.250580900659
Tonga,TON,2014,health_pc_current_usd,usd,WDI,207.05262756
South Asia (IDA & IBRD),TSA,2014,health_pc_current_usd,usd,WDI,54.5770272304796
Sub-Saharan Africa (IDA & IBRD countries),TSS,2014,health_pc_current_usd,usd,WDI,90.3429978303359
Trinidad and Tobago,TTO,2014,health_pc_current_usd,usd,WDI,1010.82769775
Tunisia,TUN,2014,health_pc_current_usd,usd,WDI,287.60955811
Turkiye,TUR,2014,health_pc_current_usd,usd,WDI,520.40753174
Tuvalu,TUV,2014,health_pc_current_usd,usd,WDI,527.12036133
Tanzania,TZA,2014,health_pc_current_usd,usd,WDI,39.85456848
Uganda,UGA,2014,health_pc_current_usd,usd,WDI,50.957798
Ukraine,UKR,2014,health_pc_current_usd,usd,WDI,208.94400024
Upper middle income,UMC,2014,health_pc_current_usd,usd,WDI,419.033210149585
Uruguay,URY,2014,health_pc_current_usd,usd,WDI,1495.59777832
United States,USA,2014,health_pc_current_usd,usd,WDI,8796.18261719
Uzbekistan,UZB,2014,health_pc_current_usd,usd,WDI,118.44307709
St. Vincent and the Grenadines,VCT,2014,health_pc_current_usd,usd,WDI,299.33129883
Viet Nam,VNM,2014,health_pc_current_usd,usd,WDI,119.44549561
Vanuatu,VUT,2014,health_pc_current_usd,usd,WDI,108.22322083
World,WLD,2014,health_pc_current_usd,usd,WDI,1014.94420307132
Samoa,WSM,2014,health_pc_current_usd,usd,WDI,248.20323181
"Yemen, Rep.",YEM,2014,health_pc_current_usd,usd,WDI,69.24575806
South Africa,ZAF,2014,health_pc_current_usd,usd,WDI,539.30780029
Zambia,ZMB,2014,health_pc_current_usd,usd,WDI,65.39261627
Zimbabwe,ZWE,2014,health_pc_current_usd,usd,WDI,111.61201477
Africa Eastern and Southern,AFE,2015,health_pc_current_usd,usd,WDI,90.8005708722338
Afghanistan,AFG,2015,health_pc_current_usd,usd,WDI,59.91960526
Africa Western and Central,AFW,2015,health_pc_current_usd,usd,WDI,70.6699139211465
Angola,AGO,2015,health_pc_current_usd,usd,WDI,107.52857208
Albania,ALB,2015,health_pc_current_usd,usd,WDI,253.93347168
Andorra,AND,2015,health_pc_current_usd,usd,WDI,2672.26464844
Arab World,ARB,2015,health_pc_current_usd,usd,WDI,310.197661494352
United Arab Emirates,ARE,2015,health_pc_current_usd,usd,WDI,1479.49743652
Argentina,ARG,2015,health_pc_current_usd,usd,WDI,1517.33789063
Armenia,ARM,2015,health_pc_current_usd,usd,WDI,365.51950073
Antigua and Barbuda,ATG,2015,health_pc_current_usd,usd,WDI,789.30975342
Australia,AUS,2015,health_pc_current_usd,usd,WDI,5294.57226563
Austria,AUT,2015,health_pc_current_usd,usd,WDI,4612.82373047
Azerbaijan,AZE,2015,health_pc_current_usd,usd,WDI,236.25979614
Burundi,BDI,2015,health_pc_current_usd,usd,WDI,17.67567825
Belgium,BEL,2015,health_pc_current_usd,usd,WDI,4442.13037109
Benin,BEN,2015,health_pc_current_usd,usd,WDI,27.34733391
Burkina Faso,BFA,2015,health_pc_current_usd,usd,WDI,32.3375206
Bangladesh,BGD,2015,health_pc_current_usd,usd,WDI,33.20998764
Bulgaria,BGR,2015,health_pc_current_usd,usd,WDI,521.41906738
Bahrain,BHR,2015,health_pc_current_usd,usd,WDI,1128.24291992
"Bahamas, The",BHS,2015,health_pc_current_usd,usd,WDI,1588.58288574
Bosnia and Herzegovina,BIH,2015,health_pc_current_usd,usd,WDI,430.83413696
Belarus,BLR,2015,health_pc_current_usd,usd,WDI,360.91937256
Belize,BLZ,2015,health_pc_current_usd,usd,WDI,287.53118896
Bolivia,BOL,2015,health_pc_current_usd,usd,WDI,196.25799561
Brazil,BRA,2015,health_pc_current_usd,usd,WDI,796.15252686
Barbados,BRB,2015,health_pc_current_usd,usd,WDI,1154.62719727
Brunei Darussalam,BRN,2015,health_pc_current_usd,usd,WDI,731.04980469
Bhutan,BTN,2015,health_pc_current_usd,usd,WDI,96.86671448
Botswana,BWA,2015,health_pc_current_usd,usd,WDI,374.79058838
Central African Republic,CAF,2015,health_pc_current_usd,usd,WDI,18.44194221
Canada,CAN,2015,health_pc_current_usd,usd,WDI,4660.79833984
Central Europe and the Baltics,CEB,2015,health_pc_current_usd,usd,WDI,815.668133134356
Switzerland,CHE,2015,health_pc_current_usd,usd,WDI,9272.515625
Chile,CHL,2015,health_pc_current_usd,usd,WDI,1122.13378906
China,CHN,2015,health_pc_current_usd,usd,WDI,393.09768677
Cote d'Ivoire,CIV,2015,health_pc_current_usd,usd,WDI,58.43181992
Cameroon,CMR,2015,health_pc_current_usd,usd,WDI,58.38298035
"Congo, Dem. Rep.",COD,2015,health_pc_current_usd,usd,WDI,18.57252884
"Congo, Rep.",COG,2015,health_pc_current_usd,usd,WDI,57.30290604
Colombia,COL,2015,health_pc_current_usd,usd,WDI,470.099823
Comoros,COM,2015,health_pc_current_usd,usd,WDI,61.16300201
Cabo Verde,CPV,2015,health_pc_current_usd,usd,WDI,150.28823853
Costa Rica,CRI,2015,health_pc_current_usd,usd,WDI,889.3762207
Caribbean small states,CSS,2015,health_pc_current_usd,usd,WDI,752.689228300391
Cuba,CUB,2015,health_pc_current_usd,usd,WDI,991.08496094
Cyprus,CYP,2015,health_pc_current_usd,usd,WDI,1596.2052002
Czechia,CZE,2015,health_pc_current_usd,usd,WDI,1308.8013916
Germany,DEU,2015,health_pc_current_usd,usd,WDI,4627.27587891
Djibouti,DJI,2015,health_pc_current_usd,usd,WDI,79.54257965
Dominica,DMA,2015,health_pc_current_usd,usd,WDI,396.23742676
Denmark,DNK,2015,health_pc_current_usd,usd,WDI,5531.87890625
Dominican Republic,DOM,2015,health_pc_current_usd,usd,WDI,322.04864502
Algeria,DZA,2015,health_pc_current_usd,usd,WDI,296.76824951
East Asia & Pacific (excluding high income),EAP,2015,health_pc_current_usd,usd,WDI,307.281247548244
Early-demographic dividend,EAR,2015,health_pc_current_usd,usd,WDI,163.683643698932
East Asia & Pacific,EAS,2015,health_pc_current_usd,usd,WDI,604.418249291077
Europe & Central Asia (excluding high income),ECA,2015,health_pc_current_usd,usd,WDI,293.386076396425
Europe & Central Asia,ECS,2015,health_pc_current_usd,usd,WDI,2098.12295523612
Ecuador,ECU,2015,health_pc_current_usd,usd,WDI,464.22186279
"Egypt, Arab Rep.",EGY,2015,health_pc_current_usd,usd,WDI,170.25532532
Euro area,EMU,2015,health_pc_current_usd,usd,WDI,3497.4609936752
Eritrea,ERI,2015,health_pc_current_usd,usd,WDI,29.22208977
Spain,ESP,2015,health_pc_current_usd,usd,WDI,2349.54663086
Estonia,EST,2015,health_pc_current_usd,usd,WDI,1156.20275879
Ethiopia,ETH,2015,health_pc_current_usd,usd,WDI,23.21817207
European Union,EUU,2015,health_pc_current_usd,usd,WDI,3046.10234295273
Fragile and conflict affected situations,FCS,2015,health_pc_current_usd,usd,WDI,73.0712906749764
Finland,FIN,2015,health_pc_current_usd,usd,WDI,4128.20751953
Fiji,FJI,2015,health_pc_current_usd,usd,WDI,169.47518921
France,FRA,2015,health_pc_current_usd,usd,WDI,4198.72900391
"Micronesia, Fed. Sts.",FSM,2015,health_pc_current_usd,usd,WDI,362.27624512
Gabon,GAB,2015,health_pc_current_usd,usd,WDI,187.27270508
United Kingdom,GBR,2015,health_pc_current_usd,usd,WDI,4440.73828125
Georgia,GEO,2015,health_pc_current_usd,usd,WDI,292.76348877
Ghana,GHA,2015,health_pc_current_usd,usd,WDI,78.21643066
Guinea,GIN,2015,health_pc_current_usd,usd,WDI,43.41540527
"Gambia, The",GMB,2015,health_pc_current_usd,usd,WDI,19.67725563
Guinea-Bissau,GNB,2015,health_pc_current_usd,usd,WDI,52.45866776
Equatorial Guinea,GNQ,2015,health_pc_current_usd,usd,WDI,212.26531982
Greece,GRC,2015,health_pc_current_usd,usd,WDI,1481.41967773
Grenada,GRD,2015,health_pc_current_usd,usd,WDI,404.00680542
Guatemala,GTM,2015,health_pc_current_usd,usd,WDI,233.8447876
Guyana,GUY,2015,health_pc_current_usd,usd,WDI,226.89404297
High income,HIC,2015,health_pc_current_usd,usd,WDI,4374.87012278288
Honduras,HND,2015,health_pc_current_usd,usd,WDI,169.97198486
Heavily indebted poor countries (HIPC),HPC,2015,health_pc_current_usd,usd,WDI,46.1269289772158
Croatia,HRV,2015,health_pc_current_usd,usd,WDI,795.50836182
Haiti,HTI,2015,health_pc_current_usd,usd,WDI,68.50547791
Hungary,HUN,2015,health_pc_current_usd,usd,WDI,870.51940918
IBRD only,IBD,2015,health_pc_current_usd,usd,WDI,296.761220333205
IDA & IBRD total,IBT,2015,health_pc_current_usd,usd,WDI,234.879020521348
IDA total,IDA,2015,health_pc_current_usd,usd,WDI,54.1917448310495
IDA blend,IDB,2015,health_pc_current_usd,usd,WDI,68.2778226190605
Indonesia,IDN,2015,health_pc_current_usd,usd,WDI,96.15701294
IDA only,IDX,2015,health_pc_current_usd,usd,WDI,46.3893547227767
India,IND,2015,health_pc_current_usd,usd,WDI,58.12401581
Ireland,IRL,2015,health_pc_current_usd,usd,WDI,4575.94482422
"Iran, Islamic Rep.",IRN,2015,health_pc_current_usd,usd,WDI,380.40643311
Iraq,IRQ,2015,health_pc_current_usd,usd,WDI,149.07951355
Iceland,ISL,2015,health_pc_current_usd,usd,WDI,4303.84179688
Israel,ISR,2015,health_pc_current_usd,usd,WDI,2645.78857422
Italy,ITA,2015,health_pc_current_usd,usd,WDI,2675.67163086
Jamaica,JAM,2015,health_pc_current_usd,usd,WDI,284.7729187
Jordan,JOR,2015,health_pc_current_usd,usd,WDI,301.63067627
Japan,JPN,2015,health_pc_current_usd,usd,WDI,3754.18115234
Kazakhstan,KAZ,2015,health_pc_current_usd,usd,WDI,310.01428223
Kenya,KEN,2015,health_pc_current_usd,usd,WDI,70.94755554
Kyrgyz Republic,KGZ,2015,health_pc_current_usd,usd,WDI,79.54891205
Cambodia,KHM,2015,health_pc_current_usd,usd,WDI,71.56456757
Kiribati,KIR,2015,health_pc_current_usd,usd,WDI,118.3345871
St. Kitts and Nevis,KNA,2015,health_pc_current_usd,usd,WDI,1041.82250977
"Korea, Rep.",KOR,2015,health_pc_current_usd,usd,WDI,1933.61779785
Kuwait,KWT,2015,health_pc_current_usd,usd,WDI,1259.55786133
Latin America & Caribbean (excluding high income),LAC,2015,health_pc_current_usd,usd,WDI,657.42449258242
Lao PDR,LAO,2015,health_pc_current_usd,usd,WDI,52.04236603
Lebanon,LBN,2015,health_pc_current_usd,usd,WDI,572.07220459
Liberia,LBR,2015,health_pc_current_usd,usd,WDI,69.40925598
Libya,LBY,2015,health_pc_current_usd,usd,WDI,433.06808472
St. Lucia,LCA,2015,health_pc_current_usd,usd,WDI,466.48291016
Latin America & Caribbean,LCN,2015,health_pc_current_usd,usd,WDI,681.597120952927
Least developed countries: UN classification,LDC,2015,health_pc_current_usd,usd,WDI,42.3472030533007
Low income,LIC,2015,health_pc_current_usd,usd,WDI,40.9133284319383
Sri Lanka,LKA,2015,health_pc_current_usd,usd,WDI,144.29077148
Lower middle income,LMC,2015,health_pc_current_usd,usd,WDI,73.7314515071278
Low & middle income,LMY,2015,health_pc_current_usd,usd,WDI,223.888030836382
Lesotho,LSO,2015,health_pc_current_usd,usd,WDI,105.09508514
Late-demographic dividend,LTE,2015,health_pc_current_usd,usd,WDI,449.361778144765
Lithuania,LTU,2015,health_pc_current_usd,usd,WDI,920.19976807
Luxembourg,LUX,2015,health_pc_current_usd,usd,WDI,5421.93212891
Latvia,LVA,2015,health_pc_current_usd,usd,WDI,775.86431885
Morocco,MAR,2015,health_pc_current_usd,usd,WDI,162.85198975
Monaco,MCO,2015,health_pc_current_usd,usd,WDI,7348.51708984
Moldova,MDA,2015,health_pc_current_usd,usd,WDI,186.43643188
Madagascar,MDG,2015,health_pc_current_usd,usd,WDI,22.29386139
Maldives,MDV,2015,health_pc_current_usd,usd,WDI,837.47290039
"Middle East, North Africa, Afghanistan & Pakistan",MEA,2015,health_pc_current_usd,usd,WDI,269.413457499236
Mexico,MEX,2015,health_pc_current_usd,usd,WDI,553.91259766
Marshall Islands,MHL,2015,health_pc_current_usd,usd,WDI,557.35211182
Middle income,MIC,2015,health_pc_current_usd,usd,WDI,239.04705433454
North Macedonia,MKD,2015,health_pc_current_usd,usd,WDI,322.25213623
Mali,MLI,2015,health_pc_current_usd,usd,WDI,28.97842216
Malta,MLT,2015,health_pc_current_usd,usd,WDI,2243.46704102
Myanmar,MMR,2015,health_pc_current_usd,usd,WDI,63.62335968
"Middle East, North Africa, Afghanistan & Pakistan (excluding high income)",MNA,2015,health_pc_current_usd,usd,WDI,152.639587182874
Montenegro,MNE,2015,health_pc_current_usd,usd,WDI,582.18743896
Mongolia,MNG,2015,health_pc_current_usd,usd,WDI,165.19296265
Mozambique,MOZ,2015,health_pc_current_usd,usd,WDI,40.35658646
Mauritania,MRT,2015,health_pc_current_usd,usd,WDI,57.1233139
Mauritius,MUS,2015,health_pc_current_usd,usd,WDI,515.72247314
Malawi,MWI,2015,health_pc_current_usd,usd,WDI,34.97310638
Malaysia,MYS,2015,health_pc_current_usd,usd,WDI,368.77331543
North America,NAC,2015,health_pc_current_usd,usd,WDI,8747.45512581522
Namibia,NAM,2015,health_pc_current_usd,usd,WDI,476.50942993
Niger,NER,2015,health_pc_current_usd,usd,WDI,25.96905327
Nigeria,NGA,2015,health_pc_current_usd,usd,WDI,92.91207123
Nicaragua,NIC,2015,health_pc_current_usd,usd,WDI,165.18948364
Netherlands,NLD,2015,health_pc_current_usd,usd,WDI,4676.56201172
Norway,NOR,2015,health_pc_current_usd,usd,WDI,7566.56152344
Nepal,NPL,2015,health_pc_current_usd,usd,WDI,46.49585342
Nauru,NRU,2015,health_pc_current_usd,usd,WDI,979.76556396
New Zealand,NZL,2015,health_pc_current_usd,usd,WDI,3582.66357422
OECD members,OED,2015,health_pc_current_usd,usd,WDI,4322.59842173949
Oman,OMN,2015,health_pc_current_usd,usd,WDI,767.04455566
Other small states,OSS,2015,health_pc_current_usd,usd,WDI,720.004211570655
Pakistan,PAK,2015,health_pc_current_usd,usd,WDI,33.99359894
Panama,PAN,2015,health_pc_current_usd,usd,WDI,982.06530762
Peru,PER,2015,health_pc_current_usd,usd,WDI,310.60983276
Philippines,PHL,2015,health_pc_current_usd,usd,WDI,113.4342804
Palau,PLW,2015,health_pc_current_usd,usd,WDI,1554.91186523
Papua New Guinea,PNG,2015,health_pc_current_usd,usd,WDI,45.18995285
Poland,POL,2015,health_pc_current_usd,usd,WDI,803.95965576
Pre-demographic dividend,PRE,2015,health_pc_current_usd,usd,WDI,61.8463709042306
Portugal,PRT,2015,health_pc_current_usd,usd,WDI,1790.53405762
Paraguay,PRY,2015,health_pc_current_usd,usd,WDI,393.42440796
West Bank and Gaza,PSE,2015,health_pc_current_usd,usd,WDI,286.91394043
Pacific island small states,PSS,2015,health_pc_current_usd,usd,WDI,178.434674421376
Post-demographic dividend,PST,2015,health_pc_current_usd,usd,WDI,5108.03596322978
Qatar,QAT,2015,health_pc_current_usd,usd,WDI,2422.64453125
Romania,ROU,2015,health_pc_current_usd,usd,WDI,442.24038696
Russian Federation,RUS,2015,health_pc_current_usd,usd,WDI,496.9503479
Rwanda,RWA,2015,health_pc_current_usd,usd,WDI,48.81341934
South Asia,SAS,2015,health_pc_current_usd,usd,WDI,56.7417052203767
Saudi Arabia,SAU,2015,health_pc_current_usd,usd,WDI,1309.27148438
Sudan,SDN,2015,health_pc_current_usd,usd,WDI,93.69758606
Senegal,SEN,2015,health_pc_current_usd,usd,WDI,53.32304382
Singapore,SGP,2015,health_pc_current_usd,usd,WDI,2330.39599609
Solomon Islands,SLB,2015,health_pc_current_usd,usd,WDI,90.99643707
Sierra Leone,SLE,2015,health_pc_current_usd,usd,WDI,118.66024017
El Salvador,SLV,2015,health_pc_current_usd,usd,WDI,331.96725464
San Marino,SMR,2015,health_pc_current_usd,usd,WDI,3530.04614258
Somalia,SOM,2015,health_pc_current_usd,usd,WDI,14.08594513
Serbia,SRB,2015,health_pc_current_usd,usd,WDI,491.25177002
Sub-Saharan Africa (excluding high income),SSA,2015,health_pc_current_usd,usd,WDI,89.2152958384562
Sub-Saharan Africa,SSF,2015,health_pc_current_usd,usd,WDI,82.5007713177299
Small states,SST,2015,health_pc_current_usd,usd,WDI,655.962078184719
Sao Tome and Principe,STP,2015,health_pc_current_usd,usd,WDI,85.37828827
Suriname,SUR,2015,health_pc_current_usd,usd,WDI,511.91244507
Slovak Republic,SVK,2015,health_pc_current_usd,usd,WDI,1108.87817383
Slovenia,SVN,2015,health_pc_current_usd,usd,WDI,1775.86071777
Sweden,SWE,2015,health_pc_current_usd,usd,WDI,5598.68164063
Eswatini,SWZ,2015,health_pc_current_usd,usd,WDI,250.71520996
Seychelles,SYC,2015,health_pc_current_usd,usd,WDI,575.63037109
Syrian Arab Republic,SYR,2015,health_pc_current_usd,usd,WDI,36.14657974
Chad,TCD,2015,health_pc_current_usd,usd,WDI,33.82092285
East Asia & Pacific (IDA & IBRD countries),TEA,2015,health_pc_current_usd,usd,WDI,307.295794077259
Europe & Central Asia (IDA & IBRD countries),TEC,2015,health_pc_current_usd,usd,WDI,416.091031451708
Togo,TGO,2015,health_pc_current_usd,usd,WDI,46.69767761
Thailand,THA,2015,health_pc_current_usd,usd,WDI,219.15092468
Tajikistan,TJK,2015,health_pc_current_usd,usd,WDI,62.75804901
Turkmenistan,TKM,2015,health_pc_current_usd,usd,WDI,362.72949219
Latin America & the Caribbean (IDA & IBRD countries),TLA,2015,health_pc_current_usd,usd,WDI,674.891653760169
Timor-Leste,TLS,2015,health_pc_current_usd,usd,WDI,101.4779892
"Middle East, North Africa, Afghanistan & Pakistan (IDA & IBRD)",TMN,2015,health_pc_current_usd,usd,WDI,151.73104708518
Tonga,TON,2015,health_pc_current_usd,usd,WDI,177.37759399
South Asia (IDA & IBRD),TSA,2015,health_pc_current_usd,usd,WDI,56.7417052203768
Sub-Saharan Africa (IDA & IBRD countries),TSS,2015,health_pc_current_usd,usd,WDI,82.5007713177299
Trinidad and Tobago,TTO,2015,health_pc_current_usd,usd,WDI,1061.58666992
Tunisia,TUN,2015,health_pc_current_usd,usd,WDI,249.46418762
Turkiye,TUR,2015,health_pc_current_usd,usd,WDI,444.70803833
Tuvalu,TUV,2015,health_pc_current_usd,usd,WDI,449.56771851
Tanzania,TZA,2015,health_pc_current_usd,usd,WDI,33.27184296
Uganda,UGA,2015,health_pc_current_usd,usd,WDI,40.09843445
Ukraine,UKR,2015,health_pc_current_usd,usd,WDI,154.75454712
Upper middle income,UMC,2015,health_pc_current_usd,usd,WDI,409.208859891013
Uruguay,URY,2015,health_pc_current_usd,usd,WDI,1424.8939209
United States,USA,2015,health_pc_current_usd,usd,WDI,9200.85839844
Uzbekistan,UZB,2015,health_pc_current_usd,usd,WDI,132.60565186
St. Vincent and the Grenadines,VCT,2015,health_pc_current_usd,usd,WDI,302.58422852
Viet Nam,VNM,2015,health_pc_current_usd,usd,WDI,121.43981171
Vanuatu,VUT,2015,health_pc_current_usd,usd,WDI,118.69898987
World,WLD,2015,health_pc_current_usd,usd,WDI,973.153997314177
Samoa,WSM,2015,health_pc_current_usd,usd,WDI,240.28297424
"Yemen, Rep.",YEM,2015,health_pc_current_usd,usd,WDI,57.9312973
South Africa,ZAF,2015,health_pc_current_usd,usd,WDI,491.90652466
Zambia,ZMB,2015,health_pc_current_usd,usd,WDI,57.38765335
Zimbabwe,ZWE,2015,health_pc_current_usd,usd,WDI,103.31652832
Africa Eastern and Southern,AFE,2016,health_pc_current_usd,usd,WDI,85.8992173772415
Afghanistan,AFG,2016,health_pc_current_usd,usd,WDI,61.37234497
Africa Western and Central,AFW,2016,health_pc_current_usd,usd,WDI,61.4480888061839
Angola,AGO,2016,health_pc_current_usd,usd,WDI,94.01481628
Albania,ALB,2016,health_pc_current_usd,usd,WDI,275.43676758
Andorra,AND,2016,health_pc_current_usd,usd,WDI,2769.15283203
Arab World,ARB,2016,health_pc_current_usd,usd,WDI,309.739806626305
United Arab Emirates,ARE,2016,health_pc_current_usd,usd,WDI,1592.91906738
Argentina,ARG,2016,health_pc_current_usd,usd,WDI,1251.65612793
Armenia,ARM,2016,health_pc_current_usd,usd,WDI,359.58227539
Antigua and Barbuda,ATG,2016,health_pc_current_usd,usd,WDI,817.88891602
Australia,AUS,2016,health_pc_current_usd,usd,WDI,5423.82666016
Austria,AUT,2016,health_pc_current_usd,usd,WDI,4709.87597656
Azerbaijan,AZE,2016,health_pc_current_usd,usd,WDI,169.69596863
Burundi,BDI,2016,health_pc_current_usd,usd,WDI,18.59472847
Belgium,BEL,2016,health_pc_current_usd,usd,WDI,4542.66162109
Benin,BEN,2016,health_pc_current_usd,usd,WDI,28.24943924
Burkina Faso,BFA,2016,health_pc_current_usd,usd,WDI,39.52329254
Bangladesh,BGD,2016,health_pc_current_usd,usd,WDI,39.30647659
Bulgaria,BGR,2016,health_pc_current_usd,usd,WDI,562.34082031
Bahrain,BHR,2016,health_pc_current_usd,usd,WDI,1095.92541504
"Bahamas, The",BHS,2016,health_pc_current_usd,usd,WDI,1729.71435547
Bosnia and Herzegovina,BIH,2016,health_pc_current_usd,usd,WDI,450.44155884
Belarus,BLR,2016,health_pc_current_usd,usd,WDI,296.94720459
Belize,BLZ,2016,health_pc_current_usd,usd,WDI,293.82302856
Bolivia,BOL,2016,health_pc_current_usd,usd,WDI,207.4511261
Brazil,BRA,2016,health_pc_current_usd,usd,WDI,810.20037842
Barbados,BRB,2016,health_pc_current_usd,usd,WDI,1181.14257813
Brunei Darussalam,BRN,2016,health_pc_current_usd,usd,WDI,679.46929932
Bhutan,BTN,2016,health_pc_current_usd,usd,WDI,97.42939758
Botswana,BWA,2016,health_pc_current_usd,usd,WDI,389.3107605
Central African Republic,CAF,2016,health_pc_current_usd,usd,WDI,21.07796097
Canada,CAN,2016,health_pc_current_usd,usd,WDI,4649.12109375
Central Europe and the Baltics,CEB,2016,health_pc_current_usd,usd,WDI,852.462615622003
Switzerland,CHE,2016,health_pc_current_usd,usd,WDI,9276.50292969
Chile,CHL,2016,health_pc_current_usd,usd,WDI,1167.89306641
China,CHN,2016,health_pc_current_usd,usd,WDI,398.17489624
Cote d'Ivoire,CIV,2016,health_pc_current_usd,usd,WDI,61.85705566
Cameroon,CMR,2016,health_pc_current_usd,usd,WDI,57.99372482
"Congo, Dem. Rep.",COD,2016,health_pc_current_usd,usd,WDI,19.3114109
"Congo, Rep.",COG,2016,health_pc_current_usd,usd,WDI,54.3000145
Colombia,COL,2016,health_pc_current_usd,usd,WDI,448.84588623
Comoros,COM,2016,health_pc_current_usd,usd,WDI,63.53099442
Cabo Verde,CPV,2016,health_pc_current_usd,usd,WDI,157.39906311
Costa Rica,CRI,2016,health_pc_current_usd,usd,WDI,884.73028564
Caribbean small states,CSS,2016,health_pc_current_usd,usd,WDI,748.604509716482
Cuba,CUB,2016,health_pc_current_usd,usd,WDI,990.92346191
Cyprus,CYP,2016,health_pc_current_usd,usd,WDI,1649.41247559
Czechia,CZE,2016,health_pc_current_usd,usd,WDI,1374.9005127
Germany,DEU,2016,health_pc_current_usd,usd,WDI,4746.77539063
Djibouti,DJI,2016,health_pc_current_usd,usd,WDI,68.82740021
Dominica,DMA,2016,health_pc_current_usd,usd,WDI,424.15756226
Denmark,DNK,2016,health_pc_current_usd,usd,WDI,5624.32861328
Dominican Republic,DOM,2016,health_pc_current_usd,usd,WDI,328.36526489
Algeria,DZA,2016,health_pc_current_usd,usd,WDI,265.53439331
East Asia & Pacific (excluding high income),EAP,2016,health_pc_current_usd,usd,WDI,312.578671837952
Early-demographic dividend,EAR,2016,health_pc_current_usd,usd,WDI,160.689211582871
East Asia & Pacific,EAS,2016,health_pc_current_usd,usd,WDI,636.821085275246
Europe & Central Asia (excluding high income),ECA,2016,health_pc_current_usd,usd,WDI,288.231758052887
Europe & Central Asia,ECS,2016,health_pc_current_usd,usd,WDI,2090.19445508138
Ecuador,ECU,2016,health_pc_current_usd,usd,WDI,449.03869629
"Egypt, Arab Rep.",EGY,2016,health_pc_current_usd,usd,WDI,142.61845398
Euro area,EMU,2016,health_pc_current_usd,usd,WDI,3564.61089405244
Eritrea,ERI,2016,health_pc_current_usd,usd,WDI,26.00592422
Spain,ESP,2016,health_pc_current_usd,usd,WDI,2377.04956055
Estonia,EST,2016,health_pc_current_usd,usd,WDI,1226.0859375
Ethiopia,ETH,2016,health_pc_current_usd,usd,WDI,24.34373283
European Union,EUU,2016,health_pc_current_usd,usd,WDI,3110.08791328845
Fragile and conflict affected situations,FCS,2016,health_pc_current_usd,usd,WDI,70.7440803744286
Finland,FIN,2016,health_pc_current_usd,usd,WDI,4108.73974609
Fiji,FJI,2016,health_pc_current_usd,usd,WDI,175.91635132
France,FRA,2016,health_pc_current_usd,usd,WDI,4264.14599609
"Micronesia, Fed. Sts.",FSM,2016,health_pc_current_usd,usd,WDI,399.74655151
Gabon,GAB,2016,health_pc_current_usd,usd,WDI,207.50273132
United Kingdom,GBR,2016,health_pc_current_usd,usd,WDI,4016.63916016
Georgia,GEO,2016,health_pc_current_usd,usd,WDI,319.31008911
Ghana,GHA,2016,health_pc_current_usd,usd,WDI,64.86400604
Guinea,GIN,2016,health_pc_current_usd,usd,WDI,38.46130753
"Gambia, The",GMB,2016,health_pc_current_usd,usd,WDI,20.77086067
Guinea-Bissau,GNB,2016,health_pc_current_usd,usd,WDI,56.60805511
Equatorial Guinea,GNQ,2016,health_pc_current_usd,usd,WDI,213.11793518
Greece,GRC,2016,health_pc_current_usd,usd,WDI,1513.25915527
Grenada,GRD,2016,health_pc_current_usd,usd,WDI,409.27841187
Guatemala,GTM,2016,health_pc_current_usd,usd,WDI,246.4538269
Guyana,GUY,2016,health_pc_current_usd,usd,WDI,235.91662598
High income,HIC,2016,health_pc_current_usd,usd,WDI,4505.43772200059
Honduras,HND,2016,health_pc_current_usd,usd,WDI,177.8835144
Heavily indebted poor countries (HIPC),HPC,2016,health_pc_current_usd,usd,WDI,45.4112495926008
Croatia,HRV,2016,health_pc_current_usd,usd,WDI,840.90124512
Haiti,HTI,2016,health_pc_current_usd,usd,WDI,60.06819153
Hungary,HUN,2016,health_pc_current_usd,usd,WDI,914.1932373
IBRD only,IBD,2016,health_pc_current_usd,usd,WDI,295.026790068792
IDA & IBRD total,IBT,2016,health_pc_current_usd,usd,WDI,232.534459732914
IDA total,IDA,2016,health_pc_current_usd,usd,WDI,52.2426106146793
IDA blend,IDB,2016,health_pc_current_usd,usd,WDI,63.6040118410645
Indonesia,IDN,2016,health_pc_current_usd,usd,WDI,106.40021515
IDA only,IDX,2016,health_pc_current_usd,usd,WDI,45.9685661880433
India,IND,2016,health_pc_current_usd,usd,WDI,59.72652817
Ireland,IRL,2016,health_pc_current_usd,usd,WDI,4726.31298828
"Iran, Islamic Rep.",IRN,2016,health_pc_current_usd,usd,WDI,444.43972778
Iraq,IRQ,2016,health_pc_current_usd,usd,WDI,199.88551331
Iceland,ISL,2016,health_pc_current_usd,usd,WDI,5053.51757813
Israel,ISR,2016,health_pc_current_usd,usd,WDI,2783.82495117
Italy,ITA,2016,health_pc_current_usd,usd,WDI,2699.73291016
Jamaica,JAM,2016,health_pc_current_usd,usd,WDI,285.60949707
Jordan,JOR,2016,health_pc_current_usd,usd,WDI,278.13378906
Japan,JPN,2016,health_pc_current_usd,usd,WDI,4194.22802734
Kazakhstan,KAZ,2016,health_pc_current_usd,usd,WDI,255.84049988
Kenya,KEN,2016,health_pc_current_usd,usd,WDI,73.88768005
Kyrgyz Republic,KGZ,2016,health_pc_current_usd,usd,WDI,71.52179718
Cambodia,KHM,2016,health_pc_current_usd,usd,WDI,75.22520447
Kiribati,KIR,2016,health_pc_current_usd,usd,WDI,157.72897339
St. Kitts and Nevis,KNA,2016,health_pc_current_usd,usd,WDI,1161.87097168
"Korea, Rep.",KOR,2016,health_pc_current_usd,usd,WDI,2015.13208008
Kuwait,KWT,2016,health_pc_current_usd,usd,WDI,1292.71984863
Latin America & Caribbean (excluding high income),LAC,2016,health_pc_current_usd,usd,WDI,625.337444410251
Lao PDR,LAO,2016,health_pc_current_usd,usd,WDI,54.3762207
Lebanon,LBN,2016,health_pc_current_usd,usd,WDI,640.96563721
Liberia,LBR,2016,health_pc_current_usd,usd,WDI,67.68016052
Libya,LBY,2016,health_pc_current_usd,usd,WDI,464.47531128
St. Lucia,LCA,2016,health_pc_current_usd,usd,WDI,472.43051147
Latin America & Caribbean,LCN,2016,health_pc_current_usd,usd,WDI,653.625632502314
Least developed countries: UN classification,LDC,2016,health_pc_current_usd,usd,WDI,42.0282931089015
Low income,LIC,2016,health_pc_current_usd,usd,WDI,38.6565844715447
Sri Lanka,LKA,2016,health_pc_current_usd,usd,WDI,145.32496643
Lower middle income,LMC,2016,health_pc_current_usd,usd,WDI,73.2037817058938
Low & middle income,LMY,2016,health_pc_current_usd,usd,WDI,221.919116007282
Lesotho,LSO,2016,health_pc_current_usd,usd,WDI,91.45993805
Late-demographic dividend,LTE,2016,health_pc_current_usd,usd,WDI,453.208516849605
Lithuania,LTU,2016,health_pc_current_usd,usd,WDI,988.5279541
Luxembourg,LUX,2016,health_pc_current_usd,usd,WDI,5475.13964844
Latvia,LVA,2016,health_pc_current_usd,usd,WDI,874.79772949
Morocco,MAR,2016,health_pc_current_usd,usd,WDI,162.21507263
Monaco,MCO,2016,health_pc_current_usd,usd,WDI,7149.51806641
Moldova,MDA,2016,health_pc_current_usd,usd,WDI,171.18476868
Madagascar,MDG,2016,health_pc_current_usd,usd,WDI,24.20793915
Maldives,MDV,2016,health_pc_current_usd,usd,WDI,1017.99908447
"Middle East, North Africa, Afghanistan & Pakistan",MEA,2016,health_pc_current_usd,usd,WDI,280.297128958768
Mexico,MEX,2016,health_pc_current_usd,usd,WDI,489.92230225
Marshall Islands,MHL,2016,health_pc_current_usd,usd,WDI,619.35668945
Middle income,MIC,2016,health_pc_current_usd,usd,WDI,237.360150534985
North Macedonia,MKD,2016,health_pc_current_usd,usd,WDI,347.44271851
Mali,MLI,2016,health_pc_current_usd,usd,WDI,27.58086205
Malta,MLT,2016,health_pc_current_usd,usd,WDI,2321.15332031
Myanmar,MMR,2016,health_pc_current_usd,usd,WDI,59.67910385
"Middle East, North Africa, Afghanistan & Pakistan (excluding high income)",MNA,2016,health_pc_current_usd,usd,WDI,158.250266147098
Montenegro,MNE,2016,health_pc_current_usd,usd,WDI,604.88665771
Mongolia,MNG,2016,health_pc_current_usd,usd,WDI,168.41404724
Mozambique,MOZ,2016,health_pc_current_usd,usd,WDI,31.85357285
Mauritania,MRT,2016,health_pc_current_usd,usd,WDI,49.90084076
Mauritius,MUS,2016,health_pc_current_usd,usd,WDI,540.39239502
Malawi,MWI,2016,health_pc_current_usd,usd,WDI,34.0307579
Malaysia,MYS,2016,health_pc_current_usd,usd,WDI,350.71160889
North America,NAC,2016,health_pc_current_usd,usd,WDI,9046.62459230092
Namibia,NAM,2016,health_pc_current_usd,usd,WDI,409.78106689
Niger,NER,2016,health_pc_current_usd,usd,WDI,22.68474007
Nigeria,NGA,2016,health_pc_current_usd,usd,WDI,75.52328491
Nicaragua,NIC,2016,health_pc_current_usd,usd,WDI,171.5748291
Netherlands,NLD,2016,health_pc_current_usd,usd,WDI,4644.02099609
Norway,NOR,2016,health_pc_current_usd,usd,WDI,7492.07666016
Nepal,NPL,2016,health_pc_current_usd,usd,WDI,47.1232872
Nauru,NRU,2016,health_pc_current_usd,usd,WDI,981.88366699
New Zealand,NZL,2016,health_pc_current_usd,usd,WDI,3702.37109375
OECD members,OED,2016,health_pc_current_usd,usd,WDI,4445.73699357175
Oman,OMN,2016,health_pc_current_usd,usd,WDI,714.48864746
Other small states,OSS,2016,health_pc_current_usd,usd,WDI,764.353476207571
Pakistan,PAK,2016,health_pc_current_usd,usd,WDI,36.46934128
Panama,PAN,2016,health_pc_current_usd,usd,WDI,1056.68481445
Peru,PER,2016,health_pc_current_usd,usd,WDI,311.33517456
Philippines,PHL,2016,health_pc_current_usd,usd,WDI,118.05981445
Palau,PLW,2016,health_pc_current_usd,usd,WDI,1704.62316895
Papua New Guinea,PNG,2016,health_pc_current_usd,usd,WDI,53.98646545
Poland,POL,2016,health_pc_current_usd,usd,WDI,816.08618164
Pre-demographic dividend,PRE,2016,health_pc_current_usd,usd,WDI,59.4109632757403
Portugal,PRT,2016,health_pc_current_usd,usd,WDI,1875.2421875
Paraguay,PRY,2016,health_pc_current_usd,usd,WDI,385.52297974
West Bank and Gaza,PSE,2016,health_pc_current_usd,usd,WDI,299.4125061
Pacific island small states,PSS,2016,health_pc_current_usd,usd,WDI,185.202154850089
Post-demographic dividend,PST,2016,health_pc_current_usd,usd,WDI,5270.92887590256
Qatar,QAT,2016,health_pc_current_usd,usd,WDI,2072.06103516
Romania,ROU,2016,health_pc_current_usd,usd,WDI,476.24505615
Russian Federation,RUS,2016,health_pc_current_usd,usd,WDI,463.29275513
Rwanda,RWA,2016,health_pc_current_usd,usd,WDI,50.77831268
South Asia,SAS,2016,health_pc_current_usd,usd,WDI,58.8470714953936
Saudi Arabia,SAU,2016,health_pc_current_usd,usd,WDI,1353.21813965
Sudan,SDN,2016,health_pc_current_usd,usd,WDI,89.39611053
Senegal,SEN,2016,health_pc_current_usd,usd,WDI,53.90053558
Singapore,SGP,2016,health_pc_current_usd,usd,WDI,2488.28295898
Solomon Islands,SLB,2016,health_pc_current_usd,usd,WDI,94.32994843
Sierra Leone,SLE,2016,health_pc_current_usd,usd,WDI,84.6361618
El Salvador,SLV,2016,health_pc_current_usd,usd,WDI,339.97875977
San Marino,SMR,2016,health_pc_current_usd,usd,WDI,3621.23266602
Somalia,SOM,2016,health_pc_current_usd,usd,WDI,11.72021103
Serbia,SRB,2016,health_pc_current_usd,usd,WDI,486.42944336
Sub-Saharan Africa (excluding high income),SSA,2016,health_pc_current_usd,usd,WDI,81.6356923289091
Sub-Saharan Africa,SSF,2016,health_pc_current_usd,usd,WDI,75.8217575134705
Small states,SST,2016,health_pc_current_usd,usd,WDI,683.833656503034
Sao Tome and Principe,STP,2016,health_pc_current_usd,usd,WDI,109.73142242
Suriname,SUR,2016,health_pc_current_usd,usd,WDI,338.24822998
Slovak Republic,SVK,2016,health_pc_current_usd,usd,WDI,1175.6270752
Slovenia,SVN,2016,health_pc_current_usd,usd,WDI,1838.65405273
Sweden,SWE,2016,health_pc_current_usd,usd,WDI,5680.72607422
Eswatini,SWZ,2016,health_pc_current_usd,usd,WDI,226.41770935
Seychelles,SYC,2016,health_pc_current_usd,usd,WDI,673.19622803
Syrian Arab Republic,SYR,2016,health_pc_current_usd,usd,WDI,25.93214798
Chad,TCD,2016,health_pc_current_usd,usd,WDI,31.96038055
East Asia & Pacific (IDA & IBRD countries),TEA,2016,health_pc_current_usd,usd,WDI,312.594429342351
Europe & Central Asia (IDA & IBRD countries),TEC,2016,health_pc_current_usd,usd,WDI,405.534014860939
Togo,TGO,2016,health_pc_current_usd,usd,WDI,50.64896011
Thailand,THA,2016,health_pc_current_usd,usd,WDI,229.7849884
Tajikistan,TJK,2016,health_pc_current_usd,usd,WDI,54.9213562
Turkmenistan,TKM,2016,health_pc_current_usd,usd,WDI,376.65567017
Latin America & the Caribbean (IDA & IBRD countries),TLA,2016,health_pc_current_usd,usd,WDI,646.332181073287
Timor-Leste,TLS,2016,health_pc_current_usd,usd,WDI,92.69400787
"Middle East, North Africa, Afghanistan & Pakistan (IDA & IBRD)",TMN,2016,health_pc_current_usd,usd,WDI,157.289243606082
Tonga,TON,2016,health_pc_current_usd,usd,WDI,202.96311951
South Asia (IDA & IBRD),TSA,2016,health_pc_current_usd,usd,WDI,58.8470714953936
Sub-Saharan Africa (IDA & IBRD countries),TSS,2016,health_pc_current_usd,usd,WDI,75.8217575134705
Trinidad and Tobago,TTO,2016,health_pc_current_usd,usd,WDI,1064.41772461
Tunisia,TUN,2016,health_pc_current_usd,usd,WDI,240.40258789
Turkiye,TUR,2016,health_pc_current_usd,usd,WDI,456.3659668
Tuvalu,TUV,2016,health_pc_current_usd,usd,WDI,697.90136719
Tanzania,TZA,2016,health_pc_current_usd,usd,WDI,36.65267563
Uganda,UGA,2016,health_pc_current_usd,usd,WDI,39.08125305
Ukraine,UKR,2016,health_pc_current_usd,usd,WDI,154.5546875
Upper middle income,UMC,2016,health_pc_current_usd,usd,WDI,407.50670948494
Uruguay,URY,2016,health_pc_current_usd,usd,WDI,1469.38964844
United States,USA,2016,health_pc_current_usd,usd,WDI,9536.20605469
Uzbekistan,UZB,2016,health_pc_current_usd,usd,WDI,129.82177734
St. Vincent and the Grenadines,VCT,2016,health_pc_current_usd,usd,WDI,313.66229248
Viet Nam,VNM,2016,health_pc_current_usd,usd,WDI,133.1960144
Vanuatu,VUT,2016,health_pc_current_usd,usd,WDI,88.35998535
World,WLD,2016,health_pc_current_usd,usd,WDI,990.828689109682
Samoa,WSM,2016,health_pc_current_usd,usd,WDI,238.34661865
"Yemen, Rep.",YEM,2016,health_pc_current_usd,usd,WDI,47.25681305
South Africa,ZAF,2016,health_pc_current_usd,usd,WDI,456.56936646
Zambia,ZMB,2016,health_pc_current_usd,usd,WDI,55.39532089
Zimbabwe,ZWE,2016,health_pc_current_usd,usd,WDI,105.11625671
Africa Eastern and Southern,AFE,2017,health_pc_current_usd,usd,WDI,90.0131504862594
Afghanistan,AFG,2017,health_pc_current_usd,usd,WDI,66.82388306
Africa Western and Central,AFW,2017,health_pc_current_usd,usd,WDI,58.2215149144805
Angola,AGO,2017,health_pc_current_usd,usd,WDI,112.75364685
Albania,ALB,2017,health_pc_current_usd,usd,WDI,295.52346802
Andorra,AND,2017,health_pc_current_usd,usd,WDI,2876.17871094
Arab World,ARB,2017,health_pc_current_usd,usd,WDI,304.305536993425
United Arab Emirates,ARE,2017,health_pc_current_usd,usd,WDI,1695.203125
Argentina,ARG,2017,health_pc_current_usd,usd,WDI,1486.92871094
Armenia,ARM,2017,health_pc_current_usd,usd,WDI,409.80145264
Antigua and Barbuda,ATG,2017,health_pc_current_usd,usd,WDI,791.12322998
Australia,AUS,2017,health_pc_current_usd,usd,WDI,5780.53710938
Austria,AUT,2017,health_pc_current_usd,usd,WDI,4938.92041016
Azerbaijan,AZE,2017,health_pc_current_usd,usd,WDI,167.01565552
Burundi,BDI,2017,health_pc_current_usd,usd,WDI,19.16801643
Belgium,BEL,2017,health_pc_current_usd,usd,WDI,4783.80664063
Benin,BEN,2017,health_pc_current_usd,usd,WDI,28.14816666
Burkina Faso,BFA,2017,health_pc_current_usd,usd,WDI,42.94480133
Bangladesh,BGD,2017,health_pc_current_usd,usd,WDI,42.17510986
Bulgaria,BGR,2017,health_pc_current_usd,usd,WDI,624.55499268
Bahrain,BHR,2017,health_pc_current_usd,usd,WDI,1080.08898926
"Bahamas, The",BHS,2017,health_pc_current_usd,usd,WDI,2118.64892578
Bosnia and Herzegovina,BIH,2017,health_pc_current_usd,usd,WDI,471.32647705
Belarus,BLR,2017,health_pc_current_usd,usd,WDI,331.94082642
Belize,BLZ,2017,health_pc_current_usd,usd,WDI,281.39849854
Bolivia,BOL,2017,health_pc_current_usd,usd,WDI,214.58572388
Brazil,BRA,2017,health_pc_current_usd,usd,WDI,954.75012207
Barbados,BRB,2017,health_pc_current_usd,usd,WDI,1182.00366211
Brunei Darussalam,BRN,2017,health_pc_current_usd,usd,WDI,636.22973633
Bhutan,BTN,2017,health_pc_current_usd,usd,WDI,103.63583374
Botswana,BWA,2017,health_pc_current_usd,usd,WDI,471.05056763
Central African Republic,CAF,2017,health_pc_current_usd,usd,WDI,28.81619644
Canada,CAN,2017,health_pc_current_usd,usd,WDI,4899.25390625
Central Europe and the Baltics,CEB,2017,health_pc_current_usd,usd,WDI,938.687148427177
Switzerland,CHE,2017,health_pc_current_usd,usd,WDI,9423.64941406
Chile,CHL,2017,health_pc_current_usd,usd,WDI,1353.69274902
China,CHN,2017,health_pc_current_usd,usd,WDI,439.94006348
Cote d'Ivoire,CIV,2017,health_pc_current_usd,usd,WDI,63.77943039
Cameroon,CMR,2017,health_pc_current_usd,usd,WDI,56.7457695
"Congo, Dem. Rep.",COD,2017,health_pc_current_usd,usd,WDI,18.14648819
"Congo, Rep.",COG,2017,health_pc_current_usd,usd,WDI,52.29982376
Colombia,COL,2017,health_pc_current_usd,usd,WDI,497.54016113
Comoros,COM,2017,health_pc_current_usd,usd,WDI,75.01337433
Cabo Verde,CPV,2017,health_pc_current_usd,usd,WDI,184.75575256
Costa Rica,CRI,2017,health_pc_current_usd,usd,WDI,867.76733398
Caribbean small states,CSS,2017,health_pc_current_usd,usd,WDI,792.638016077517
Cuba,CUB,2017,health_pc_current_usd,usd,WDI,987.81030273
Cyprus,CYP,2017,health_pc_current_usd,usd,WDI,1773.41162109
Czechia,CZE,2017,health_pc_current_usd,usd,WDI,1516.75012207
Germany,DEU,2017,health_pc_current_usd,usd,WDI,5065.43164063
Djibouti,DJI,2017,health_pc_current_usd,usd,WDI,64.65093994
Dominica,DMA,2017,health_pc_current_usd,usd,WDI,415.87072754
Denmark,DNK,2017,health_pc_current_usd,usd,WDI,5834.02050781
Dominican Republic,DOM,2017,health_pc_current_usd,usd,WDI,336.98895264
Algeria,DZA,2017,health_pc_current_usd,usd,WDI,270.93261719
East Asia & Pacific (excluding high income),EAP,2017,health_pc_current_usd,usd,WDI,342.751972720443
Early-demographic dividend,EAR,2017,health_pc_current_usd,usd,WDI,165.943173026042
East Asia & Pacific,EAS,2017,health_pc_current_usd,usd,WDI,668.759478170624
Europe & Central Asia (excluding high income),ECA,2017,health_pc_current_usd,usd,WDI,287.484697899599
Europe & Central Asia,ECS,2017,health_pc_current_usd,usd,WDI,2186.2315279148
Ecuador,ECU,2017,health_pc_current_usd,usd,WDI,469.04544067
"Egypt, Arab Rep.",EGY,2017,health_pc_current_usd,usd,WDI,106.00288391
Euro area,EMU,2017,health_pc_current_usd,usd,WDI,3754.97879997207
Eritrea,ERI,2017,health_pc_current_usd,usd,WDI,25.10270691
Spain,ESP,2017,health_pc_current_usd,usd,WDI,2525.13964844
Estonia,EST,2017,health_pc_current_usd,usd,WDI,1350.12646484
Ethiopia,ETH,2017,health_pc_current_usd,usd,WDI,24.18239403
European Union,EUU,2017,health_pc_current_usd,usd,WDI,3283.96168067475
Fragile and conflict affected situations,FCS,2017,health_pc_current_usd,usd,WDI,69.7724312206444
Finland,FIN,2017,health_pc_current_usd,usd,WDI,4235.75488281
Fiji,FJI,2017,health_pc_current_usd,usd,WDI,185.69645691
France,FRA,2017,health_pc_current_usd,usd,WDI,4416.79199219
"Micronesia, Fed. Sts.",FSM,2017,health_pc_current_usd,usd,WDI,408.86560059
Gabon,GAB,2017,health_pc_current_usd,usd,WDI,192.47543335
United Kingdom,GBR,2017,health_pc_current_usd,usd,WDI,3907.82226563
Georgia,GEO,2017,health_pc_current_usd,usd,WDI,302.26367188
Ghana,GHA,2017,health_pc_current_usd,usd,WDI,54.10602188
Guinea,GIN,2017,health_pc_current_usd,usd,WDI,32.63646317
"Gambia, The",GMB,2017,health_pc_current_usd,usd,WDI,21.55331612
Guinea-Bissau,GNB,2017,health_pc_current_usd,usd,WDI,54.8225174
Equatorial Guinea,GNQ,2017,health_pc_current_usd,usd,WDI,214.52722168
Greece,GRC,2017,health_pc_current_usd,usd,WDI,1509.7845459
Grenada,GRD,2017,health_pc_current_usd,usd,WDI,454.07266235
Guatemala,GTM,2017,health_pc_current_usd,usd,WDI,265.36593628
Guyana,GUY,2017,health_pc_current_usd,usd,WDI,266.86364746
High income,HIC,2017,health_pc_current_usd,usd,WDI,4669.88922322515
Honduras,HND,2017,health_pc_current_usd,usd,WDI,169.07194519
Heavily indebted poor countries (HIPC),HPC,2017,health_pc_current_usd,usd,WDI,44.1804403887853
Croatia,HRV,2017,health_pc_current_usd,usd,WDI,902.62518311
Haiti,HTI,2017,health_pc_current_usd,usd,WDI,53.80579758
Hungary,HUN,2017,health_pc_current_usd,usd,WDI,985.07196045
IBRD only,IBD,2017,health_pc_current_usd,usd,WDI,323.312987314111
IDA & IBRD total,IBT,2017,health_pc_current_usd,usd,WDI,252.283085885498
IDA total,IDA,2017,health_pc_current_usd,usd,WDI,51.1662319326451
IDA blend,IDB,2017,health_pc_current_usd,usd,WDI,61.2185289829657
Indonesia,IDN,2017,health_pc_current_usd,usd,WDI,110.32610321
IDA only,IDX,2017,health_pc_current_usd,usd,WDI,45.6867700940673
India,IND,2017,health_pc_current_usd,usd,WDI,56.66844559
Ireland,IRL,2017,health_pc_current_usd,usd,WDI,5010.25634766
"Iran, Islamic Rep.",IRN,2017,health_pc_current_usd,usd,WDI,464.12908936
Iraq,IRQ,2017,health_pc_current_usd,usd,WDI,197.23654175
Iceland,ISL,2017,health_pc_current_usd,usd,WDI,5992.05322266
Israel,ISR,2017,health_pc_current_usd,usd,WDI,3074.44604492
Italy,ITA,2017,health_pc_current_usd,usd,WDI,2809.72143555
Jamaica,JAM,2017,health_pc_current_usd,usd,WDI,323.37380981
Jordan,JOR,2017,health_pc_current_usd,usd,WDI,289.04656982
Japan,JPN,2017,health_pc_current_usd,usd,WDI,4135.24316406
Kazakhstan,KAZ,2017,health_pc_current_usd,usd,WDI,272.98272705
Kenya,KEN,2017,health_pc_current_usd,usd,WDI,66.46552277
Kyrgyz Republic,KGZ,2017,health_pc_current_usd,usd,WDI,76.60479736
Cambodia,KHM,2017,health_pc_current_usd,usd,WDI,77.97311401
Kiribati,KIR,2017,health_pc_current_usd,usd,WDI,179.57881165
St. Kitts and Nevis,KNA,2017,health_pc_current_usd,usd,WDI,1185.9017334
"Korea, Rep.",KOR,2017,health_pc_current_usd,usd,WDI,2221.75146484
Kuwait,KWT,2017,health_pc_current_usd,usd,WDI,1351.72387695
Latin America & Caribbean (excluding high income),LAC,2017,health_pc_current_usd,usd,WDI,707.790378563965
Lao PDR,LAO,2017,health_pc_current_usd,usd,WDI,61.42248535
Lebanon,LBN,2017,health_pc_current_usd,usd,WDI,671.77996826
Liberia,LBR,2017,health_pc_current_usd,usd,WDI,71.56608582
Libya,LBY,2017,health_pc_current_usd,usd,WDI,466.08538818
St. Lucia,LCA,2017,health_pc_current_usd,usd,WDI,495.12600708
Latin America & Caribbean,LCN,2017,health_pc_current_usd,usd,WDI,739.0802553909
Least developed countries: UN classification,LDC,2017,health_pc_current_usd,usd,WDI,42.5794355418802
Low income,LIC,2017,health_pc_current_usd,usd,WDI,37.0624979230747
Sri Lanka,LKA,2017,health_pc_current_usd,usd,WDI,142.32518005
Lower middle income,LMC,2017,health_pc_current_usd,usd,WDI,71.0465286068633
Low & middle income,LMY,2017,health_pc_current_usd,usd,WDI,238.580651370357
Lesotho,LSO,2017,health_pc_current_usd,usd,WDI,115.9289093
Late-demographic dividend,LTE,2017,health_pc_current_usd,usd,WDI,508.040762303733
Lithuania,LTU,2017,health_pc_current_usd,usd,WDI,1078.17138672
Luxembourg,LUX,2017,health_pc_current_usd,usd,WDI,5713.11865234
Latvia,LVA,2017,health_pc_current_usd,usd,WDI,932.50158691
Morocco,MAR,2017,health_pc_current_usd,usd,WDI,166.8500061
Monaco,MCO,2017,health_pc_current_usd,usd,WDI,7098.20507813
Moldova,MDA,2017,health_pc_current_usd,usd,WDI,243.94540405
Madagascar,MDG,2017,health_pc_current_usd,usd,WDI,23.62072182
Maldives,MDV,2017,health_pc_current_usd,usd,WDI,961.57415771
"Middle East, North Africa, Afghanistan & Pakistan",MEA,2017,health_pc_current_usd,usd,WDI,286.800089736746
Mexico,MEX,2017,health_pc_current_usd,usd,WDI,512.54974365
Marshall Islands,MHL,2017,health_pc_current_usd,usd,WDI,553.06298828
Middle income,MIC,2017,health_pc_current_usd,usd,WDI,256.251073309727
North Macedonia,MKD,2017,health_pc_current_usd,usd,WDI,375.3303833
Mali,MLI,2017,health_pc_current_usd,usd,WDI,28.49467659
Malta,MLT,2017,health_pc_current_usd,usd,WDI,2551.71606445
Myanmar,MMR,2017,health_pc_current_usd,usd,WDI,59.51782608
"Middle East, North Africa, Afghanistan & Pakistan (excluding high income)",MNA,2017,health_pc_current_usd,usd,WDI,158.142511055104
Montenegro,MNE,2017,health_pc_current_usd,usd,WDI,623.68841553
Mongolia,MNG,2017,health_pc_current_usd,usd,WDI,160.4889679
Mozambique,MOZ,2017,health_pc_current_usd,usd,WDI,36.75825882
Mauritania,MRT,2017,health_pc_current_usd,usd,WDI,55.22446442
Mauritius,MUS,2017,health_pc_current_usd,usd,WDI,594.86120605
Malawi,MWI,2017,health_pc_current_usd,usd,WDI,37.60110092
Malaysia,MYS,2017,health_pc_current_usd,usd,WDI,366.36639404
North America,NAC,2017,health_pc_current_usd,usd,WDI,9326.95236843364
Namibia,NAM,2017,health_pc_current_usd,usd,WDI,448.58221436
Niger,NER,2017,health_pc_current_usd,usd,WDI,29.09627533
Nigeria,NGA,2017,health_pc_current_usd,usd,WDI,70.31814575
Nicaragua,NIC,2017,health_pc_current_usd,usd,WDI,181.75810242
Netherlands,NLD,2017,health_pc_current_usd,usd,WDI,4934.57519531
Norway,NOR,2017,health_pc_current_usd,usd,WDI,7815.78710938
Nepal,NPL,2017,health_pc_current_usd,usd,WDI,49.63053513
Nauru,NRU,2017,health_pc_current_usd,usd,WDI,1127.47509766
New Zealand,NZL,2017,health_pc_current_usd,usd,WDI,3849.74169922
OECD members,OED,2017,health_pc_current_usd,usd,WDI,4588.60173762317
Oman,OMN,2017,health_pc_current_usd,usd,WDI,704.6295166
Other small states,OSS,2017,health_pc_current_usd,usd,WDI,837.164480785766
Pakistan,PAK,2017,health_pc_current_usd,usd,WDI,42.07228851
Panama,PAN,2017,health_pc_current_usd,usd,WDI,1126.96154785
Peru,PER,2017,health_pc_current_usd,usd,WDI,332.54321289
Philippines,PHL,2017,health_pc_current_usd,usd,WDI,120.32259369
Palau,PLW,2017,health_pc_current_usd,usd,WDI,1775.32849121
Papua New Guinea,PNG,2017,health_pc_current_usd,usd,WDI,55.24723816
Poland,POL,2017,health_pc_current_usd,usd,WDI,909.57818604
Pre-demographic dividend,PRE,2017,health_pc_current_usd,usd,WDI,57.3606650669135
Portugal,PRT,2017,health_pc_current_usd,usd,WDI,1998.06469727
Paraguay,PRY,2017,health_pc_current_usd,usd,WDI,406.60488892
West Bank and Gaza,PSE,2017,health_pc_current_usd,usd,WDI,310.2114563
Pacific island small states,PSS,2017,health_pc_current_usd,usd,WDI,189.349287277612
Post-demographic dividend,PST,2017,health_pc_current_usd,usd,WDI,5445.85688712309
Qatar,QAT,2017,health_pc_current_usd,usd,WDI,1911.95361328
Romania,ROU,2017,health_pc_current_usd,usd,WDI,555.11309814
Russian Federation,RUS,2017,health_pc_current_usd,usd,WDI,577.06811523
Rwanda,RWA,2017,health_pc_current_usd,usd,WDI,48.27599335
South Asia,SAS,2017,health_pc_current_usd,usd,WDI,56.5030872218436
Saudi Arabia,SAU,2017,health_pc_current_usd,usd,WDI,1400.90356445
Sudan,SDN,2017,health_pc_current_usd,usd,WDI,67.75525665
Senegal,SEN,2017,health_pc_current_usd,usd,WDI,56.49185944
Singapore,SGP,2017,health_pc_current_usd,usd,WDI,2645.3293457
Solomon Islands,SLB,2017,health_pc_current_usd,usd,WDI,89.29357147
Sierra Leone,SLE,2017,health_pc_current_usd,usd,WDI,47.37737274
El Salvador,SLV,2017,health_pc_current_usd,usd,WDI,338.60742188
San Marino,SMR,2017,health_pc_current_usd,usd,WDI,3672.30322266
Somalia,SOM,2017,health_pc_current_usd,usd,WDI,13.46292782
Serbia,SRB,2017,health_pc_current_usd,usd,WDI,515.84588623
Sub-Saharan Africa (excluding high income),SSA,2017,health_pc_current_usd,usd,WDI,82.9575322462308
South Sudan,SSD,2017,health_pc_current_usd,usd,WDI,28.05690956
Sub-Saharan Africa,SSF,2017,health_pc_current_usd,usd,WDI,77.0463185427596
Small states,SST,2017,health_pc_current_usd,usd,WDI,740.669625757146
Sao Tome and Principe,STP,2017,health_pc_current_usd,usd,WDI,117.07767487
Suriname,SUR,2017,health_pc_current_usd,usd,WDI,322.00415039
Slovak Republic,SVK,2017,health_pc_current_usd,usd,WDI,1189.07983398
Slovenia,SVN,2017,health_pc_current_usd,usd,WDI,1925.03466797
Sweden,SWE,2017,health_pc_current_usd,usd,WDI,5837.77099609
Eswatini,SWZ,2017,health_pc_current_usd,usd,WDI,265.50152588
Seychelles,SYC,2017,health_pc_current_usd,usd,WDI,667.09515381
Syrian Arab Republic,SYR,2017,health_pc_current_usd,usd,WDI,33.63182449
Chad,TCD,2017,health_pc_current_usd,usd,WDI,29.9935894
East Asia & Pacific (IDA & IBRD countries),TEA,2017,health_pc_current_usd,usd,WDI,342.768661584332
Europe & Central Asia (IDA & IBRD countries),TEC,2017,health_pc_current_usd,usd,WDI,453.376040327355
Togo,TGO,2017,health_pc_current_usd,usd,WDI,51.5464592
Thailand,THA,2017,health_pc_current_usd,usd,WDI,247.08152771
Tajikistan,TJK,2017,health_pc_current_usd,usd,WDI,56.85092545
Turkmenistan,TKM,2017,health_pc_current_usd,usd,WDI,410.81082153
Latin America & the Caribbean (IDA & IBRD countries),TLA,2017,health_pc_current_usd,usd,WDI,733.36935305515
Timor-Leste,TLS,2017,health_pc_current_usd,usd,WDI,86.16269684
"Middle East, North Africa, Afghanistan & Pakistan (IDA & IBRD)",TMN,2017,health_pc_current_usd,usd,WDI,157.103994735518
Tonga,TON,2017,health_pc_current_usd,usd,WDI,240.52340698
South Asia (IDA & IBRD),TSA,2017,health_pc_current_usd,usd,WDI,56.5030872218436
Sub-Saharan Africa (IDA & IBRD countries),TSS,2017,health_pc_current_usd,usd,WDI,77.0463185427596
Trinidad and Tobago,TTO,2017,health_pc_current_usd,usd,WDI,1083.37609863
Tunisia,TUN,2017,health_pc_current_usd,usd,WDI,223.85903931
Turkiye,TUR,2017,health_pc_current_usd,usd,WDI,432.13754272
Tuvalu,TUV,2017,health_pc_current_usd,usd,WDI,1001.7612915
Tanzania,TZA,2017,health_pc_current_usd,usd,WDI,39.03560638
Uganda,UGA,2017,health_pc_current_usd,usd,WDI,31.43818092
Ukraine,UKR,2017,health_pc_current_usd,usd,WDI,183.69506836
Upper middle income,UMC,2017,health_pc_current_usd,usd,WDI,449.485551565983
Uruguay,URY,2017,health_pc_current_usd,usd,WDI,1672.3314209
United States,USA,2017,health_pc_current_usd,usd,WDI,9822.37890625
Uzbekistan,UZB,2017,health_pc_current_usd,usd,WDI,93.4151535
St. Vincent and the Grenadines,VCT,2017,health_pc_current_usd,usd,WDI,337.89614868
Viet Nam,VNM,2017,health_pc_current_usd,usd,WDI,147.51425171
Vanuatu,VUT,2017,health_pc_current_usd,usd,WDI,91.04128265
World,WLD,2017,health_pc_current_usd,usd,WDI,1027.11865107052
Samoa,WSM,2017,health_pc_current_usd,usd,WDI,220.82498169
"Yemen, Rep.",YEM,2017,health_pc_current_usd,usd,WDI,51.94430542
South Africa,ZAF,2017,health_pc_current_usd,usd,WDI,527.52020264
Zambia,ZMB,2017,health_pc_current_usd,usd,WDI,70.93283844
Zimbabwe,ZWE,2017,health_pc_current_usd,usd,WDI,91.87199402
Africa Eastern and Southern,AFE,2018,health_pc_current_usd,usd,WDI,90.0756532490733
Afghanistan,AFG,2018,health_pc_current_usd,usd,WDI,71.22509003
Africa Western and Central,AFW,2018,health_pc_current_usd,usd,WDI,56.1242645554959
Angola,AGO,2018,health_pc_current_usd,usd,WDI,84.03104401
Albania,ALB,2018,health_pc_current_usd,usd,WDI,349.21127319
Andorra,AND,2018,health_pc_current_usd,usd,WDI,3158.13647461
Arab World,ARB,2018,health_pc_current_usd,usd,WDI,320.738335147228
United Arab Emirates,ARE,2018,health_pc_current_usd,usd,WDI,1872.58422852
Argentina,ARG,2018,health_pc_current_usd,usd,WDI,1209.5357666
Armenia,ARM,2018,health_pc_current_usd,usd,WDI,428.34570313
Antigua and Barbuda,ATG,2018,health_pc_current_usd,usd,WDI,856.37127686
Australia,AUS,2018,health_pc_current_usd,usd,WDI,5830.1015625
Austria,AUT,2018,health_pc_current_usd,usd,WDI,5337.21826172
Azerbaijan,AZE,2018,health_pc_current_usd,usd,WDI,180.03610229
Burundi,BDI,2018,health_pc_current_usd,usd,WDI,18.67819214
Belgium,BEL,2018,health_pc_current_usd,usd,WDI,5176.85498047
Benin,BEN,2018,health_pc_current_usd,usd,WDI,33.21631241
Burkina Faso,BFA,2018,health_pc_current_usd,usd,WDI,38.91588593
Bangladesh,BGD,2018,health_pc_current_usd,usd,WDI,44.78892899
Bulgaria,BGR,2018,health_pc_current_usd,usd,WDI,689.90539551
Bahrain,BHR,2018,health_pc_current_usd,usd,WDI,1041.8560791
"Bahamas, The",BHS,2018,health_pc_current_usd,usd,WDI,1941.9576416
Bosnia and Herzegovina,BIH,2018,health_pc_current_usd,usd,WDI,529.85546875
Belarus,BLR,2018,health_pc_current_usd,usd,WDI,349.99176025
Belize,BLZ,2018,health_pc_current_usd,usd,WDI,287.49368286
Bolivia,BOL,2018,health_pc_current_usd,usd,WDI,231.18806458
Brazil,BRA,2018,health_pc_current_usd,usd,WDI,880.28430176
Barbados,BRB,2018,health_pc_current_usd,usd,WDI,1169.35559082
Brunei Darussalam,BRN,2018,health_pc_current_usd,usd,WDI,747.7253418
Bhutan,BTN,2018,health_pc_current_usd,usd,WDI,102.01222992
Botswana,BWA,2018,health_pc_current_usd,usd,WDI,447.4473877
Central African Republic,CAF,2018,health_pc_current_usd,usd,WDI,51.3541069
Canada,CAN,2018,health_pc_current_usd,usd,WDI,5062.38476563
Central Europe and the Baltics,CEB,2018,health_pc_current_usd,usd,WDI,1054.54636661876
Switzerland,CHE,2018,health_pc_current_usd,usd,WDI,9577.30273438
Chile,CHL,2018,health_pc_current_usd,usd,WDI,1430.70263672
China,CHN,2018,health_pc_current_usd,usd,WDI,504.10980225
Cote d'Ivoire,CIV,2018,health_pc_current_usd,usd,WDI,65.87952423
Cameroon,CMR,2018,health_pc_current_usd,usd,WDI,58.32909393
"Congo, Dem. Rep.",COD,2018,health_pc_current_usd,usd,WDI,17.29077148
"Congo, Rep.",COG,2018,health_pc_current_usd,usd,WDI,47.310215
Colombia,COL,2018,health_pc_current_usd,usd,WDI,519.82202148
Comoros,COM,2018,health_pc_current_usd,usd,WDI,74.89152527
Cabo Verde,CPV,2018,health_pc_current_usd,usd,WDI,204.45397949
Costa Rica,CRI,2018,health_pc_current_usd,usd,WDI,917.31018066
Caribbean small states,CSS,2018,health_pc_current_usd,usd,WDI,797.021394312781
Cuba,CUB,2018,health_pc_current_usd,usd,WDI,981.90283203
Cyprus,CYP,2018,health_pc_current_usd,usd,WDI,2020.73339844
Czechia,CZE,2018,health_pc_current_usd,usd,WDI,1750.81188965
Germany,DEU,2018,health_pc_current_usd,usd,WDI,5507.67675781
Djibouti,DJI,2018,health_pc_current_usd,usd,WDI,68.46080017
Dominica,DMA,2018,health_pc_current_usd,usd,WDI,503.34179688
Denmark,DNK,2018,health_pc_current_usd,usd,WDI,6232.72167969
Dominican Republic,DOM,2018,health_pc_current_usd,usd,WDI,327.39859009
Algeria,DZA,2018,health_pc_current_usd,usd,WDI,271.53778076
East Asia & Pacific (excluding high income),EAP,2018,health_pc_current_usd,usd,WDI,388.609815983208
Early-demographic dividend,EAR,2018,health_pc_current_usd,usd,WDI,160.314529579211
East Asia & Pacific,EAS,2018,health_pc_current_usd,usd,WDI,723.444630761637
Europe & Central Asia (excluding high income),ECA,2018,health_pc_current_usd,usd,WDI,281.586252224146
Europe & Central Asia,ECS,2018,health_pc_current_usd,usd,WDI,2338.64499246625
Ecuador,ECU,2018,health_pc_current_usd,usd,WDI,493.73196411
"Egypt, Arab Rep.",EGY,2018,health_pc_current_usd,usd,WDI,118.01481628
Euro area,EMU,2018,health_pc_current_usd,usd,WDI,4043.7270058732
Eritrea,ERI,2018,health_pc_current_usd,usd,WDI,26.68201065
Spain,ESP,2018,health_pc_current_usd,usd,WDI,2741.90600586
Estonia,EST,2018,health_pc_current_usd,usd,WDI,1553.43347168
Ethiopia,ETH,2018,health_pc_current_usd,usd,WDI,23.5205574
European Union,EUU,2018,health_pc_current_usd,usd,WDI,3540.14525940428
Fragile and conflict affected situations,FCS,2018,health_pc_current_usd,usd,WDI,75.6606661976252
Finland,FIN,2018,health_pc_current_usd,usd,WDI,4521.27636719
Fiji,FJI,2018,health_pc_current_usd,usd,WDI,249.86022949
France,FRA,2018,health_pc_current_usd,usd,WDI,4667.95751953
"Micronesia, Fed. Sts.",FSM,2018,health_pc_current_usd,usd,WDI,426.75872803
Gabon,GAB,2018,health_pc_current_usd,usd,WDI,209.28697205
United Kingdom,GBR,2018,health_pc_current_usd,usd,WDI,4219.48632813
Georgia,GEO,2018,health_pc_current_usd,usd,WDI,329.89413452
Ghana,GHA,2018,health_pc_current_usd,usd,WDI,53.37788773
Guinea,GIN,2018,health_pc_current_usd,usd,WDI,34.88978195
"Gambia, The",GMB,2018,health_pc_current_usd,usd,WDI,22.5376339
Guinea-Bissau,GNB,2018,health_pc_current_usd,usd,WDI,58.8792572
Equatorial Guinea,GNQ,2018,health_pc_current_usd,usd,WDI,231.10166931
Greece,GRC,2018,health_pc_current_usd,usd,WDI,1603.07788086
Grenada,GRD,2018,health_pc_current_usd,usd,WDI,462.2394104
Guatemala,GTM,2018,health_pc_current_usd,usd,WDI,265.81820679
Guyana,GUY,2018,health_pc_current_usd,usd,WDI,296.66903687
High income,HIC,2018,health_pc_current_usd,usd,WDI,4904.29536462099
Honduras,HND,2018,health_pc_current_usd,usd,WDI,178.1494751
Heavily indebted poor countries (HIPC),HPC,2018,health_pc_current_usd,usd,WDI,43.4207146556528
Croatia,HRV,2018,health_pc_current_usd,usd,WDI,1024.62414551
Haiti,HTI,2018,health_pc_current_usd,usd,WDI,62.30102539
Hungary,HUN,2018,health_pc_current_usd,usd,WDI,1080.44775391
IBRD only,IBD,2018,health_pc_current_usd,usd,WDI,337.315183179597
IDA & IBRD total,IBT,2018,health_pc_current_usd,usd,WDI,262.29041373275
IDA total,IDA,2018,health_pc_current_usd,usd,WDI,51.2879893871391
IDA blend,IDB,2018,health_pc_current_usd,usd,WDI,59.3804561985995
Indonesia,IDN,2018,health_pc_current_usd,usd,WDI,110.71585846
IDA only,IDX,2018,health_pc_current_usd,usd,WDI,46.8888611038822
India,IND,2018,health_pc_current_usd,usd,WDI,57.46551132
Ireland,IRL,2018,health_pc_current_usd,usd,WDI,5187.05761719
"Iran, Islamic Rep.",IRN,2018,health_pc_current_usd,usd,WDI,284.95181274
Iraq,IRQ,2018,health_pc_current_usd,usd,WDI,232.86825562
Iceland,ISL,2018,health_pc_current_usd,usd,WDI,6280.03857422
Israel,ISR,2018,health_pc_current_usd,usd,WDI,3199.41625977
Italy,ITA,2018,health_pc_current_usd,usd,WDI,3002.76123047
Jamaica,JAM,2018,health_pc_current_usd,usd,WDI,332.90045166
Jordan,JOR,2018,health_pc_current_usd,usd,WDI,289.47106934
Japan,JPN,2018,health_pc_current_usd,usd,WDI,4265.77929688
Kazakhstan,KAZ,2018,health_pc_current_usd,usd,WDI,266.92147827
Kenya,KEN,2018,health_pc_current_usd,usd,WDI,75.27681732
Kyrgyz Republic,KGZ,2018,health_pc_current_usd,usd,WDI,65.34625244
Cambodia,KHM,2018,health_pc_current_usd,usd,WDI,91.59080505
Kiribati,KIR,2018,health_pc_current_usd,usd,WDI,208.73831177
St. Kitts and Nevis,KNA,2018,health_pc_current_usd,usd,WDI,1120.83300781
"Korea, Rep.",KOR,2018,health_pc_current_usd,usd,WDI,2493.33569336
Kuwait,KWT,2018,health_pc_current_usd,usd,WDI,1658.60375977
Latin America & Caribbean (excluding high income),LAC,2018,health_pc_current_usd,usd,WDI,666.454082862311
Lao PDR,LAO,2018,health_pc_current_usd,usd,WDI,57.1708374
Lebanon,LBN,2018,health_pc_current_usd,usd,WDI,740.46942139
Liberia,LBR,2018,health_pc_current_usd,usd,WDI,71.17150116
Libya,LBY,2018,health_pc_current_usd,usd,WDI,544.88079834
St. Lucia,LCA,2018,health_pc_current_usd,usd,WDI,486.53726196
Latin America & Caribbean,LCN,2018,health_pc_current_usd,usd,WDI,678.430550420513
Least developed countries: UN classification,LDC,2018,health_pc_current_usd,usd,WDI,42.6754735517241
Low income,LIC,2018,health_pc_current_usd,usd,WDI,37.3424251325219
Sri Lanka,LKA,2018,health_pc_current_usd,usd,WDI,154.64622498
Lower middle income,LMC,2018,health_pc_current_usd,usd,WDI,72.532112730637
Low & middle income,LMY,2018,health_pc_current_usd,usd,WDI,247.792243237902
Lesotho,LSO,2018,health_pc_current_usd,usd,WDI,131.43312073
Late-demographic dividend,LTE,2018,health_pc_current_usd,usd,WDI,552.012407656884
Lithuania,LTU,2018,health_pc_current_usd,usd,WDI,1249.03100586
Luxembourg,LUX,2018,health_pc_current_usd,usd,WDI,6227.08398438
Latvia,LVA,2018,health_pc_current_usd,usd,WDI,1101.49243164
Morocco,MAR,2018,health_pc_current_usd,usd,WDI,175.70518494
Monaco,MCO,2018,health_pc_current_usd,usd,WDI,7616.03564453
Moldova,MDA,2018,health_pc_current_usd,usd,WDI,276.47143555
Madagascar,MDG,2018,health_pc_current_usd,usd,WDI,21.12731934
Maldives,MDV,2018,health_pc_current_usd,usd,WDI,833.21575928
"Middle East, North Africa, Afghanistan & Pakistan",MEA,2018,health_pc_current_usd,usd,WDI,279.158728738576
Mexico,MEX,2018,health_pc_current_usd,usd,WDI,528.26306152
Marshall Islands,MHL,2018,health_pc_current_usd,usd,WDI,702.8359375
Middle income,MIC,2018,health_pc_current_usd,usd,WDI,266.587803445623
North Macedonia,MKD,2018,health_pc_current_usd,usd,WDI,426.57290649
Mali,MLI,2018,health_pc_current_usd,usd,WDI,31.16962624
Malta,MLT,2018,health_pc_current_usd,usd,WDI,2753.51098633
Myanmar,MMR,2018,health_pc_current_usd,usd,WDI,60.83261871
"Middle East, North Africa, Afghanistan & Pakistan (excluding high income)",MNA,2018,health_pc_current_usd,usd,WDI,141.996227893092
Montenegro,MNE,2018,health_pc_current_usd,usd,WDI,745.7520752
Mongolia,MNG,2018,health_pc_current_usd,usd,WDI,188.64115906
Mozambique,MOZ,2018,health_pc_current_usd,usd,WDI,41.29206467
Mauritania,MRT,2018,health_pc_current_usd,usd,WDI,49.68307495
Mauritius,MUS,2018,health_pc_current_usd,usd,WDI,640.62182617
Malawi,MWI,2018,health_pc_current_usd,usd,WDI,36.70302963
Malaysia,MYS,2018,health_pc_current_usd,usd,WDI,409.84710693
North America,NAC,2018,health_pc_current_usd,usd,WDI,9663.09312713969
Namibia,NAM,2018,health_pc_current_usd,usd,WDI,439.87658691
Niger,NER,2018,health_pc_current_usd,usd,WDI,30.61364555
Nigeria,NGA,2018,health_pc_current_usd,usd,WDI,63.60244751
Nicaragua,NIC,2018,health_pc_current_usd,usd,WDI,172.9760437
Netherlands,NLD,2018,health_pc_current_usd,usd,WDI,5330.66015625
Norway,NOR,2018,health_pc_current_usd,usd,WDI,8271.859375
Nepal,NPL,2018,health_pc_current_usd,usd,WDI,51.16128922
Nauru,NRU,2018,health_pc_current_usd,usd,WDI,1221.42358398
New Zealand,NZL,2018,health_pc_current_usd,usd,WDI,3907.59912109
OECD members,OED,2018,health_pc_current_usd,usd,WDI,4799.82858920173
Oman,OMN,2018,health_pc_current_usd,usd,WDI,639.78082275
Other small states,OSS,2018,health_pc_current_usd,usd,WDI,918.967151885942
Pakistan,PAK,2018,health_pc_current_usd,usd,WDI,40.09578323
Panama,PAN,2018,health_pc_current_usd,usd,WDI,1227.30554199
Peru,PER,2018,health_pc_current_usd,usd,WDI,362.75994873
Philippines,PHL,2018,health_pc_current_usd,usd,WDI,125.27716827
Palau,PLW,2018,health_pc_current_usd,usd,WDI,1794.765625
Papua New Guinea,PNG,2018,health_pc_current_usd,usd,WDI,59.04003525
Poland,POL,2018,health_pc_current_usd,usd,WDI,978.73565674
Pre-demographic dividend,PRE,2018,health_pc_current_usd,usd,WDI,56.0676660532706
Portugal,PRT,2018,health_pc_current_usd,usd,WDI,2216.30664063
Paraguay,PRY,2018,health_pc_current_usd,usd,WDI,422.13101196
West Bank and Gaza,PSE,2018,health_pc_current_usd,usd,WDI,324.02166748
Pacific island small states,PSS,2018,health_pc_current_usd,usd,WDI,217.301131379356
Post-demographic dividend,PST,2018,health_pc_current_usd,usd,WDI,5714.04822013046
Qatar,QAT,2018,health_pc_current_usd,usd,WDI,1966.55712891
Romania,ROU,2018,health_pc_current_usd,usd,WDI,687.15411377
Russian Federation,RUS,2018,health_pc_current_usd,usd,WDI,606.11401367
Rwanda,RWA,2018,health_pc_current_usd,usd,WDI,51.35319138
South Asia,SAS,2018,health_pc_current_usd,usd,WDI,57.6271200102098
Saudi Arabia,SAU,2018,health_pc_current_usd,usd,WDI,1488.9753418
Sudan,SDN,2018,health_pc_current_usd,usd,WDI,33.73799133
Senegal,SEN,2018,health_pc_current_usd,usd,WDI,64.37467957
Singapore,SGP,2018,health_pc_current_usd,usd,WDI,2688.27270508
Solomon Islands,SLB,2018,health_pc_current_usd,usd,WDI,88.03850555
Sierra Leone,SLE,2018,health_pc_current_usd,usd,WDI,44.82733536
El Salvador,SLV,2018,health_pc_current_usd,usd,WDI,348.18817139
San Marino,SMR,2018,health_pc_current_usd,usd,WDI,3969.36474609
Somalia,SOM,2018,health_pc_current_usd,usd,WDI,12.70534706
Serbia,SRB,2018,health_pc_current_usd,usd,WDI,617.08679199
Sub-Saharan Africa (excluding high income),SSA,2018,health_pc_current_usd,usd,WDI,82.1395534161548
South Sudan,SSD,2018,health_pc_current_usd,usd,WDI,31.05302238
Sub-Saharan Africa,SSF,2018,health_pc_current_usd,usd,WDI,76.2443732764131
Small states,SST,2018,health_pc_current_usd,usd,WDI,797.345744494367
Sao Tome and Principe,STP,2018,health_pc_current_usd,usd,WDI,108.87628937
Suriname,SUR,2018,health_pc_current_usd,usd,WDI,445.90789795
Slovak Republic,SVK,2018,health_pc_current_usd,usd,WDI,1299.91125488
Slovenia,SVN,2018,health_pc_current_usd,usd,WDI,2169.57885742
Sweden,SWE,2018,health_pc_current_usd,usd,WDI,6005.06591797
Eswatini,SWZ,2018,health_pc_current_usd,usd,WDI,292.33929443
Seychelles,SYC,2018,health_pc_current_usd,usd,WDI,708.699646
Syrian Arab Republic,SYR,2018,health_pc_current_usd,usd,WDI,43.59334946
Chad,TCD,2018,health_pc_current_usd,usd,WDI,31.2043705
East Asia & Pacific (IDA & IBRD countries),TEA,2018,health_pc_current_usd,usd,WDI,388.626495910689
Europe & Central Asia (IDA & IBRD countries),TEC,2018,health_pc_current_usd,usd,WDI,471.944376606431
Togo,TGO,2018,health_pc_current_usd,usd,WDI,52.43610382
Thailand,THA,2018,health_pc_current_usd,usd,WDI,274.71221924
Tajikistan,TJK,2018,health_pc_current_usd,usd,WDI,58.51539993
Turkmenistan,TKM,2018,health_pc_current_usd,usd,WDI,411.32562256
Latin America & the Caribbean (IDA & IBRD countries),TLA,2018,health_pc_current_usd,usd,WDI,672.137646029749
Timor-Leste,TLS,2018,health_pc_current_usd,usd,WDI,78.07413483
"Middle East, North Africa, Afghanistan & Pakistan (IDA & IBRD)",TMN,2018,health_pc_current_usd,usd,WDI,140.743453079831
Tonga,TON,2018,health_pc_current_usd,usd,WDI,272.08758545
South Asia (IDA & IBRD),TSA,2018,health_pc_current_usd,usd,WDI,57.6271200102098
Sub-Saharan Africa (IDA & IBRD countries),TSS,2018,health_pc_current_usd,usd,WDI,76.2443732764131
Trinidad and Tobago,TTO,2018,health_pc_current_usd,usd,WDI,1080.45397949
Tunisia,TUN,2018,health_pc_current_usd,usd,WDI,215.418396
Turkiye,TUR,2018,health_pc_current_usd,usd,WDI,380.27835083
Tuvalu,TUV,2018,health_pc_current_usd,usd,WDI,816.8225708
Tanzania,TZA,2018,health_pc_current_usd,usd,WDI,41.28152084
Uganda,UGA,2018,health_pc_current_usd,usd,WDI,32.9515686
Ukraine,UKR,2018,health_pc_current_usd,usd,WDI,217.73760986
Upper middle income,UMC,2018,health_pc_current_usd,usd,WDI,470.41850798846
Uruguay,URY,2018,health_pc_current_usd,usd,WDI,1713.26611328
United States,USA,2018,health_pc_current_usd,usd,WDI,10182.25585938
Uzbekistan,UZB,2018,health_pc_current_usd,usd,WDI,82.53038788
St. Vincent and the Grenadines,VCT,2018,health_pc_current_usd,usd,WDI,358.53372192
"Venezuela, RB",VEN,2018,health_pc_current_usd,usd,WDI,164.68154907
Viet Nam,VNM,2018,health_pc_current_usd,usd,WDI,161.97871399
Vanuatu,VUT,2018,health_pc_current_usd,usd,WDI,110.32492065
World,WLD,2018,health_pc_current_usd,usd,WDI,1066.64776000779
Samoa,WSM,2018,health_pc_current_usd,usd,WDI,200.42073059
"Yemen, Rep.",YEM,2018,health_pc_current_usd,usd,WDI,83.34048462
South Africa,ZAF,2018,health_pc_current_usd,usd,WDI,558.8013916
Zambia,ZMB,2018,health_pc_current_usd,usd,WDI,69.82767487
Zimbabwe,ZWE,2018,health_pc_current_usd,usd,WDI,114.76815033
Africa Eastern and Southern,AFE,2019,health_pc_current_usd,usd,WDI,87.2982461391314
Afghanistan,AFG,2019,health_pc_current_usd,usd,WDI,74.0642395
Africa Western and Central,AFW,2019,health_pc_current_usd,usd,WDI,59.0695277145137
Angola,AGO,2019,health_pc_current_usd,usd,WDI,64.61397552
Albania,ALB,2019,health_pc_current_usd,usd,WDI,366.34014893
Andorra,AND,2019,health_pc_current_usd,usd,WDI,3021.43261719
Arab World,ARB,2019,health_pc_current_usd,usd,WDI,323.326647510009
United Arab Emirates,ARE,2019,health_pc_current_usd,usd,WDI,1962.46728516
Argentina,ARG,2019,health_pc_current_usd,usd,WDI,1011.08013916
Armenia,ARM,2019,health_pc_current_usd,usd,WDI,533.69952393
Antigua and Barbuda,ATG,2019,health_pc_current_usd,usd,WDI,808.14996338
Australia,AUS,2019,health_pc_current_usd,usd,WDI,5529.19482422
Austria,AUT,2019,health_pc_current_usd,usd,WDI,5263.390625
Azerbaijan,AZE,2019,health_pc_current_usd,usd,WDI,199.25746155
Burundi,BDI,2019,health_pc_current_usd,usd,WDI,22.24477386
Belgium,BEL,2019,health_pc_current_usd,usd,WDI,5033.16601563
Benin,BEN,2019,health_pc_current_usd,usd,WDI,28.372015
Burkina Faso,BFA,2019,health_pc_current_usd,usd,WDI,41.05052185
Bangladesh,BGD,2019,health_pc_current_usd,usd,WDI,47.84217072
Bulgaria,BGR,2019,health_pc_current_usd,usd,WDI,697.8961792
Bahrain,BHR,2019,health_pc_current_usd,usd,WDI,1030.26379395
"Bahamas, The",BHS,2019,health_pc_current_usd,usd,WDI,1941.60742188
Bosnia and Herzegovina,BIH,2019,health_pc_current_usd,usd,WDI,546.4508667
Belarus,BLR,2019,health_pc_current_usd,usd,WDI,400.11621094
Belize,BLZ,2019,health_pc_current_usd,usd,WDI,299.69824219
Bolivia,BOL,2019,health_pc_current_usd,usd,WDI,241.34619141
Brazil,BRA,2019,health_pc_current_usd,usd,WDI,868.17248535
Barbados,BRB,2019,health_pc_current_usd,usd,WDI,1168.11938477
Brunei Darussalam,BRN,2019,health_pc_current_usd,usd,WDI,677.82629395
Bhutan,BTN,2019,health_pc_current_usd,usd,WDI,115.71811676
Botswana,BWA,2019,health_pc_current_usd,usd,WDI,438.28546143
Central African Republic,CAF,2019,health_pc_current_usd,usd,WDI,35.76098633
Canada,CAN,2019,health_pc_current_usd,usd,WDI,5103.84130859
Central Europe and the Baltics,CEB,2019,health_pc_current_usd,usd,WDI,1091.75964736167
Switzerland,CHE,2019,health_pc_current_usd,usd,WDI,9646.91308594
Chile,CHL,2019,health_pc_current_usd,usd,WDI,1348.99401855
China,CHN,2019,health_pc_current_usd,usd,WDI,538.99157715
Cote d'Ivoire,CIV,2019,health_pc_current_usd,usd,WDI,68.30471039
Cameroon,CMR,2019,health_pc_current_usd,usd,WDI,56.79493713
"Congo, Dem. Rep.",COD,2019,health_pc_current_usd,usd,WDI,19.20812035
"Congo, Rep.",COG,2019,health_pc_current_usd,usd,WDI,58.42106628
Colombia,COL,2019,health_pc_current_usd,usd,WDI,503.53485107
Comoros,COM,2019,health_pc_current_usd,usd,WDI,78.23674774
Cabo Verde,CPV,2019,health_pc_current_usd,usd,WDI,195.76327515
Costa Rica,CRI,2019,health_pc_current_usd,usd,WDI,930.43511963
Caribbean small states,CSS,2019,health_pc_current_usd,usd,WDI,826.631063418118
Cuba,CUB,2019,health_pc_current_usd,usd,WDI,1023.39715576
Cyprus,CYP,2019,health_pc_current_usd,usd,WDI,2093.0612793
Czechia,CZE,2019,health_pc_current_usd,usd,WDI,1805.44030762
Germany,DEU,2019,health_pc_current_usd,usd,WDI,5488.53955078
Djibouti,DJI,2019,health_pc_current_usd,usd,WDI,68.27401733
Dominica,DMA,2019,health_pc_current_usd,usd,WDI,465.63766479
Denmark,DNK,2019,health_pc_current_usd,usd,WDI,6058.83007813
Dominican Republic,DOM,2019,health_pc_current_usd,usd,WDI,346.12109375
Algeria,DZA,2019,health_pc_current_usd,usd,WDI,242.07002258
East Asia & Pacific (excluding high income),EAP,2019,health_pc_current_usd,usd,WDI,414.609309647715
Early-demographic dividend,EAR,2019,health_pc_current_usd,usd,WDI,159.607867252258
East Asia & Pacific,EAS,2019,health_pc_current_usd,usd,WDI,755.048841346782
Europe & Central Asia (excluding high income),ECA,2019,health_pc_current_usd,usd,WDI,296.180728487163
Europe & Central Asia,ECS,2019,health_pc_current_usd,usd,WDI,2327.43781786241
Ecuador,ECU,2019,health_pc_current_usd,usd,WDI,484.47195435
"Egypt, Arab Rep.",EGY,2019,health_pc_current_usd,usd,WDI,142.69670105
Euro area,EMU,2019,health_pc_current_usd,usd,WDI,3990.21968966247
Eritrea,ERI,2019,health_pc_current_usd,usd,WDI,28.42930794
Spain,ESP,2019,health_pc_current_usd,usd,WDI,2713.62255859
Estonia,EST,2019,health_pc_current_usd,usd,WDI,1599.3503418
Ethiopia,ETH,2019,health_pc_current_usd,usd,WDI,25.93511963
European Union,EUU,2019,health_pc_current_usd,usd,WDI,3496.99676183149
Fragile and conflict affected situations,FCS,2019,health_pc_current_usd,usd,WDI,73.9534928574941
Finland,FIN,2019,health_pc_current_usd,usd,WDI,4459.9296875
Fiji,FJI,2019,health_pc_current_usd,usd,WDI,254.83047485
France,FRA,2019,health_pc_current_usd,usd,WDI,4508.76074219
"Micronesia, Fed. Sts.",FSM,2019,health_pc_current_usd,usd,WDI,424.89938354
Gabon,GAB,2019,health_pc_current_usd,usd,WDI,205.99945068
United Kingdom,GBR,2019,health_pc_current_usd,usd,WDI,4258.63476563
Georgia,GEO,2019,health_pc_current_usd,usd,WDI,306.46075439
Ghana,GHA,2019,health_pc_current_usd,usd,WDI,71.14958191
Guinea,GIN,2019,health_pc_current_usd,usd,WDI,42.16910172
"Gambia, The",GMB,2019,health_pc_current_usd,usd,WDI,23.21861267
Guinea-Bissau,GNB,2019,health_pc_current_usd,usd,WDI,54.16643524
Equatorial Guinea,GNQ,2019,health_pc_current_usd,usd,WDI,215.54243469
Greece,GRC,2019,health_pc_current_usd,usd,WDI,1569.02905273
Grenada,GRD,2019,health_pc_current_usd,usd,WDI,515.94726563
Guatemala,GTM,2019,health_pc_current_usd,usd,WDI,278.59024048
Guyana,GUY,2019,health_pc_current_usd,usd,WDI,314.0977478
High income,HIC,2019,health_pc_current_usd,usd,WDI,5006.72969297718
Honduras,HND,2019,health_pc_current_usd,usd,WDI,183.75006104
Heavily indebted poor countries (HIPC),HPC,2019,health_pc_current_usd,usd,WDI,44.8331888954429
Croatia,HRV,2019,health_pc_current_usd,usd,WDI,1040.08569336
Haiti,HTI,2019,health_pc_current_usd,usd,WDI,49.32995987
Hungary,HUN,2019,health_pc_current_usd,usd,WDI,1054.28076172
IBRD only,IBD,2019,health_pc_current_usd,usd,WDI,348.097574966488
IDA & IBRD total,IBT,2019,health_pc_current_usd,usd,WDI,269.557085867147
IDA total,IDA,2019,health_pc_current_usd,usd,WDI,51.7664298544754
IDA blend,IDB,2019,health_pc_current_usd,usd,WDI,59.8418141959184
Indonesia,IDN,2019,health_pc_current_usd,usd,WDI,118.22380829
IDA only,IDX,2019,health_pc_current_usd,usd,WDI,47.3913555035896
India,IND,2019,health_pc_current_usd,usd,WDI,60.6913681
Ireland,IRL,2019,health_pc_current_usd,usd,WDI,5462.73095703
"Iran, Islamic Rep.",IRN,2019,health_pc_current_usd,usd,WDI,225.23252869
Iraq,IRQ,2019,health_pc_current_usd,usd,WDI,241.73873901
Iceland,ISL,2019,health_pc_current_usd,usd,WDI,5912.00976563
Israel,ISR,2019,health_pc_current_usd,usd,WDI,3335.24511719
Italy,ITA,2019,health_pc_current_usd,usd,WDI,2910.64672852
Jamaica,JAM,2019,health_pc_current_usd,usd,WDI,341.90777588
Jordan,JOR,2019,health_pc_current_usd,usd,WDI,294.92785645
Japan,JPN,2019,health_pc_current_usd,usd,WDI,4431.29980469
Kazakhstan,KAZ,2019,health_pc_current_usd,usd,WDI,263.61331177
Kenya,KEN,2019,health_pc_current_usd,usd,WDI,85.64528656
Kyrgyz Republic,KGZ,2019,health_pc_current_usd,usd,WDI,61.39657974
Cambodia,KHM,2019,health_pc_current_usd,usd,WDI,112.5851059
Kiribati,KIR,2019,health_pc_current_usd,usd,WDI,177.93025208
St. Kitts and Nevis,KNA,2019,health_pc_current_usd,usd,WDI,1223.83544922
"Korea, Rep.",KOR,2019,health_pc_current_usd,usd,WDI,2592.47851563
Kuwait,KWT,2019,health_pc_current_usd,usd,WDI,1643.16491699
Latin America & Caribbean (excluding high income),LAC,2019,health_pc_current_usd,usd,WDI,650.960708597368
Lao PDR,LAO,2019,health_pc_current_usd,usd,WDI,67.57865143
Lebanon,LBN,2019,health_pc_current_usd,usd,WDI,779.60778809
Liberia,LBR,2019,health_pc_current_usd,usd,WDI,51.1932373
Libya,LBY,2019,health_pc_current_usd,usd,WDI,552.73168945
St. Lucia,LCA,2019,health_pc_current_usd,usd,WDI,493.95703125
Latin America & Caribbean,LCN,2019,health_pc_current_usd,usd,WDI,661.493379189663
Least developed countries: UN classification,LDC,2019,health_pc_current_usd,usd,WDI,41.9696662329324
Low income,LIC,2019,health_pc_current_usd,usd,WDI,35.0477537174861
Sri Lanka,LKA,2019,health_pc_current_usd,usd,WDI,154.87071228
Lower middle income,LMC,2019,health_pc_current_usd,usd,WDI,76.3111910714215
Low & middle income,LMY,2019,health_pc_current_usd,usd,WDI,254.722191940225
Lesotho,LSO,2019,health_pc_current_usd,usd,WDI,236.44024658
Late-demographic dividend,LTE,2019,health_pc_current_usd,usd,WDI,578.13977258094
Lithuania,LTU,2019,health_pc_current_usd,usd,WDI,1369.97949219
Luxembourg,LUX,2019,health_pc_current_usd,usd,WDI,6221.73876953
Latvia,LVA,2019,health_pc_current_usd,usd,WDI,1183.1151123
Morocco,MAR,2019,health_pc_current_usd,usd,WDI,177.84625244
Monaco,MCO,2019,health_pc_current_usd,usd,WDI,7512.53173828
Moldova,MDA,2019,health_pc_current_usd,usd,WDI,284.30029297
Madagascar,MDG,2019,health_pc_current_usd,usd,WDI,15.50084877
Maldives,MDV,2019,health_pc_current_usd,usd,WDI,880.79962158
"Middle East, North Africa, Afghanistan & Pakistan",MEA,2019,health_pc_current_usd,usd,WDI,274.673549393141
Mexico,MEX,2019,health_pc_current_usd,usd,WDI,549.72601318
Marshall Islands,MHL,2019,health_pc_current_usd,usd,WDI,793.66851807
Middle income,MIC,2019,health_pc_current_usd,usd,WDI,274.732197417909
North Macedonia,MKD,2019,health_pc_current_usd,usd,WDI,469.47344971
Mali,MLI,2019,health_pc_current_usd,usd,WDI,31.4089489
Malta,MLT,2019,health_pc_current_usd,usd,WDI,2943.63208008
Myanmar,MMR,2019,health_pc_current_usd,usd,WDI,53.72147369
"Middle East, North Africa, Afghanistan & Pakistan (excluding high income)",MNA,2019,health_pc_current_usd,usd,WDI,133.839417987858
Montenegro,MNE,2019,health_pc_current_usd,usd,WDI,754.77441406
Mongolia,MNG,2019,health_pc_current_usd,usd,WDI,197.57131958
Mozambique,MOZ,2019,health_pc_current_usd,usd,WDI,41.01906586
Mauritania,MRT,2019,health_pc_current_usd,usd,WDI,54.63365555
Mauritius,MUS,2019,health_pc_current_usd,usd,WDI,639.18286133
Malawi,MWI,2019,health_pc_current_usd,usd,WDI,36.91519165
Malaysia,MYS,2019,health_pc_current_usd,usd,WDI,419.32568359
North America,NAC,2019,health_pc_current_usd,usd,WDI,9989.45727296132
Namibia,NAM,2019,health_pc_current_usd,usd,WDI,397.42849731
Niger,NER,2019,health_pc_current_usd,usd,WDI,31.89424324
Nigeria,NGA,2019,health_pc_current_usd,usd,WDI,67.6254425
Nicaragua,NIC,2019,health_pc_current_usd,usd,WDI,166.49009705
Netherlands,NLD,2019,health_pc_current_usd,usd,WDI,5340.61279297
Norway,NOR,2019,health_pc_current_usd,usd,WDI,8007.35546875
Nepal,NPL,2019,health_pc_current_usd,usd,WDI,53.61107254
Nauru,NRU,2019,health_pc_current_usd,usd,WDI,1213.86804199
New Zealand,NZL,2019,health_pc_current_usd,usd,WDI,4059.05639648
OECD members,OED,2019,health_pc_current_usd,usd,WDI,4885.36058686858
Oman,OMN,2019,health_pc_current_usd,usd,WDI,730.08325195
Other small states,OSS,2019,health_pc_current_usd,usd,WDI,933.764210955297
Pakistan,PAK,2019,health_pc_current_usd,usd,WDI,36.01374817
Panama,PAN,2019,health_pc_current_usd,usd,WDI,1339.45153809
Peru,PER,2019,health_pc_current_usd,usd,WDI,367.98739624
Philippines,PHL,2019,health_pc_current_usd,usd,WDI,141.6925354
Palau,PLW,2019,health_pc_current_usd,usd,WDI,1924.65795898
Papua New Guinea,PNG,2019,health_pc_current_usd,usd,WDI,59.89566803
Poland,POL,2019,health_pc_current_usd,usd,WDI,1014.03820801
Pre-demographic dividend,PRE,2019,health_pc_current_usd,usd,WDI,57.5729129465807
Portugal,PRT,2019,health_pc_current_usd,usd,WDI,2221.73120117
Paraguay,PRY,2019,health_pc_current_usd,usd,WDI,416.84432983
West Bank and Gaza,PSE,2019,health_pc_current_usd,usd,WDI,317.45007324
Pacific island small states,PSS,2019,health_pc_current_usd,usd,WDI,225.932251105481
Post-demographic dividend,PST,2019,health_pc_current_usd,usd,WDI,5830.5698024451
Qatar,QAT,2019,health_pc_current_usd,usd,WDI,2007.51525879
Romania,ROU,2019,health_pc_current_usd,usd,WDI,738.5581665
Russian Federation,RUS,2019,health_pc_current_usd,usd,WDI,650.47058105
Rwanda,RWA,2019,health_pc_current_usd,usd,WDI,50.75216675
South Asia,SAS,2019,health_pc_current_usd,usd,WDI,60.8005548786456
Saudi Arabia,SAU,2019,health_pc_current_usd,usd,WDI,1504.55249023
Sudan,SDN,2019,health_pc_current_usd,usd,WDI,33.70681
Senegal,SEN,2019,health_pc_current_usd,usd,WDI,64.33670807
Singapore,SGP,2019,health_pc_current_usd,usd,WDI,2893.78222656
Solomon Islands,SLB,2019,health_pc_current_usd,usd,WDI,98.67025757
Sierra Leone,SLE,2019,health_pc_current_usd,usd,WDI,48.13619995
El Salvador,SLV,2019,health_pc_current_usd,usd,WDI,380.53384399
San Marino,SMR,2019,health_pc_current_usd,usd,WDI,3801.21044922
Somalia,SOM,2019,health_pc_current_usd,usd,WDI,12.87221336
Serbia,SRB,2019,health_pc_current_usd,usd,WDI,641.02966309
Sub-Saharan Africa (excluding high income),SSA,2019,health_pc_current_usd,usd,WDI,81.3995046511567
South Sudan,SSD,2019,health_pc_current_usd,usd,WDI,35.07043839
Sub-Saharan Africa,SSF,2019,health_pc_current_usd,usd,WDI,75.8174834634606
Small states,SST,2019,health_pc_current_usd,usd,WDI,814.855753907928
Sao Tome and Principe,STP,2019,health_pc_current_usd,usd,WDI,106.86884308
Suriname,SUR,2019,health_pc_current_usd,usd,WDI,599.07025146
Slovak Republic,SVK,2019,health_pc_current_usd,usd,WDI,1342.07580566
Slovenia,SVN,2019,health_pc_current_usd,usd,WDI,2219.09790039
Sweden,SWE,2019,health_pc_current_usd,usd,WDI,5652.98974609
Eswatini,SWZ,2019,health_pc_current_usd,usd,WDI,320.05084229
Seychelles,SYC,2019,health_pc_current_usd,usd,WDI,692.09197998
Syrian Arab Republic,SYR,2019,health_pc_current_usd,usd,WDI,50.25953293
Chad,TCD,2019,health_pc_current_usd,usd,WDI,30.23999405
East Asia & Pacific (IDA & IBRD countries),TEA,2019,health_pc_current_usd,usd,WDI,414.626630826232
Europe & Central Asia (IDA & IBRD countries),TEC,2019,health_pc_current_usd,usd,WDI,498.061307073762
Togo,TGO,2019,health_pc_current_usd,usd,WDI,48.85387421
Thailand,THA,2019,health_pc_current_usd,usd,WDI,288.31097412
Tajikistan,TJK,2019,health_pc_current_usd,usd,WDI,60.51568222
Turkmenistan,TKM,2019,health_pc_current_usd,usd,WDI,432.78118896
Latin America & the Caribbean (IDA & IBRD countries),TLA,2019,health_pc_current_usd,usd,WDI,654.203499711542
Timor-Leste,TLS,2019,health_pc_current_usd,usd,WDI,78.01346588
"Middle East, North Africa, Afghanistan & Pakistan (IDA & IBRD)",TMN,2019,health_pc_current_usd,usd,WDI,132.566460218822
Tonga,TON,2019,health_pc_current_usd,usd,WDI,260.73986816
South Asia (IDA & IBRD),TSA,2019,health_pc_current_usd,usd,WDI,60.8005548786456
Sub-Saharan Africa (IDA & IBRD countries),TSS,2019,health_pc_current_usd,usd,WDI,75.8174834634606
Trinidad and Tobago,TTO,2019,health_pc_current_usd,usd,WDI,1097.20556641
Tunisia,TUN,2019,health_pc_current_usd,usd,WDI,212.60031128
Turkiye,TUR,2019,health_pc_current_usd,usd,WDI,388.67486572
Tuvalu,TUV,2019,health_pc_current_usd,usd,WDI,1128.93554688
Tanzania,TZA,2019,health_pc_current_usd,usd,WDI,39.98176956
Uganda,UGA,2019,health_pc_current_usd,usd,WDI,33.36559677
Ukraine,UKR,2019,health_pc_current_usd,usd,WDI,242.81388855
Upper middle income,UMC,2019,health_pc_current_usd,usd,WDI,484.631837383598
Uruguay,URY,2019,health_pc_current_usd,usd,WDI,1692.50195313
United States,USA,2019,health_pc_current_usd,usd,WDI,10546.01367188
Uzbekistan,UZB,2019,health_pc_current_usd,usd,WDI,98.6240387
St. Vincent and the Grenadines,VCT,2019,health_pc_current_usd,usd,WDI,372.05615234
"Venezuela, RB",VEN,2019,health_pc_current_usd,usd,WDI,112.7611084
Viet Nam,VNM,2019,health_pc_current_usd,usd,WDI,171.15296936
Vanuatu,VUT,2019,health_pc_current_usd,usd,WDI,112.13746643
World,WLD,2019,health_pc_current_usd,usd,WDI,1084.16397702769
Samoa,WSM,2019,health_pc_current_usd,usd,WDI,242.9050293
"Yemen, Rep.",YEM,2019,health_pc_current_usd,usd,WDI,43.06481552
South Africa,ZAF,2019,health_pc_current_usd,usd,WDI,538.80426025
Zambia,ZMB,2019,health_pc_current_usd,usd,WDI,85.02349854
Zimbabwe,ZWE,2019,health_pc_current_usd,usd,WDI,55.10725403
