country,year,alcohol_liters,hypertension_pct,obesity_pct,tobacco_daily_pct
AFG,2010,0.0,,,
AFG,2011,0.0,,,
AFG,2012,0.0,,,
AFG,2013,0.0,,,
AFG,2014,0.0,,,
AFG,2015,0.0,,,
AFG,2016,0.0,,,
AFG,2017,0.0,,,
AFG,2018,0.0,,,
AFG,2019,0.0,,,
AGO,2010,7.422695027,,,
AGO,2011,7.483571111,,,
AGO,2012,7.576557707,,,
AGO,2013,7.422689487,,,
AGO,2014,7.825204731,,,
AGO,2015,6.308197477,,,
AGO,2016,5.757655779,,,
AGO,2017,5.601472832,,,
AGO,2018,5.292048243,,,
AGO,2019,4.352829603,,,
ALB,2010,4.884791265,,,
ALB,2011,5.028916492,,,
ALB,2012,4.234667066,,,
ALB,2013,4.169147942,,,
ALB,2014,4.010962792,,,
ALB,2015,4.274203596,,,
ALB,2016,4.332687374,,,
ALB,2017,4.308384637,,,
ALB,2018,4.307531605,,,
ALB,2019,4.397119347,,,
AND,2010,10.635,,,
AND,2011,10.56,,,
AND,2012,10.42,,,
AND,2013,10.1,,,
AND,2014,9.91,,,
AND,2015,11.15,,,
AND,2016,11.315,,,
AND,2017,11.295,,,
AND,2018,10.975,,,
AND,2019,11.07,,,
ARE,2010,2.643786729,,,
ARE,2011,2.626083135,,,
ARE,2012,2.644990832,,,
ARE,2013,3.304786636,,,
ARE,2014,2.649071505,,,
ARE,2015,1.271427582,,,
ARE,2016,1.261520352,,,
ARE,2017,3.078253071,,,
ARE,2018,2.804520459,,,
ARE,2019,2.494479591,,,
ARG,2010,8.15,,,
ARG,2011,7.61,,,
ARG,2012,7.91,,,
ARG,2013,8.19,,,
ARG,2014,7.84,,,
ARG,2015,8.37,,,
ARG,2016,8.03,,,
ARG,2017,7.95,,,
ARG,2018,7.61,,,
ARG,2019,7.14,,,
ARM,2010,4.11181077,,,
ARM,2011,3.954954254,,,
ARM,2012,3.878879504,,,
ARM,2013,3.904640343,,,
ARM,2014,4.231402511,,,
ARM,2015,4.063100055,,,
ARM,2016,3.977225592,,,
ARM,2017,4.075317104,,,
ARM,2018,4.114823609,,,
ARM,2019,4.466054907,,,
ATG,2010,8.483530763,,,
ATG,2011,8.478276999,,,
ATG,2012,8.694370445,,,
ATG,2013,8.908305039,,,
ATG,2014,9.04388457,,,
ATG,2015,8.886714652,,,
ATG,2016,9.741354971,,,
ATG,2017,10.84168686,,,
ATG,2018,11.19968892,,,
ATG,2019,11.07476971,,,
AUS,2010,10.53,,,
AUS,2011,10.21,,,
AUS,2012,10.09,,,
AUS,2013,10.01,,,
AUS,2014,9.82,,,
AUS,2015,10.18,,,
AUS,2016,10.19,,,
AUS,2017,10.32,,,
AUS,2018,10.35,,,
AUS,2019,10.12,,,
AUT,2010,12.21,,,
AUT,2011,11.95,,,
AUT,2012,12.16,,,
AUT,2013,11.91,,,
AUT,2014,12.13,,,
AUT,2015,11.09,,,
AUT,2016,11.44,,,
AUT,2017,11.45,,,
AUT,2018,11.34,,,
AUT,2019,11.69,,,
AZE,2010,0.98,,,
AZE,2011,0.59,,,
AZE,2012,0.52,,,
AZE,2013,0.52,,,
AZE,2014,0.35,,,
AZE,2015,0.51,,,
AZE,2016,0.4,,,
AZE,2017,0.44,,,
AZE,2018,0.88,,,
AZE,2019,1.37,,,
Afghanistan,2010,,38.2,8.9501388,30.2
Afghanistan,2011,,38.4,9.5871173,
Afghanistan,2012,,38.6,10.262612,
Afghanistan,2013,,38.8,10.982534,
Afghanistan,2014,,39.0,11.748241,
Afghanistan,2015,,39.2,12.56313,26.6
Afghanistan,2016,,39.5,13.425334,
Afghanistan,2017,,39.7,14.325637,
Afghanistan,2018,,39.9,15.25583,
Afghanistan,2019,,40.2,16.21054,
Albania,2010,,41.5,16.569351,28.3
Albania,2011,,41.6,17.038259,
Albania,2012,,41.6,17.524008,
Albania,2013,,41.7,18.025415,
Albania,2014,,41.7,18.544896,
Albania,2015,,41.7,19.087026,25.4
Albania,2016,,41.7,19.649351,
Albania,2017,,41.8,20.227243,
Albania,2018,,41.8,20.816164,
Albania,2019,,41.8,21.41809,
Algeria,2010,,37.4,17.816971,21.7
Algeria,2011,,37.3,18.280864,
Algeria,2012,,37.2,18.755415,
Algeria,2013,,37.1,19.240724,
Algeria,2014,,37.0,19.737566,
Algeria,2015,,36.8,20.248681,21.3
Algeria,2016,,36.6,20.775081,
Algeria,2017,,36.5,21.288969,
Algeria,2018,,36.3,21.786548,
Algeria,2019,,36.2,22.279868,
Andorra,2010,,34.5,16.416441,35.7
Andorra,2011,,34.1,16.548447,
Andorra,2012,,33.7,16.665833,
Andorra,2013,,33.2,16.774096,
Andorra,2014,,32.8,16.880371,
Andorra,2015,,32.4,16.994801,35.8
Andorra,2016,,32.0,17.121673,
Andorra,2017,,31.7,17.260967,
Andorra,2018,,31.4,17.404455,
Andorra,2019,,31.0,17.555156,
Angola,2010,,39.3,8.0547146,
Angola,2011,,39.3,8.2899854,
Angola,2012,,39.3,8.5220776,
Angola,2013,,39.2,8.7573476,
Angola,2014,,39.1,9.0023339,
Angola,2015,,39.1,9.2609555,
Angola,2016,,39.0,9.5323823,
Angola,2017,,38.9,9.8170705,
Angola,2018,,38.8,10.116035,
Angola,2019,,38.7,10.430336,
Antigua and Barbuda,2010,,41.8,25.537002,
Antigua and Barbuda,2011,,41.9,26.168439,
Antigua and Barbuda,2012,,42.1,26.789513,
Antigua and Barbuda,2013,,42.1,27.408746,
Antigua and Barbuda,2014,,42.2,28.029713,
Antigua and Barbuda,2015,,42.3,28.659719,
Antigua and Barbuda,2016,,42.4,29.296759,
Antigua and Barbuda,2017,,42.4,29.939744,
Antigua and Barbuda,2018,,42.5,30.585235,
Antigua and Barbuda,2019,,42.6,31.235856,
Argentina,2010,,44.2,24.722156,29.0
Argentina,2011,,44.5,25.475958,
Argentina,2012,,44.9,26.258084,
Argentina,2013,,45.2,27.068126,
Argentina,2014,,45.5,27.906281,
Argentina,2015,,45.9,28.771749,26.6
Argentina,2016,,46.3,29.66297,
Argentina,2017,,46.7,30.572641,
Argentina,2018,,47.1,31.494874,
Argentina,2019,,47.5,32.434347,
Armenia,2010,,46.2,19.463408,28.8
Armenia,2011,,46.4,19.893146,
Armenia,2012,,46.6,20.321731,
Armenia,2013,,46.7,20.750707,
Armenia,2014,,46.9,21.177164,
Armenia,2015,,47.0,21.598479,27.2
Armenia,2016,,47.1,22.01771,
Armenia,2017,,47.2,22.429684,
Armenia,2018,,47.3,22.835818,
Armenia,2019,,47.3,23.240523,
Australia,2010,,29.5,24.957116,18.4
Australia,2011,,29.4,25.353968,
Australia,2012,,29.4,25.741681,
Australia,2013,,29.3,26.137152,
Australia,2014,,29.3,26.546845,
Australia,2015,,29.3,26.975617,15.9
Australia,2016,,29.3,27.423829,
Australia,2017,,29.2,27.881697,
Australia,2018,,29.2,28.341359,
Australia,2019,,29.3,28.802299,
Austria,2010,,39.1,14.02496,37.2
Austria,2011,,38.6,14.10085,
Austria,2012,,38.0,14.16579,
Austria,2013,,37.4,14.231355,
Austria,2014,,36.8,14.307974,
Austria,2015,,36.1,14.404292,31.5
Austria,2016,,35.5,14.518945,
Austria,2017,,35.0,14.640945,
Austria,2018,,34.4,14.767757,
Austria,2019,,33.8,14.900239,
Azerbaijan,2010,,39.7,20.376062,24.0
Azerbaijan,2011,,39.9,20.902582,
Azerbaijan,2012,,40.1,21.428685,
Azerbaijan,2013,,40.3,21.952134,
Azerbaijan,2014,,40.5,22.468962,
Azerbaijan,2015,,40.6,22.981963,22.0
Azerbaijan,2016,,40.7,23.496403,
Azerbaijan,2017,,40.8,24.000728,
Azerbaijan,2018,,40.9,24.495217,
Azerbaijan,2019,,41.0,24.988432,
BDI,2010,4.816299822,,,
BDI,2011,4.486322296,,,
BDI,2012,2.378483957,,,
BDI,2013,3.324074849,,,
BDI,2014,2.990843618,,,
BDI,2015,3.099758907,,,
BDI,2016,3.084626325,,,
BDI,2017,3.092877856,,,
BDI,2018,3.225170272,,,
BDI,2019,2.961141809,,,
BEL,2010,10.28,,,
BEL,2011,10.14,,,
BEL,2012,10.09,,,
BEL,2013,10.33,,,
BEL,2014,10.57,,,
BEL,2015,10.36,,,
BEL,2016,9.42,,,
BEL,2017,9.31,,,
BEL,2018,9.22,,,
BEL,2019,9.15,,,
BEN,2010,8.777145903,,,
BEN,2011,9.048689267,,,
BEN,2012,9.274265604,,,
BEN,2013,9.515023022,,,
BEN,2014,8.225768773,,,
BEN,2015,8.070824962,,,
BEN,2016,7.775951121,,,
BEN,2017,7.522107021,,,
BEN,2018,7.342117651,,,
BEN,2019,6.98762734,,,
BFA,2010,17.53030899,,,
BFA,2011,18.38610256,,,
BFA,2012,15.80036416,,,
BFA,2013,15.97852455,,,
BFA,2014,16.64605545,,,
BFA,2015,16.22477556,,,
BFA,2016,15.86474685,,,
BFA,2017,14.78944676,,,
BFA,2018,15.68945941,,,
BFA,2019,7.707196584,,,
BGD,2010,0.003341792,,,
BGD,2011,0.003417415,,,
BGD,2012,0.003491184,,,
BGD,2013,0.003552883,,,
BGD,2014,0.003640031,,,
BGD,2015,0.003726285,,,
BGD,2016,0.003777712,,,
BGD,2017,0.003888005,,,
BGD,2018,0.004042624,,,
BGD,2019,0.004652531,,,
BGR,2010,10.21058551,,,
BGR,2011,10.49795304,,,
BGR,2012,10.5348806,,,
BGR,2013,10.5262136,,,
BGR,2014,9.912599017,,,
BGR,2015,10.15946764,,,
BGR,2016,10.82347541,,,
BGR,2017,10.7822288,,,
BGR,2018,10.94050392,,,
BGR,2019,10.84371457,,,
BHR,2010,2.266123599,,,
BHR,2011,2.010135263,,,
BHR,2012,2.131820531,,,
BHR,2013,2.005069775,,,
BHR,2014,1.90622559,,,
BHR,2015,1.771112217,,,
BHR,2016,1.625369734,,,
BHR,2017,1.543619803,,,
BHR,2018,1.526652654,,,
BHR,2019,1.599590401,,,
BHS,2010,7.174580996,,,
BHS,2011,7.343823431,,,
BHS,2012,7.643687955,,,
BHS,2013,7.64158305,,,
BHS,2014,7.796156788,,,
BHS,2015,7.827076171,,,
BHS,2016,7.879952212,,,
BHS,2017,8.048320201,,,
BHS,2018,8.172479697,,,
BHS,2019,8.0091468,,,
BIH,2010,4.480351849,,,
BIH,2011,4.666380223,,,
BIH,2012,4.787060297,,,
BIH,2013,4.602737251,,,
BIH,2014,4.583880143,,,
BIH,2015,4.781085548,,,
BIH,2016,5.143567932,,,
BIH,2017,5.352842945,,,
BIH,2018,5.338708469,,,
BIH,2019,5.094305196,,,
BLR,2010,13.97,,,
BLR,2011,14.08,,,
BLR,2012,13.19,,,
BLR,2013,12.25,,,
BLR,2014,11.0,,,
BLR,2015,9.53,,,
BLR,2016,9.48,,,
BLR,2017,9.51,,,
BLR,2018,9.81,,,
BLR,2019,10.3,,,
BLZ,2010,6.877874227,,,
BLZ,2011,6.740266497,,,
BLZ,2012,6.679680986,,,
BLZ,2013,6.573411442,,,
BLZ,2014,6.708158194,,,
BLZ,2015,6.697546091,,,
BLZ,2016,6.459660405,,,
BLZ,2017,6.050641029,,,
BLZ,2018,5.901974875,,,
BLZ,2019,5.753602275,,,
BOL,2010,3.323509734,,,
BOL,2011,3.252687094,,,
BOL,2012,3.210073397,,,
BOL,2013,3.172415931,,,
BOL,2014,3.136017949,,,
BOL,2015,3.110722792,,,
BOL,2016,3.081665074,,,
BOL,2017,3.028576962,,,
BOL,2018,2.965870384,,,
BOL,2019,2.901183363,,,
BRA,2010,8.79,,,
BRA,2011,9.71,,,
BRA,2012,8.94,,,
BRA,2013,7.93,,,
BRA,2014,7.9,,,
BRA,2015,7.92,,,
BRA,2016,8.37,,,
BRA,2017,7.94,,,
BRA,2018,9.07,,,
BRA,2019,8.55,,,
BRB,2010,8.561873323,,,
BRB,2011,8.722132473,,,
BRB,2012,8.903209782,,,
BRB,2013,8.997716548,,,
BRB,2014,9.177366381,,,
BRB,2015,9.641785969,,,
BRB,2016,10.16787129,,,
BRB,2017,10.04034802,,,
BRB,2018,9.943437892,,,
BRB,2019,10.00721022,,,
BRN,2010,0.238341749,,,
BRN,2011,0.877333212,,,
BRN,2012,0.915916325,,,
BRN,2013,0.717655631,,,
BRN,2014,0.706046906,,,
BRN,2015,0.706046906,,,
BRN,2016,0.706046906,,,
BRN,2017,0.706046906,,,
BRN,2018,0.706046906,,,
BRN,2019,0.706046906,,,
BTN,2010,4.478457746,,,
BTN,2011,4.478457746,,,
BTN,2012,4.478457746,,,
BTN,2013,4.478457746,,,
BTN,2014,4.478457746,,,
BTN,2015,4.478457746,,,
BTN,2016,4.478457746,,,
BTN,2017,4.478457746,,,
BTN,2018,4.478457746,,,
BTN,2019,4.478457746,,,
BWA,2010,4.611481578,,,
BWA,2011,5.24120501,,,
BWA,2012,4.019068543,,,
BWA,2013,4.122030111,,,
BWA,2014,5.065758437,,,
BWA,2015,5.1773489,,,
BWA,2016,5.466567902,,,
BWA,2017,5.426985564,,,
BWA,2018,6.115807989,,,
BWA,2019,6.261885171,,,
Bahamas,2010,,43.4,38.140875,11.5
Bahamas,2011,,43.6,38.969439,
Bahamas,2012,,43.8,39.772788,
Bahamas,2013,,43.9,40.550709,
Bahamas,2014,,44.0,41.314563,
Bahamas,2015,,44.1,42.072505,11.4
Bahamas,2016,,44.2,42.82518,
Bahamas,2017,,44.3,43.573511,
Bahamas,2018,,44.4,44.313943,
Bahamas,2019,,44.5,45.050207,
Bahrain,2010,,39.3,30.63162,18.3
Bahrain,2011,,39.2,31.156132,
Bahrain,2012,,39.2,31.65735,
Bahrain,2013,,39.1,32.150361,
Bahrain,2014,,39.0,32.653922,
Bahrain,2015,,38.9,33.139998,16.8
Bahrain,2016,,38.8,33.615011,
Bahrain,2017,,38.8,34.059319,
Bahrain,2018,,38.8,34.484518,
Bahrain,2019,,38.7,34.90743,
Bangladesh,2010,,27.9,2.1226531,44.2
Bangladesh,2011,,27.8,2.3114517,
Bangladesh,2012,,27.8,2.5124423,
Bangladesh,2013,,27.8,2.7267229,
Bangladesh,2014,,27.9,2.9545054,
Bangladesh,2015,,28.0,3.1981368,38.9
Bangladesh,2016,,28.2,3.458482,
Bangladesh,2017,,28.4,3.7338804,
Bangladesh,2018,,28.6,4.0220205,
Bangladesh,2019,,28.8,4.3223269,
Barbados,2010,,41.1,29.439732,8.1
Barbados,2011,,41.3,30.148205,
Barbados,2012,,41.4,30.851439,
Barbados,2013,,41.4,31.549388,
Barbados,2014,,41.5,32.248685,
Barbados,2015,,41.5,32.953998,7.6
Barbados,2016,,41.6,33.667246,
Barbados,2017,,41.6,34.385505,
Barbados,2018,,41.7,35.103178,
Barbados,2019,,41.8,35.824624,
Belarus,2010,,50.3,20.733768,36.4
Belarus,2011,,50.2,20.858835,
Belarus,2012,,50.1,20.961779,
Belarus,2013,,49.9,21.041673,
Belarus,2014,,49.8,21.103704,
Belarus,2015,,49.7,21.156007,33.4
Belarus,2016,,49.6,21.199833,
Belarus,2017,,49.5,21.233803,
Belarus,2018,,49.3,21.255928,
Belarus,2019,,49.2,21.274516,
Belgium,2010,,34.9,17.471328,29.0
Belgium,2011,,34.5,17.652149,
Belgium,2012,,34.0,17.820251,
Belgium,2013,,33.4,17.98908,
Belgium,2014,,32.9,18.166932,
Belgium,2015,,32.3,18.358223,28.0
Belgium,2016,,31.7,18.567449,
Belgium,2017,,31.1,18.787187,
Belgium,2018,,30.6,19.012664,
Belgium,2019,,30.0,19.246539,
Belize,2010,,35.8,33.734971,11.0
Belize,2011,,36.1,34.459719,
Belize,2012,,36.3,35.172138,
Belize,2013,,36.6,35.872641,
Belize,2014,,36.8,36.571833,
Belize,2015,,37.0,37.278429,10.0
Belize,2016,,37.2,37.989432,
Belize,2017,,37.5,38.701493,
Belize,2018,,37.7,39.410514,
Belize,2019,,38.0,40.123248,
Benin,2010,,35.1,7.6908566,10.9
Benin,2011,,34.7,7.9218164,
Benin,2012,,34.4,8.1412867,
Benin,2013,,33.9,8.3623908,
Benin,2014,,33.5,8.595629,
Benin,2015,,33.1,8.8467419,8.6
Benin,2016,,32.6,9.1181844,
Benin,2017,,32.1,9.4090037,
Benin,2018,,31.6,9.7187229,
Benin,2019,,31.2,10.04816,
Bhutan,2010,,41.0,6.3306205,24.9
Bhutan,2011,,41.3,6.7000315,
Bhutan,2012,,41.6,7.0880532,
Bhutan,2013,,41.9,7.4976094,
Bhutan,2014,,42.2,7.9302266,
Bhutan,2015,,42.4,8.3901793,21.9
Bhutan,2016,,42.7,8.8756934,
Bhutan,2017,,42.9,9.3821876,
Bhutan,2018,,43.1,9.9054158,
Bhutan,2019,,43.4,10.446334,
Bolivia (Plurinational State of),2010,,27.4,19.066343,20.7
Bolivia (Plurinational State of),2011,,27.5,19.772305,
Bolivia (Plurinational State of),2012,,27.6,20.496564,
Bolivia (Plurinational State of),2013,,27.6,21.234961,
Bolivia (Plurinational State of),2014,,27.7,21.988839,
Bolivia (Plurinational State of),2015,,27.8,22.760753,16.4
Bolivia (Plurinational State of),2016,,27.9,23.551302,
Bolivia (Plurinational State of),2017,,28.0,24.359044,
Bolivia (Plurinational State of),2018,,28.2,25.17966,
Bolivia (Plurinational State of),2019,,28.3,26.018664,
Bosnia and Herzegovina,2010,,44.7,16.707933,41.1
Bosnia and Herzegovina,2011,,44.6,17.013128,
Bosnia and Herzegovina,2012,,44.6,17.32462,
Bosnia and Herzegovina,2013,,44.5,17.644963,
Bosnia and Herzegovina,2014,,44.4,17.976536,
Bosnia and Herzegovina,2015,,44.4,18.324964,38.8
Bosnia and Herzegovina,2016,,44.3,18.690492,
Bosnia and Herzegovina,2017,,44.3,19.06873,
Bosnia and Herzegovina,2018,,44.2,19.457775,
Bosnia and Herzegovina,2019,,44.2,19.859956,
Botswana,2010,,44.8,14.100887,25.4
Botswana,2011,,44.8,14.417088,
Botswana,2012,,44.8,14.725295,
Botswana,2013,,44.8,15.032244,
Botswana,2014,,44.7,15.347251,
Botswana,2015,,44.6,15.671189,22.1
Botswana,2016,,44.5,16.004775,
Botswana,2017,,44.4,16.349374,
Botswana,2018,,44.2,16.703267,
Botswana,2019,,44.1,17.071067,
Brazil,2010,,46.1,17.634043,17.4
Brazil,2011,,46.1,18.356983,
Brazil,2012,,45.9,19.121417,
Brazil,2013,,45.8,19.921568,
Brazil,2014,,45.6,20.753977,
Brazil,2015,,45.5,21.612762,14.9
Brazil,2016,,45.4,22.494312,
Brazil,2017,,45.2,23.391308,
Brazil,2018,,45.1,24.303406,
Brazil,2019,,45.0,25.232354,
Brunei Darussalam,2010,,44.3,21.680997,16.5
Brunei Darussalam,2011,,44.5,22.485614,
Brunei Darussalam,2012,,44.8,23.280893,
Brunei Darussalam,2013,,45.0,24.081427,
Brunei Darussalam,2014,,45.2,24.894203,
Brunei Darussalam,2015,,45.4,25.722808,16.4
Brunei Darussalam,2016,,45.7,26.565963,
Brunei Darussalam,2017,,45.9,27.41763,
Brunei Darussalam,2018,,46.1,28.27023,
Brunei Darussalam,2019,,46.4,29.125273,
Bulgaria,2010,,45.2,17.053254,43.0
Bulgaria,2011,,45.2,17.353885,
Bulgaria,2012,,45.2,17.646722,
Bulgaria,2013,,45.2,17.934869,
Bulgaria,2014,,45.2,18.220341,
Bulgaria,2015,,45.2,18.508542,41.4
Bulgaria,2016,,45.2,18.798955,
Bulgaria,2017,,45.2,19.087683,
Bulgaria,2018,,45.2,19.373366,
Bulgaria,2019,,45.2,19.660026,
Burkina Faso,2010,,32.8,3.2919168,20.9
Burkina Faso,2011,,32.5,3.4963064,
Burkina Faso,2012,,32.2,3.7042722,
Burkina Faso,2013,,32.0,3.9218128,
Burkina Faso,2014,,31.7,4.1547708,
Burkina Faso,2015,,31.5,4.4052966,17.6
Burkina Faso,2016,,31.2,4.6752714,
Burkina Faso,2017,,31.0,4.9655914,
Burkina Faso,2018,,30.7,5.2771293,
Burkina Faso,2019,,30.5,5.6108229,
Burundi,2010,,37.0,2.7064873,17.3
Burundi,2011,,36.8,2.8351024,
Burundi,2012,,36.5,2.9680599,
Burundi,2013,,36.3,3.1079454,
Burundi,2014,,35.9,3.2580793,
Burundi,2015,,35.6,3.419105,14.3
Burundi,2016,,35.3,3.5942536,
Burundi,2017,,34.9,3.7859172,
Burundi,2018,,34.6,3.9954331,
Burundi,2019,,34.2,4.2229492,
CAF,2010,1.693031363,,,
CAF,2011,1.629488427,,,
CAF,2012,1.661043741,,,
CAF,2013,1.478089412,,,
CAF,2014,1.447204827,,,
CAF,2015,1.56878744,,,
CAF,2016,1.610522229,,,
CAF,2017,1.57358771,,,
CAF,2018,1.551111436,,,
CAF,2019,1.495747509,,,
CAN,2010,8.24,,,
CAN,2011,8.31,,,
CAN,2012,8.26,,,
CAN,2013,8.07,,,
CAN,2014,8.07,,,
CAN,2015,8.18,,,
CAN,2016,8.17,,,
CAN,2017,8.18,,,
CAN,2018,8.05,,,
CAN,2019,8.12,,,
CHE,2010,9.66,,,
CHE,2011,9.56,,,
CHE,2012,9.36,,,
CHE,2013,9.36,,,
CHE,2014,9.06,,,
CHE,2015,9.05,,,
CHE,2016,8.85,,,
CHE,2017,8.72,,,
CHE,2018,8.52,,,
CHE,2019,8.72,,,
CHL,2010,7.55,,,
CHL,2011,7.02,,,
CHL,2012,8.35,,,
CHL,2013,7.23,,,
CHL,2014,7.92,,,
CHL,2015,7.89,,,
CHL,2016,6.38,,,
CHL,2017,5.71,,,
CHL,2018,6.32,,,
CHL,2019,7.14,,,
CHN,2010,4.99,,,
CHN,2011,5.57,,,
CHN,2012,6.02,,,
CHN,2013,6.3,,,
CHN,2014,6.35,,,
CHN,2015,6.44,,,
CHN,2016,6.53,,,
CHN,2017,5.87,,,
CHN,2018,4.57,,,
CHN,2019,4.18,,,
CIV,2010,2.035369368,,,
CIV,2011,2.100070147,,,
CIV,2012,2.170578228,,,
CIV,2013,2.281904468,,,
CIV,2014,2.510681706,,,
CIV,2015,2.753552008,,,
CIV,2016,2.73222964,,,
CIV,2017,2.827137569,,,
CIV,2018,2.982984826,,,
CIV,2019,2.999907692,,,
CMR,2010,6.569441379,,,
CMR,2011,6.56639304,,,
CMR,2012,7.119598525,,,
CMR,2013,7.287032417,,,
CMR,2014,7.31401622,,,
CMR,2015,6.747784825,,,
CMR,2016,6.490187291,,,
CMR,2017,6.674111618,,,
CMR,2018,6.697630718,,,
CMR,2019,8.210828577,,,
COD,2010,1.064371923,,,
COD,2011,1.14441062,,,
COD,2012,1.182318956,,,
COD,2013,1.281081891,,,
COD,2014,1.320661139,,,
COD,2015,1.142791773,,,
COD,2016,1.120777909,,,
COD,2017,1.085433773,,,
COD,2018,1.02839514,,,
COD,2019,1.044857697,,,
COG,2010,3.754883847,,,
COG,2011,3.961950948,,,
COG,2012,3.942816475,,,
COG,2013,4.056904447,,,
COG,2014,4.173638679,,,
COG,2015,4.110814649,,,
COG,2016,5.319445391,,,
COG,2017,5.461249423,,,
COG,2018,5.277478356,,,
COG,2019,5.246648087,,,
COL,2010,3.365882581,,,
COL,2011,3.548025547,,,
COL,2012,3.559320357,,,
COL,2013,3.487494934,,,
COL,2014,3.414545758,,,
COL,2015,3.438529695,,,
COL,2016,3.56,,,
COL,2017,3.46,,,
COL,2018,3.5,,,
COL,2019,3.48,,,
COM,2010,0.157886235,,,
COM,2011,0.141084952,,,
COM,2012,0.142708278,,,
COM,2013,0.184902955,,,
COM,2014,0.139690416,,,
COM,2015,0.131247113,,,
COM,2016,0.166509803,,,
COM,2017,0.191548627,,,
COM,2018,0.180713948,,,
COM,2019,0.236970711,,,
CPV,2010,3.483181342,,,
CPV,2011,3.577662023,,,
CPV,2012,3.031617399,,,
CPV,2013,3.013267725,,,
CPV,2014,3.300261072,,,
CPV,2015,3.760132699,,,
CPV,2016,4.447587482,,,
CPV,2017,4.209661918,,,
CPV,2018,4.119145279,,,
CPV,2019,4.187375775,,,
CRI,2010,3.281270958,,,
CRI,2011,3.21,,,
CRI,2012,3.17,,,
CRI,2013,3.02,,,
CRI,2014,3.12,,,
CRI,2015,3.18,,,
CRI,2016,3.36,,,
CRI,2017,3.21,,,
CRI,2018,3.29,,,
CRI,2019,3.07,,,
CUB,2010,4.228660377,,,
CUB,2011,4.273973309,,,
CUB,2012,4.260919041,,,
CUB,2013,4.348391386,,,
CUB,2014,4.530265061,,,
CUB,2015,4.649681606,,,
CUB,2016,4.578540687,,,
CUB,2017,4.693460962,,,
CUB,2018,4.756334623,,,
CUB,2019,4.778663289,,,
CYP,2010,5.987687654,,,
CYP,2011,5.885040833,,,
CYP,2012,5.818311564,,,
CYP,2013,5.246394759,,,
CYP,2014,5.279185262,,,
CYP,2015,5.403174652,,,
CYP,2016,5.504951557,,,
CYP,2017,5.737404714,,,
CYP,2018,6.011267748,,,
CYP,2019,5.669242203,,,
CZE,2010,12.74,,,
CZE,2011,12.63,,,
CZE,2012,12.9,,,
CZE,2013,12.62,,,
CZE,2014,12.85,,,
CZE,2015,12.86,,,
CZE,2016,13.04,,,
CZE,2017,12.87,,,
CZE,2018,13.11,,,
CZE,2019,13.22,,,
Cabo Verde,2010,,46.8,10.644072,15.1
Cabo Verde,2011,,46.6,10.988255,
Cabo Verde,2012,,46.3,11.324172,
Cabo Verde,2013,,46.0,11.666516,
Cabo Verde,2014,,45.7,12.028439,
Cabo Verde,2015,,45.4,12.41436,13.2
Cabo Verde,2016,,45.1,12.825206,
Cabo Verde,2017,,44.7,13.258825,
Cabo Verde,2018,,44.4,13.714786,
Cabo Verde,2019,,44.1,14.193656,
Cambodia,2010,,23.9,1.9509315,28.0
Cambodia,2011,,24.0,2.0869654,
Cambodia,2012,,24.1,2.2327077,
Cambodia,2013,,24.3,2.3896115,
Cambodia,2014,,24.4,2.5585286,
Cambodia,2015,,24.6,2.7404308,22.7
Cambodia,2016,,24.9,2.9347949,
Cambodia,2017,,25.1,3.1408381,
Cambodia,2018,,25.4,3.3583373,
Cambodia,2019,,25.7,3.5881002,
Cameroon,2010,,36.2,11.2049,10.4
Cameroon,2011,,36.3,11.490428,
Cameroon,2012,,36.3,11.753074,
Cameroon,2013,,36.4,12.006788,
Cameroon,2014,,36.5,12.265695,
Cameroon,2015,,36.5,12.534451,8.5
Cameroon,2016,,36.6,12.818879,
Cameroon,2017,,36.6,13.119014,
Cameroon,2018,,36.7,13.435923,
Cameroon,2019,,36.8,13.770814,
Canada,2010,,24.6,24.273723,19.3
Canada,2011,,24.3,24.479665,
Canada,2012,,24.0,24.65485,
Canada,2013,,23.7,24.814345,
Canada,2014,,23.4,24.967441,
Canada,2015,,23.1,25.11996,15.8
Canada,2016,,22.9,25.27532,
Canada,2017,,22.6,25.42713,
Canada,2018,,22.4,25.574449,
Canada,2019,,22.1,25.721297,
Central African Republic,2010,,42.1,5.3900171,
Central African Republic,2011,,42.1,5.636296,
Central African Republic,2012,,42.0,5.8877803,
Central African Republic,2013,,41.9,6.1486293,
Central African Republic,2014,,41.8,6.4257219,
Central African Republic,2015,,41.7,6.7192227,
Central African Republic,2016,,41.6,7.0275731,
Central African Republic,2017,,41.5,7.354515,
Central African Republic,2018,,41.4,7.6994449,
Central African Republic,2019,,41.3,8.0635421,
Chad,2010,,39.6,4.1880984,9.0
Chad,2011,,39.5,4.3451358,
Chad,2012,,39.3,4.4947568,
Chad,2013,,39.1,4.6458583,
Chad,2014,,38.9,4.8062664,
Chad,2015,,38.7,4.9796738,8.3
Chad,2016,,38.5,5.1700816,
Chad,2017,,38.3,5.3779185,
Chad,2018,,38.1,5.6027964,
Chad,2019,,37.9,5.8463652,
Chile,2010,,39.3,27.957776,37.5
Chile,2011,,39.1,28.76969,
Chile,2012,,38.7,29.605725,
Chile,2013,,38.3,30.465499,
Chile,2014,,37.9,31.346932,
Chile,2015,,37.5,32.248336,33.6
Chile,2016,,37.1,33.167136,
Chile,2017,,36.8,34.098622,
Chile,2018,,36.4,35.037577,
Chile,2019,,36.1,35.988921,
China,2010,,29.6,3.9697785,25.2
China,2011,,29.4,4.2217463,
China,2012,,29.2,4.4872195,
China,2013,,28.9,4.7720026,
China,2014,,28.6,5.0767515,
China,2015,,28.3,5.4026946,24.4
China,2016,,28.0,5.7486825,
China,2017,,27.8,6.1112192,
China,2018,,27.5,6.4929411,
China,2019,,27.3,6.8968594,
Colombia,2010,,32.0,16.993499,11.5
Colombia,2011,,32.0,17.572729,
Colombia,2012,,31.9,18.152933,
Colombia,2013,,31.8,18.728486,
Colombia,2014,,31.6,19.296189,
Colombia,2015,,31.5,19.853628,9.9
Colombia,2016,,31.3,20.396207,
Colombia,2017,,31.2,20.926742,
Colombia,2018,,31.1,21.450117,
Colombia,2019,,31.0,21.974038,
Comoros,2010,,36.0,9.8140709,28.3
Comoros,2011,,35.8,10.256834,
Comoros,2012,,35.6,10.708262,
Comoros,2013,,35.3,11.173488,
Comoros,2014,,34.9,11.658647,
Comoros,2015,,34.6,12.165481,22.5
Comoros,2016,,34.2,12.694941,
Comoros,2017,,33.9,13.239253,
Comoros,2018,,33.5,13.796009,
Comoros,2019,,33.2,14.373326,
Congo,2010,,41.1,7.1424797,13.0
Congo,2011,,41.0,7.2577164,
Congo,2012,,40.9,7.3617645,
Congo,2013,,40.8,7.4604698,
Congo,2014,,40.6,7.5585425,
Congo,2015,,40.5,7.6582655,13.8
Congo,2016,,40.3,7.7623986,
Congo,2017,,40.1,7.8712493,
Congo,2018,,40.0,7.9849474,
Congo,2019,,39.8,8.1069633,
Cook Islands,2010,,41.5,61.101729,32.9
Cook Islands,2011,,41.7,61.784524,
Cook Islands,2012,,41.8,62.456352,
Cook Islands,2013,,42.0,63.126379,
Cook Islands,2014,,42.1,63.792557,
Cook Islands,2015,,42.2,64.451528,30.5
Cook Islands,2016,,42.3,65.113223,
Cook Islands,2017,,42.4,65.766156,
Cook Islands,2018,,42.5,66.410071,
Cook Islands,2019,,42.6,67.052567,
Costa Rica,2010,,38.9,23.554841,12.7
Costa Rica,2011,,38.9,24.207658,
Costa Rica,2012,,38.9,24.862187,
Costa Rica,2013,,38.7,25.514871,
Costa Rica,2014,,38.6,26.166186,
Costa Rica,2015,,38.4,26.813278,10.9
Costa Rica,2016,,38.2,27.456599,
Costa Rica,2017,,38.1,28.097221,
Costa Rica,2018,,37.9,28.736043,
Costa Rica,2019,,37.8,29.380527,
Croatia,2010,,47.4,21.602014,35.5
Croatia,2011,,47.5,22.28428,
Croatia,2012,,47.7,22.972018,
Croatia,2013,,47.8,23.665647,
Croatia,2014,,47.9,24.372014,
Croatia,2015,,48.0,25.097725,36.1
Croatia,2016,,48.1,25.843117,
Croatia,2017,,48.2,26.601753,
Croatia,2018,,48.3,27.369842,
Croatia,2019,,48.4,28.151074,
Cuba,2010,,38.8,15.332413,27.1
Cuba,2011,,39.0,15.823519,
Cuba,2012,,39.1,16.31844,
Cuba,2013,,39.3,16.816914,
Cuba,2014,,39.4,17.324024,
Cuba,2015,,39.5,17.842628,22.5
Cuba,2016,,39.6,18.37232,
Cuba,2017,,39.7,18.911706,
Cuba,2018,,39.8,19.456716,
Cuba,2019,,39.9,20.011504,
Cyprus,2010,,33.9,21.273379,38.6
Cyprus,2011,,33.6,21.427646,
Cyprus,2012,,33.2,21.55879,
Cyprus,2013,,32.8,21.674781,
Cyprus,2014,,32.4,21.786958,
Cyprus,2015,,32.1,21.903536,37.1
Cyprus,2016,,31.7,22.027159,
Cyprus,2017,,31.4,22.156937,
Cyprus,2018,,31.1,22.290652,
Cyprus,2019,,30.8,22.431517,
Czechia,2010,,42.0,21.186854,32.5
Czechia,2011,,42.0,21.504064,
Czechia,2012,,41.9,21.837513,
Czechia,2013,,41.9,22.186781,
Czechia,2014,,41.8,22.554526,
Czechia,2015,,41.8,22.94489,31.4
Czechia,2016,,41.7,23.353016,
Czechia,2017,,41.7,23.771556,
Czechia,2018,,41.6,24.19261,
Czechia,2019,,41.6,24.618946,
Côte d'Ivoire,2010,,39.0,7.6876983,13.7
Côte d'Ivoire,2011,,38.8,7.9324253,
Côte d'Ivoire,2012,,38.6,8.1740722,
Côte d'Ivoire,2013,,38.4,8.4225215,
Côte d'Ivoire,2014,,38.2,8.6880974,
Côte d'Ivoire,2015,,38.0,8.9751862,11.4
Côte d'Ivoire,2016,,37.8,9.286879,
Côte d'Ivoire,2017,,37.6,9.6222498,
Côte d'Ivoire,2018,,37.4,9.9803537,
Côte d'Ivoire,2019,,37.3,10.361018,
DEU,2010,11.24,,,
DEU,2011,11.21,,,
DEU,2012,11.38,,,
DEU,2013,11.25,,,
DEU,2014,11.26,,,
DEU,2015,11.16,,,
DEU,2016,11.22,,,
DEU,2017,11.07,,,
DEU,2018,11.16,,,
DEU,2019,10.76,,,
DJI,2010,0.398350805,,,
DJI,2011,0.394837548,,,
DJI,2012,0.387363392,,,
DJI,2013,0.399400145,,,
DJI,2014,0.353752096,,,
DJI,2015,0.276032448,,,
DJI,2016,0.286996817,,,
DJI,2017,0.256297725,,,
DJI,2018,0.220908375,,,
DJI,2019,0.219525821,,,
DMA,2010,7.836603362,,,
DMA,2011,7.641043301,,,
DMA,2012,7.700328667,,,
DMA,2013,7.995096836,,,
DMA,2014,7.873518848,,,
DMA,2015,7.872691586,,,
DMA,2016,7.457055508,,,
DMA,2017,7.755820254,,,
DMA,2018,7.394745568,,,
DMA,2019,7.754966986,,,
DNK,2010,10.23,,,
DNK,2011,10.36,,,
DNK,2012,9.16,,,
DNK,2013,9.39,,,
DNK,2014,9.51,,,
DNK,2015,9.38,,,
DNK,2016,9.46,,,
DNK,2017,9.23,,,
DNK,2018,9.3,,,
DNK,2019,9.12,,,
DOM,2010,4.64,,,
DOM,2011,4.55,,,
DOM,2012,4.4,,,
DOM,2013,4.01,,,
DOM,2014,4.04,,,
DOM,2015,3.98,,,
DOM,2016,3.78,,,
DOM,2017,3.74,,,
DOM,2018,3.94,,,
DOM,2019,4.03,,,
DZA,2010,0.404503661,,,
DZA,2011,0.433350508,,,
DZA,2012,0.45719438,,,
DZA,2013,0.489062902,,,
DZA,2014,0.518811136,,,
DZA,2015,0.472485114,,,
DZA,2016,0.477636673,,,
DZA,2017,0.482602634,,,
DZA,2018,0.514897126,,,
DZA,2019,0.491808528,,,
Democratic People's Republic of Korea,2010,,26.9,6.0321044,22.7
Democratic People's Republic of Korea,2011,,26.9,6.3358463,
Democratic People's Republic of Korea,2012,,26.8,6.6519231,
Democratic People's Republic of Korea,2013,,26.7,6.9838129,
Democratic People's Republic of Korea,2014,,26.7,7.3338293,
Democratic People's Republic of Korea,2015,,26.6,7.7024452,19.8
Democratic People's Republic of Korea,2016,,26.6,8.0906846,
Democratic People's Republic of Korea,2017,,26.6,8.4969163,
Democratic People's Republic of Korea,2018,,26.5,8.9191414,
Democratic People's Republic of Korea,2019,,26.5,9.3579471,
Democratic Republic of the Congo,2010,,33.9,4.0247682,16.4
Democratic Republic of the Congo,2011,,34.0,4.1915547,
Democratic Republic of the Congo,2012,,34.0,4.3595489,
Democratic Republic of the Congo,2013,,34.0,4.5323662,
Democratic Republic of the Congo,2014,,34.1,4.7146063,
Democratic Republic of the Congo,2015,,34.1,4.9091328,14.3
Democratic Republic of the Congo,2016,,34.1,5.1163998,
Democratic Republic of the Congo,2017,,34.2,5.3360537,
Democratic Republic of the Congo,2018,,34.2,5.5681154,
Democratic Republic of the Congo,2019,,34.3,5.8134522,
Denmark,2010,,40.9,12.456207,25.7
Denmark,2011,,40.5,12.507869,
Denmark,2012,,40.0,12.545781,
Denmark,2013,,39.5,12.582669,
Denmark,2014,,38.9,12.62534,
Denmark,2015,,38.3,12.678646,21.2
Denmark,2016,,37.7,12.746185,
Denmark,2017,,37.1,12.82077,
Denmark,2018,,36.5,12.899646,
Denmark,2019,,35.9,12.982713,
Djibouti,2010,,37.1,6.5167904,
Djibouti,2011,,36.9,6.8207234,
Djibouti,2012,,36.6,7.1355022,
Djibouti,2013,,36.3,7.4633986,
Djibouti,2014,,36.0,7.8085802,
Djibouti,2015,,35.6,8.1730947,
Djibouti,2016,,35.3,8.5586466,
Djibouti,2017,,34.9,8.9660421,
Djibouti,2018,,34.6,9.3951009,
Djibouti,2019,,34.2,9.8454639,
Dominica,2010,,47.9,23.298711,
Dominica,2011,,48.0,23.90811,
Dominica,2012,,48.0,24.540721,
Dominica,2013,,48.0,25.148785,
Dominica,2014,,47.9,25.826904,
Dominica,2015,,47.9,26.516941,
Dominica,2016,,47.8,27.156505,
Dominica,2017,,47.8,27.828917,
Dominica,2018,,47.7,28.5119,
Dominica,2019,,47.7,29.212144,
Dominican Republic,2010,,48.4,20.976385,14.3
Dominican Republic,2011,,48.6,21.637838,
Dominican Republic,2012,,48.7,22.295199,
Dominican Republic,2013,,48.8,22.952597,
Dominican Republic,2014,,48.9,23.619692,
Dominican Republic,2015,,48.9,24.300757,12.5
Dominican Republic,2016,,49.0,24.994138,
Dominican Republic,2017,,49.0,25.695652,
Dominican Republic,2018,,49.1,26.401326,
Dominican Republic,2019,,49.1,27.115127,
ECU,2010,3.781197591,,,
ECU,2011,3.983222925,,,
ECU,2012,3.894604496,,,
ECU,2013,3.755867362,,,
ECU,2014,3.80857206,,,
ECU,2015,3.68822636,,,
ECU,2016,3.149611289,,,
ECU,2017,2.89466932,,,
ECU,2018,3.008179191,,,
ECU,2019,2.995732573,,,
EGY,2010,0.146202917,,,
EGY,2011,0.135749074,,,
EGY,2012,0.142188678,,,
EGY,2013,0.137696089,,,
EGY,2014,0.139959548,,,
EGY,2015,0.134338042,,,
EGY,2016,0.109113109,,,
EGY,2017,0.103459011,,,
EGY,2018,0.108796675,,,
EGY,2019,0.104441231,,,
ERI,2010,0.967952023,,,
ERI,2011,1.051431561,,,
ERI,2012,1.042214406,,,
ERI,2013,1.03385848,,,
ERI,2014,1.029876301,,,
ERI,2015,1.028149615,,,
ERI,2016,0.972476696,,,
ERI,2017,0.966689705,,,
ERI,2018,0.957012837,,,
ERI,2019,0.951063282,,,
ESP,2010,8.94,,,
ESP,2011,8.75,,,
ESP,2012,8.6,,,
ESP,2013,8.56,,,
ESP,2014,7.85,,,
ESP,2015,10.43,,,
ESP,2016,10.89,,,
ESP,2017,10.9,,,
ESP,2018,10.39,,,
ESP,2019,10.7,,,
EST,2010,14.97,,,
EST,2011,16.27,,,
EST,2012,16.96,,,
EST,2013,17.75,,,
EST,2014,17.29,,,
EST,2015,16.72,,,
EST,2016,15.61,,,
EST,2017,13.08,,,
EST,2018,10.81,,,
EST,2019,11.65,,,
ETH,2010,0.808375878,,,
ETH,2011,0.888409114,,,
ETH,2012,0.99797737,,,
ETH,2013,1.049455267,,,
ETH,2014,1.157495039,,,
ETH,2015,1.329838161,,,
ETH,2016,1.451655633,,,
ETH,2017,1.546287903,,,
ETH,2018,1.737633012,,,
ETH,2019,1.977769128,,,
Ecuador,2010,,25.5,18.83474,12.2
Ecuador,2011,,25.7,19.46319,
Ecuador,2012,,25.8,20.107205,
Ecuador,2013,,26.0,20.761065,
Ecuador,2014,,26.1,21.4267,
Ecuador,2015,,26.3,22.107267,11.3
Ecuador,2016,,26.5,22.804977,
Ecuador,2017,,26.7,23.518725,
Ecuador,2018,,26.9,24.247363,
Ecuador,2019,,27.2,24.994563,
Egypt,2010,,37.9,35.944986,21.6
Egypt,2011,,38.0,36.693981,
Egypt,2012,,38.1,37.434924,
Egypt,2013,,38.1,38.172328,
Egypt,2014,,38.1,38.910556,
Egypt,2015,,38.1,39.647537,22.8
Egypt,2016,,38.1,40.381181,
Egypt,2017,,38.2,41.080096,
Egypt,2018,,38.2,41.737407,
Egypt,2019,,38.2,42.374185,
El Salvador,2010,,31.8,24.089871,11.9
El Salvador,2011,,32.0,24.681477,
El Salvador,2012,,32.1,25.268918,
El Salvador,2013,,32.2,25.846514,
El Salvador,2014,,32.2,26.418677,
El Salvador,2015,,32.3,26.984721,10.5
El Salvador,2016,,32.4,27.544028,
El Salvador,2017,,32.5,28.098318,
El Salvador,2018,,32.6,28.647074,
El Salvador,2019,,32.7,29.194894,
Equatorial Guinea,2010,,39.0,13.314338,
Equatorial Guinea,2011,,39.0,13.620134,
Equatorial Guinea,2012,,38.9,13.906439,
Equatorial Guinea,2013,,38.8,14.195099,
Equatorial Guinea,2014,,38.7,14.496323,
Equatorial Guinea,2015,,38.5,14.816929,
Equatorial Guinea,2016,,38.4,15.157253,
Equatorial Guinea,2017,,38.3,15.516871,
Equatorial Guinea,2018,,38.2,15.894319,
Equatorial Guinea,2019,,38.1,16.28966,
Eritrea,2010,,25.0,2.3766637,
Eritrea,2011,,24.9,2.5147974,
Eritrea,2012,,24.7,2.6611121,
Eritrea,2013,,24.6,2.8166374,
Eritrea,2014,,24.4,2.9839834,
Eritrea,2015,,24.3,3.1640753,
Eritrea,2016,,24.1,3.3566196,
Eritrea,2017,,23.9,3.5628684,
Eritrea,2018,,23.8,3.7831381,
Eritrea,2019,,23.7,4.0188789,
Estonia,2010,,42.0,20.529473,37.3
Estonia,2011,,41.8,20.72363,
Estonia,2012,,41.6,20.890988,
Estonia,2013,,41.3,21.03795,
Estonia,2014,,41.1,21.171376,
Estonia,2015,,40.9,21.301855,33.3
Estonia,2016,,40.7,21.429379,
Estonia,2017,,40.5,21.55232,
Estonia,2018,,40.3,21.670602,
Estonia,2019,,40.2,21.786639,
Eswatini,2010,,44.6,21.979542,10.8
Eswatini,2011,,44.5,22.580491,
Eswatini,2012,,44.4,23.180065,
Eswatini,2013,,44.2,23.784496,
Eswatini,2014,,43.9,24.401437,
Eswatini,2015,,43.7,25.033963,10.2
Eswatini,2016,,43.4,25.685927,
Eswatini,2017,,43.1,26.355267,
Eswatini,2018,,42.8,27.042037,
Eswatini,2019,,42.5,27.744937,
Ethiopia,2010,,28.3,1.2997326,5.8
Ethiopia,2011,,28.3,1.3832971,
Ethiopia,2012,,28.3,1.4722644,
Ethiopia,2013,,28.2,1.5674846,
Ethiopia,2014,,28.0,1.6699459,
Ethiopia,2015,,27.9,1.7799549,5.5
Ethiopia,2016,,27.8,1.8981637,
Ethiopia,2017,,27.7,2.0257449,
Ethiopia,2018,,27.5,2.163058,
Ethiopia,2019,,27.4,2.3102844,
FIN,2010,9.72,,,
FIN,2011,9.81,,,
FIN,2012,9.28,,,
FIN,2013,9.07,,,
FIN,2014,8.75,,,
FIN,2015,8.51,,,
FIN,2016,8.43,,,
FIN,2017,8.37,,,
FIN,2018,8.37,,,
FIN,2019,8.16,,,
FJI,2010,2.157618885,,,
FJI,2011,2.354686619,,,
FJI,2012,2.213744609,,,
FJI,2013,2.293546966,,,
FJI,2014,2.30558733,,,
FJI,2015,2.908683987,,,
FJI,2016,2.632492235,,,
FJI,2017,3.751713174,,,
FJI,2018,3.770688696,,,
FJI,2019,3.19363096,,,
FRA,2010,12.33,,,
FRA,2011,12.37,,,
FRA,2012,12.24,,,
FRA,2013,11.64,,,
FRA,2014,11.97,,,
FRA,2015,11.87,,,
FRA,2016,11.74,,,
FRA,2017,11.69,,,
FRA,2018,11.56,,,
FRA,2019,11.44,,,
FSM,2010,1.75,,,
FSM,2011,1.87,,,
FSM,2012,2.89,,,
FSM,2013,1.6,,,
FSM,2014,1.51,,,
FSM,2015,1.58,,,
FSM,2016,1.58,,,
FSM,2017,1.58,,,
FSM,2018,1.58,,,
FSM,2019,1.58,,,
Fiji,2010,,35.3,26.957792,30.4
Fiji,2011,,35.7,27.476418,
Fiji,2012,,36.1,27.999824,
Fiji,2013,,36.5,28.530374,
Fiji,2014,,36.9,29.072642,
Fiji,2015,,37.2,29.629853,29.2
Fiji,2016,,37.6,30.200362,
Fiji,2017,,37.9,30.779672,
Fiji,2018,,38.3,31.365868,
Fiji,2019,,38.6,31.96393,
Finland,2010,,39.0,18.98731,30.2
Finland,2011,,38.6,19.163156,
Finland,2012,,38.3,19.329432,
Finland,2013,,37.9,19.498864,
Finland,2014,,37.6,19.67781,
Finland,2015,,37.2,19.871606,26.5
Finland,2016,,36.9,20.08328,
Finland,2017,,36.6,20.302574,
Finland,2018,,36.2,20.524879,
Finland,2019,,35.9,20.752914,
France,2010,,31.8,12.085788,34.4
France,2011,,31.4,11.922055,
France,2012,,31.1,11.733142,
France,2013,,30.8,11.528161,
France,2014,,30.5,11.317118,
France,2015,,30.2,11.104283,34.5
France,2016,,29.9,10.891096,
France,2017,,29.6,10.679507,
France,2018,,29.4,10.469229,
France,2019,,29.1,10.264336,
GAB,2010,7.63891261,,,
GAB,2011,7.644034869,,,
GAB,2012,7.128977836,,,
GAB,2013,7.56109359,,,
GAB,2014,8.020609043,,,
GAB,2015,7.922248567,,,
GAB,2016,7.205826857,,,
GAB,2017,6.616114615,,,
GAB,2018,6.200991547,,,
GAB,2019,5.932803105,,,
GBR,2010,10.12,,,
GBR,2011,9.89,,,
GBR,2012,9.62,,,
GBR,2013,9.49,,,
GBR,2014,9.5,,,
GBR,2015,9.64,,,
GBR,2016,9.75,,,
GBR,2017,9.93,,,
GBR,2018,10.04,,,
GBR,2019,9.94,,,
GEO,2010,7.232726804,,,
GEO,2011,7.449935983,,,
GEO,2012,7.48673372,,,
GEO,2013,7.449918339,,,
GEO,2014,7.147798183,,,
GEO,2015,7.585872374,,,
GEO,2016,7.427025738,,,
GEO,2017,6.528421056,,,
GEO,2018,7.838327342,,,
GEO,2019,9.207498571,,,
GHA,2010,2.317714171,,,
GHA,2011,2.175636704,,,
GHA,2012,1.954128074,,,
GHA,2013,1.982613266,,,
GHA,2014,2.239290695,,,
GHA,2015,2.035658144,,,
GHA,2016,1.860773592,,,
GHA,2017,1.799715642,,,
GHA,2018,1.873849396,,,
GHA,2019,1.978270794,,,
GIN,2010,0.189301032,,,
GIN,2011,0.227172702,,,
GIN,2012,0.234569236,,,
GIN,2013,0.247379712,,,
GIN,2014,0.307588662,,,
GIN,2015,0.363220239,,,
GIN,2016,0.340194685,,,
GIN,2017,0.306833161,,,
GIN,2018,0.308872665,,,
GIN,2019,0.354950995,,,
GMB,2010,2.54019567,,,
GMB,2011,2.330455915,,,
GMB,2012,2.419138104,,,
GMB,2013,1.882405657,,,
GMB,2014,1.671697242,,,
GMB,2015,1.346246515,,,
GMB,2016,1.396729806,,,
GMB,2017,1.059541373,,,
GMB,2018,0.815347843,,,
GMB,2019,0.810004935,,,
GNB,2010,2.963371842,,,
GNB,2011,2.993832573,,,
GNB,2012,3.036324878,,,
GNB,2013,3.084481175,,,
GNB,2014,2.95372203,,,
GNB,2015,3.046537678,,,
GNB,2016,3.093069823,,,
GNB,2017,3.319155762,,,
GNB,2018,3.248005349,,,
GNB,2019,3.428584611,,,
GNQ,2010,7.703046757,,,
GNQ,2011,8.042005759,,,
GNQ,2012,8.428759322,,,
GNQ,2013,7.74223027,,,
GNQ,2014,7.510563097,,,
GNQ,2015,7.096139155,,,
GNQ,2016,6.424601778,,,
GNQ,2017,5.288490865,,,
GNQ,2018,5.337240781,,,
GNQ,2019,5.809019182,,,
GRC,2010,7.831736692,,,
GRC,2011,7.55317575,,,
GRC,2012,7.489950308,,,
GRC,2013,7.620344564,,,
GRC,2014,7.131560952,,,
GRC,2015,6.733373072,,,
GRC,2016,6.754753679,,,
GRC,2017,6.768546236,,,
GRC,2018,6.602730243,,,
GRC,2019,6.603509889,,,
GRD,2010,7.221620677,,,
GRD,2011,7.198457917,,,
GRD,2012,7.291745488,,,
GRD,2013,7.284847961,,,
GRD,2014,7.385836392,,,
GRD,2015,7.580554607,,,
GRD,2016,7.66378894,,,
GRD,2017,7.582491095,,,
GRD,2018,7.797834046,,,
GRD,2019,7.914864607,,,
GTM,2010,2.038736866,,,
GTM,2011,2.067338811,,,
GTM,2012,1.92640326,,,
GTM,2013,1.843370326,,,
GTM,2014,1.70654576,,,
GTM,2015,1.668120095,,,
GTM,2016,1.626999371,,,
GTM,2017,1.64217856,,,
GTM,2018,1.669625776,,,
GTM,2019,1.676881672,,,
GUY,2010,5.583798656,,,
GUY,2011,5.698887422,,,
GUY,2012,5.809876312,,,
GUY,2013,5.834903773,,,
GUY,2014,5.989303178,,,
GUY,2015,5.628881642,,,
GUY,2016,5.49439927,,,
GUY,2017,5.34936885,,,
GUY,2018,5.164511393,,,
GUY,2019,5.112674825,,,
Gabon,2010,,38.1,14.660004,
Gabon,2011,,38.1,15.105499,
Gabon,2012,,38.0,15.545852,
Gabon,2013,,37.9,15.990521,
Gabon,2014,,37.8,16.452368,
Gabon,2015,,37.7,16.937871,
Gabon,2016,,37.6,17.450835,
Gabon,2017,,37.5,17.990433,
Gabon,2018,,37.4,18.551628,
Gabon,2019,,37.4,19.132534,
Gambia,2010,,39.1,8.4947467,16.0
Gambia,2011,,39.0,8.9322753,
Gambia,2012,,38.8,9.3643665,
Gambia,2013,,38.7,9.8046318,
Gambia,2014,,38.5,10.265999,
Gambia,2015,,38.3,10.752814,13.4
Gambia,2016,,38.1,11.267933,
Gambia,2017,,37.9,11.81039,
Gambia,2018,,37.7,12.379913,
Gambia,2019,,37.6,12.977329,
Georgia,2010,,44.3,25.685254,32.4
Georgia,2011,,44.5,26.440984,
Georgia,2012,,44.6,27.198139,
Georgia,2013,,44.6,27.955663,
Georgia,2014,,44.7,28.718868,
Georgia,2015,,44.7,29.487804,32.0
Georgia,2016,,44.6,30.253759,
Georgia,2017,,44.6,31.002006,
Georgia,2018,,44.6,31.733298,
Georgia,2019,,44.5,32.458889,
Germany,2010,,34.6,20.443046,28.5
Germany,2011,,34.0,20.470724,
Germany,2012,,33.4,20.467617,
Germany,2013,,32.8,20.448628,
Germany,2014,,32.2,20.42525,
Germany,2015,,31.7,20.405598,25.1
Germany,2016,,31.2,20.395663,
Germany,2017,,30.7,20.388296,
Germany,2018,,30.2,20.380101,
Germany,2019,,29.7,20.373897,
Ghana,2010,,37.9,9.7868018,5.1
Ghana,2011,,37.5,10.021187,
Ghana,2012,,37.1,10.238216,
Ghana,2013,,36.6,10.450875,
Ghana,2014,,36.1,10.671166,
Ghana,2015,,35.7,10.903609,4.3
Ghana,2016,,35.2,11.150894,
Ghana,2017,,34.7,11.412118,
Ghana,2018,,34.3,11.686822,
Ghana,2019,,33.9,11.976149,
Greece,2010,,34.2,23.909095,43.2
Greece,2011,,33.8,24.270684,
Greece,2012,,33.5,24.608271,
Greece,2013,,33.1,24.931236,
Greece,2014,,32.7,25.248349,
Greece,2015,,32.4,25.56676,38.4
Greece,2016,,32.1,25.889155,
Greece,2017,,31.8,26.215902,
Greece,2018,,31.6,26.544508,
Greece,2019,,31.3,26.880234,
Grenada,2010,,45.8,22.720943,
Grenada,2011,,46.0,23.311666,
Grenada,2012,,46.1,23.911126,
Grenada,2013,,46.2,24.506371,
Grenada,2014,,46.3,25.108254,
Grenada,2015,,46.4,25.719947,
Grenada,2016,,46.4,26.344249,
Grenada,2017,,46.5,26.975501,
Grenada,2018,,46.6,27.610555,
Grenada,2019,,46.6,28.254652,
Guatemala,2010,,30.8,18.676299,13.0
Guatemala,2011,,31.0,19.331646,
Guatemala,2012,,31.2,19.993515,
Guatemala,2013,,31.3,20.659614,
Guatemala,2014,,31.5,21.329324,
Guatemala,2015,,31.6,22.001392,12.5
Guatemala,2016,,31.7,22.671826,
Guatemala,2017,,31.9,23.34298,
Guatemala,2018,,32.0,24.015495,
Guatemala,2019,,32.2,24.69409,
Guinea,2010,,42.9,5.3845137,
Guinea,2011,,42.8,5.6409046,
Guinea,2012,,42.6,5.8982551,
Guinea,2013,,42.3,6.1656445,
Guinea,2014,,42.1,6.4509332,
Guinea,2015,,41.9,6.7562588,
Guinea,2016,,41.6,7.0846222,
Guinea,2017,,41.4,7.4361354,
Guinea,2018,,41.1,7.809855,
Guinea,2019,,40.9,8.2052812,
Guinea-Bissau,2010,,39.7,7.3479183,13.4
Guinea-Bissau,2011,,39.6,7.6184615,
Guinea-Bissau,2012,,39.4,7.8826956,
Guinea-Bissau,2013,,39.2,8.1519507,
Guinea-Bissau,2014,,39.0,8.4370054,
Guinea-Bissau,2015,,38.8,8.7407485,10.9
Guinea-Bissau,2016,,38.6,9.0665072,
Guinea-Bissau,2017,,38.4,9.4127633,
Guinea-Bissau,2018,,38.2,9.779714,
Guinea-Bissau,2019,,38.0,10.16773,
Guyana,2010,,39.8,20.140766,19.4
Guyana,2011,,39.9,20.763348,
Guyana,2012,,39.9,21.393058,
Guyana,2013,,39.9,22.048619,
Guyana,2014,,39.9,22.732639,
Guyana,2015,,39.9,23.43085,15.3
Guyana,2016,,39.9,24.14479,
Guyana,2017,,40.0,24.868968,
Guyana,2018,,40.0,25.501269,
Guyana,2019,,40.0,26.19327,
HND,2010,2.667076405,,,
HND,2011,2.689449597,,,
HND,2012,2.672385502,,,
HND,2013,2.66089997,,,
HND,2014,2.394026395,,,
HND,2015,2.462715537,,,
HND,2016,2.498145551,,,
HND,2017,2.634825431,,,
HND,2018,2.797600065,,,
HND,2019,2.800783483,,,
HRV,2010,10.48654399,,,
HRV,2011,10.7497048,,,
HRV,2012,10.52537289,,,
HRV,2013,10.68841143,,,
HRV,2014,9.819162893,,,
HRV,2015,10.07741289,,,
HRV,2016,10.17027401,,,
HRV,2017,9.76054193,,,
HRV,2018,10.16689299,,,
HRV,2019,10.71456028,,,
HTI,2010,2.296361277,,,
HTI,2011,2.388194842,,,
HTI,2012,2.454937627,,,
HTI,2013,2.874234009,,,
HTI,2014,2.720215229,,,
HTI,2015,2.806745582,,,
HTI,2016,2.977966493,,,
HTI,2017,3.15767642,,,
HTI,2018,3.153054806,,,
HTI,2019,2.854376855,,,
HUN,2010,10.67,,,
HUN,2011,11.34,,,
HUN,2012,11.12,,,
HUN,2013,10.71,,,
HUN,2014,10.92,,,
HUN,2015,10.95,,,
HUN,2016,11.3,,,
HUN,2017,10.82,,,
HUN,2018,11.41,,,
HUN,2019,10.82,,,
Haiti,2010,,41.8,7.884635,9.6
Haiti,2011,,42.0,8.0980681,
Haiti,2012,,42.1,8.3101414,
Haiti,2013,,42.2,8.5198566,
Haiti,2014,,42.3,8.731962,
Haiti,2015,,42.4,8.9494608,8.9
Haiti,2016,,42.5,9.1748953,
Haiti,2017,,42.7,9.4076797,
Haiti,2018,,42.8,9.6456476,
Haiti,2019,,42.9,9.8911174,
Honduras,2010,,33.8,21.26793,14.6
Honduras,2011,,33.9,21.959645,
Honduras,2012,,33.9,22.652227,
Honduras,2013,,33.9,23.341705,
Honduras,2014,,33.9,24.029779,
Honduras,2015,,33.9,24.712892,13.5
Honduras,2016,,33.8,25.391144,
Honduras,2017,,33.9,26.065275,
Honduras,2018,,33.9,26.735908,
Honduras,2019,,33.9,27.409381,
Hungary,2010,,48.9,24.020253,34.9
Hungary,2011,,48.8,24.605268,
Hungary,2012,,48.8,25.190017,
Hungary,2013,,48.7,25.782961,
Hungary,2014,,48.6,26.386806,
Hungary,2015,,48.6,27.009073,33.8
Hungary,2016,,48.5,27.648953,
Hungary,2017,,48.5,28.300494,
Hungary,2018,,48.4,28.959036,
Hungary,2019,,48.3,29.625481,
IDN,2010,0.073909351,,,
IDN,2011,0.074273124,,,
IDN,2012,0.075445227,,,
IDN,2013,0.084740231,,,
IDN,2014,0.084682926,,,
IDN,2015,0.071787948,,,
IDN,2016,0.081652503,,,
IDN,2017,0.078953031,,,
IDN,2018,0.079934578,,,
IDN,2019,0.081384362,,,
IND,2010,2.705524545,,,
IND,2011,2.943972299,,,
IND,2012,3.029628681,,,
IND,2013,3.025382104,,,
IND,2014,2.994619657,,,
IND,2015,3.004552028,,,
IND,2016,2.932370535,,,
IND,2017,2.806623886,,,
IND,2018,3.007702189,,,
IND,2019,3.045416609,,,
IRL,2010,11.7,,,
IRL,2011,11.7,,,
IRL,2012,11.52,,,
IRL,2013,10.56,,,
IRL,2014,10.86,,,
IRL,2015,10.7,,,
IRL,2016,11.17,,,
IRL,2017,11.0,,,
IRL,2018,11.03,,,
IRL,2019,10.78,,,
IRN,2010,0.0,,,
IRN,2011,0.0,,,
IRN,2012,0.0,,,
IRN,2013,0.0,,,
IRN,2014,0.0,,,
IRN,2015,0.0,,,
IRN,2016,0.0,,,
IRN,2017,0.0,,,
IRN,2018,0.0,,,
IRN,2019,0.0,,,
IRQ,2010,0.477919289,,,
IRQ,2011,0.523361186,,,
IRQ,2012,0.513345093,,,
IRQ,2013,0.46458798,,,
IRQ,2014,0.436092274,,,
IRQ,2015,0.48312192,,,
IRQ,2016,0.478118639,,,
IRQ,2017,0.476666,,,
IRQ,2018,0.480338664,,,
IRQ,2019,0.464340578,,,
ISL,2010,6.79,,,
ISL,2011,6.84,,,
ISL,2012,6.81,,,
ISL,2013,6.79,,,
ISL,2014,7.0,,,
ISL,2015,7.65,,,
ISL,2016,7.49,,,
ISL,2017,7.73,,,
ISL,2018,7.72,,,
ISL,2019,7.43,,,
ISR,2010,2.627191238,,,
ISR,2011,2.656343653,,,
ISR,2012,2.724552091,,,
ISR,2013,2.69841806,,,
ISR,2014,2.454401658,,,
ISR,2015,2.510645047,,,
ISR,2016,2.482374137,,,
ISR,2017,2.562362331,,,
ISR,2018,2.625277405,,,
ISR,2019,2.512502197,,,
ITA,2010,6.95,,,
ITA,2011,6.98,,,
ITA,2012,7.48,,,
ITA,2013,7.35,,,
ITA,2014,7.56,,,
ITA,2015,7.15,,,
ITA,2016,7.09,,,
ITA,2017,7.59,,,
ITA,2018,8.02,,,
ITA,2019,7.87,,,
Iceland,2010,,31.8,18.295467,18.3
Iceland,2011,,31.3,18.526702,
Iceland,2012,,30.9,18.737908,
Iceland,2013,,30.4,18.943284,
Iceland,2014,,29.8,19.154127,
Iceland,2015,,29.4,19.376221,13.8
Iceland,2016,,28.9,19.617367,
Iceland,2017,,28.4,19.871011,
Iceland,2018,,28.0,20.129955,
Iceland,2019,,27.5,20.391612,
India,2010,,31.7,3.6510125,38.3
India,2011,,31.7,3.8772564,
India,2012,,31.6,4.1136436,
India,2013,,31.5,4.36376,
India,2014,,31.4,4.6272144,
India,2015,,31.4,4.9092956,31.5
India,2016,,31.3,5.2089281,
India,2017,,31.2,5.5232517,
India,2018,,31.2,5.8483705,
India,2019,,31.1,6.183831,
Indonesia,2010,,35.5,5.1796578,36.2
Indonesia,2011,,36.0,5.543277,
Indonesia,2012,,36.4,5.9302207,
Indonesia,2013,,36.9,6.3434653,
Indonesia,2014,,37.3,6.7850232,
Indonesia,2015,,37.9,7.2550252,37.1
Indonesia,2016,,38.4,7.7526502,
Indonesia,2017,,39.0,8.2752839,
Indonesia,2018,,39.6,8.8201396,
Indonesia,2019,,40.3,9.38638,
Iran (Islamic Republic of),2010,,32.5,19.168751,17.3
Iran (Islamic Republic of),2011,,32.0,19.549605,
Iran (Islamic Republic of),2012,,31.4,19.941032,
Iran (Islamic Republic of),2013,,30.7,20.347933,
Iran (Islamic Republic of),2014,,30.0,20.786907,
Iran (Islamic Republic of),2015,,29.2,21.261312,15.5
Iran (Islamic Republic of),2016,,28.4,21.766122,
Iran (Islamic Republic of),2017,,27.7,22.236075,
Iran (Islamic Republic of),2018,,27.0,22.659856,
Iran (Islamic Republic of),2019,,26.2,23.061267,
Iraq,2010,,47.2,33.080718,20.1
Iraq,2011,,47.4,33.732191,
Iraq,2012,,47.5,34.378171,
Iraq,2013,,47.7,35.021371,
Iraq,2014,,47.8,35.668409,
Iraq,2015,,47.9,36.316866,19.5
Iraq,2016,,47.9,36.971766,
Iraq,2017,,48.0,37.598753,
Iraq,2018,,48.1,38.184744,
Iraq,2019,,48.1,38.754812,
Ireland,2010,,34.9,24.390015,26.8
Ireland,2011,,34.6,24.72886,
Ireland,2012,,34.3,25.045148,
Ireland,2013,,34.0,25.353783,
Ireland,2014,,33.7,25.661168,
Ireland,2015,,33.4,25.976068,23.4
Ireland,2016,,33.1,26.30347,
Ireland,2017,,32.8,26.633778,
Ireland,2018,,32.6,26.964924,
Ireland,2019,,32.3,27.298057,
Israel,2010,,31.2,21.784584,25.7
Israel,2011,,30.9,21.875264,
Israel,2012,,30.6,21.934195,
Israel,2013,,30.3,21.972051,
Israel,2014,,30.1,22.001614,
Israel,2015,,29.8,22.035493,23.2
Israel,2016,,29.6,22.080271,
Israel,2017,,29.4,22.131889,
Israel,2018,,29.3,22.185519,
Israel,2019,,29.1,22.24371,
Italy,2010,,38.3,15.848,24.4
Italy,2011,,37.7,15.974298,
Italy,2012,,37.2,16.080904,
Italy,2013,,36.6,16.17818,
Italy,2014,,36.1,16.273552,
Italy,2015,,35.6,16.375813,23.5
Italy,2016,,35.1,16.489515,
Italy,2017,,34.7,16.610366,
Italy,2018,,34.2,16.733882,
Italy,2019,,33.8,16.860232,
JAM,2010,3.041978757,,,
JAM,2011,3.07921682,,,
JAM,2012,3.11508749,,,
JAM,2013,3.210425938,,,
JAM,2014,3.24685751,,,
JAM,2015,3.322924624,,,
JAM,2016,3.296984334,,,
JAM,2017,3.47374533,,,
JAM,2018,3.624622679,,,
JAM,2019,3.482354025,,,
JOR,2010,0.474910384,,,
JOR,2011,0.431531458,,,
JOR,2012,0.42994313,,,
JOR,2013,0.407000705,,,
JOR,2014,0.383069382,,,
JOR,2015,0.314633806,,,
JOR,2016,0.310155137,,,
JOR,2017,0.293352257,,,
JOR,2018,0.274316552,,,
JOR,2019,0.247905162,,,
JPN,2010,6.47,,,
JPN,2011,6.49,,,
JPN,2012,6.51,,,
JPN,2013,6.58,,,
JPN,2014,6.4,,,
JPN,2015,6.48,,,
JPN,2016,6.47,,,
JPN,2017,6.49,,,
JPN,2018,6.4,,,
JPN,2019,6.34,,,
Jamaica,2010,,44.3,24.90346,13.0
Jamaica,2011,,44.6,25.648004,
Jamaica,2012,,44.9,26.378387,
Jamaica,2013,,45.1,27.095881,
Jamaica,2014,,45.3,27.810991,
Jamaica,2015,,45.5,28.533643,11.5
Jamaica,2016,,45.7,29.265657,
Jamaica,2017,,45.9,30.004475,
Jamaica,2018,,46.1,30.746952,
Jamaica,2019,,46.3,31.496364,
Japan,2010,,32.6,3.6568131,25.9
Japan,2011,,32.5,3.7712935,
Japan,2012,,32.4,3.8877066,
Japan,2013,,32.2,4.0109433,
Japan,2014,,32.0,4.14261,
Japan,2015,,31.9,4.2841185,22.8
Japan,2016,,31.8,4.4355944,
Japan,2017,,31.7,4.5944721,
Japan,2018,,31.6,4.76216,
Japan,2019,,31.4,4.9390111,
Jordan,2010,,38.5,35.557047,33.1
Jordan,2011,,38.4,35.932809,
Jordan,2012,,38.4,36.277151,
Jordan,2013,,38.4,36.585951,
Jordan,2014,,38.3,36.873448,
Jordan,2015,,38.2,37.154844,34.1
Jordan,2016,,38.1,37.430784,
Jordan,2017,,38.0,37.659955,
Jordan,2018,,37.9,37.841523,
Jordan,2019,,37.7,38.003919,
KAZ,2010,3.88,,,
KAZ,2011,3.36,,,
KAZ,2012,3.68,,,
KAZ,2013,3.74,,,
KAZ,2014,3.59,,,
KAZ,2015,3.38,,,
KAZ,2016,3.63,,,
KAZ,2017,3.73,,,
KAZ,2018,4.21,,,
KAZ,2019,3.78,,,
KEN,2010,2.125604059,,,
KEN,2011,2.097531443,,,
KEN,2012,2.251123556,,,
KEN,2013,2.322292404,,,
KEN,2014,2.221442986,,,
KEN,2015,2.315504259,,,
KEN,2016,2.295335691,,,
KEN,2017,2.443835728,,,
KEN,2018,2.329757108,,,
KEN,2019,2.385653497,,,
KGZ,2010,6.02,,,
KGZ,2011,5.98,,,
KGZ,2012,6.04,,,
KGZ,2013,6.12,,,
KGZ,2014,6.3,,,
KGZ,2015,5.5,,,
KGZ,2016,5.46,,,
KGZ,2017,5.01,,,
KGZ,2018,4.57,,,
KGZ,2019,4.18,,,
KHM,2010,2.111265272,,,
KHM,2011,2.356016234,,,
KHM,2012,2.462088255,,,
KHM,2013,2.756971547,,,
KHM,2014,3.109983048,,,
KHM,2015,3.402734678,,,
KHM,2016,4.029832879,,,
KHM,2017,4.562711403,,,
KHM,2018,5.033566998,,,
KHM,2019,6.527857533,,,
KIR,2010,0.299339908,,,
KIR,2011,0.396152912,,,
KIR,2012,0.394154255,,,
KIR,2013,0.276533168,,,
KIR,2014,0.426145062,,,
KIR,2015,0.771187962,,,
KIR,2016,0.5779228,,,
KIR,2017,0.427989889,,,
KIR,2018,0.380697614,,,
KIR,2019,0.335777048,,,
KNA,2010,8.456417995,,,
KNA,2011,8.650896182,,,
KNA,2012,8.749788757,,,
KNA,2013,8.788651801,,,
KNA,2014,8.899564994,,,
KNA,2015,8.737250883,,,
KNA,2016,9.283281176,,,
KNA,2017,9.428905836,,,
KNA,2018,9.141687272,,,
KNA,2019,9.496557072,,,
KOR,2010,8.91,,,
KOR,2011,8.86,,,
KOR,2012,8.98,,,
KOR,2013,8.77,,,
KOR,2014,8.95,,,
KOR,2015,9.1,,,
KOR,2016,8.68,,,
KOR,2017,8.64,,,
KOR,2018,8.47,,,
KOR,2019,8.27,,,
KWT,2010,0.082426331,,,
KWT,2011,0.076104237,,,
KWT,2012,0.070486449,,,
KWT,2013,0.066571778,,,
KWT,2014,0.064514636,,,
KWT,2015,0.058496311,,,
KWT,2016,0.052910995,,,
KWT,2017,0.048005026,,,
KWT,2018,0.045126888,,,
KWT,2019,0.038705097,,,
Kazakhstan,2010,,41.7,15.669055,28.4
Kazakhstan,2011,,41.8,15.868527,
Kazakhstan,2012,,41.9,16.077073,
Kazakhstan,2013,,42.0,16.296773,
Kazakhstan,2014,,42.0,16.521442,
Kazakhstan,2015,,42.0,16.749354,25.7
Kazakhstan,2016,,42.0,16.977122,
Kazakhstan,2017,,42.0,17.1986,
Kazakhstan,2018,,42.0,17.416993,
Kazakhstan,2019,,41.9,17.639442,
Kenya,2010,,37.1,7.4170448,14.7
Kenya,2011,,36.8,7.7635586,
Kenya,2012,,36.5,8.1158139,
Kenya,2013,,36.1,8.4763825,
Kenya,2014,,35.7,8.8493817,
Kenya,2015,,35.2,9.236908,12.8
Kenya,2016,,34.7,9.6398227,
Kenya,2017,,34.2,10.059517,
Kenya,2018,,33.7,10.493397,
Kenya,2019,,33.2,10.942467,
Kiribati,2010,,34.5,42.538646,53.4
Kiribati,2011,,35.4,42.866999,
Kiribati,2012,,36.2,43.17975,
Kiribati,2013,,37.1,43.488798,
Kiribati,2014,,38.0,43.795848,
Kiribati,2015,,38.8,44.099054,47.1
Kiribati,2016,,39.7,44.406217,
Kiribati,2017,,40.6,44.718698,
Kiribati,2018,,41.5,45.03375,
Kiribati,2019,,42.3,45.348695,
Kuwait,2010,,41.3,40.339044,20.1
Kuwait,2011,,41.2,40.551677,
Kuwait,2012,,41.2,40.69007,
Kuwait,2013,,41.1,40.822726,
Kuwait,2014,,41.0,40.924022,
Kuwait,2015,,40.8,40.864053,19.9
Kuwait,2016,,40.7,40.925047,
Kuwait,2017,,40.7,41.046453,
Kuwait,2018,,40.6,41.046366,
Kuwait,2019,,40.5,41.09782,
Kyrgyzstan,2010,,39.2,18.747282,28.7
Kyrgyzstan,2011,,39.4,19.410248,
Kyrgyzstan,2012,,39.6,20.080732,
Kyrgyzstan,2013,,39.9,20.754609,
Kyrgyzstan,2014,,40.1,21.424668,
Kyrgyzstan,2015,,40.3,22.086662,28.0
Kyrgyzstan,2016,,40.4,22.747478,
Kyrgyzstan,2017,,40.6,23.400386,
Kyrgyzstan,2018,,40.8,24.041782,
Kyrgyzstan,2019,,40.9,24.675855,
LAO,2010,6.125736187,,,
LAO,2011,6.159573297,,,
LAO,2012,6.119083982,,,
LAO,2013,6.315490683,,,
LAO,2014,6.569661529,,,
LAO,2015,6.810720155,,,
LAO,2016,7.363578295,,,
LAO,2017,6.979958945,,,
LAO,2018,6.636837582,,,
LAO,2019,7.684975823,,,
LBN,2010,1.576399427,,,
LBN,2011,1.474246943,,,
LBN,2012,1.364710669,,,
LBN,2013,1.233472972,,,
LBN,2014,1.164757475,,,
LBN,2015,1.185473,,,
LBN,2016,1.300859673,,,
LBN,2017,1.311982252,,,
LBN,2018,1.386948792,,,
LBN,2019,1.404365462,,,
LBR,2010,2.941041096,,,
LBR,2011,2.895284447,,,
LBR,2012,2.650879623,,,
LBR,2013,2.735121657,,,
LBR,2014,2.650429274,,,
LBR,2015,2.831533181,,,
LBR,2016,2.797285612,,,
LBR,2017,2.867981768,,,
LBR,2018,2.88886378,,,
LBR,2019,3.327088893,,,
LBY,2010,0.0,,,
LBY,2011,0.0,,,
LBY,2012,0.0,,,
LBY,2013,0.0,,,
LBY,2014,0.0,,,
LBY,2015,0.0,,,
LBY,2016,0.0,,,
LBY,2017,0.0,,,
LBY,2018,0.0,,,
LBY,2019,0.0,,,
LCA,2010,10.28989715,,,
LCA,2011,10.01324555,,,
LCA,2012,9.6141068,,,
LCA,2013,9.172575633,,,
LCA,2014,9.450932048,,,
LCA,2015,9.726925883,,,
LCA,2016,10.09609969,,,
LCA,2017,10.37064662,,,
LCA,2018,10.71252093,,,
LCA,2019,11.82791275,,,
LKA,2010,2.31,,,
LKA,2011,2.64,,,
LKA,2012,2.87,,,
LKA,2013,2.63,,,
LKA,2014,2.44,,,
LKA,2015,2.7,,,
LKA,2016,2.63,,,
LKA,2017,2.56,,,
LKA,2018,2.618650033,,,
LKA,2019,2.614641676,,,
LSO,2010,2.389620614,,,
LSO,2011,2.278691807,,,
LSO,2012,2.107489104,,,
LSO,2013,2.135026453,,,
LSO,2014,2.191021683,,,
LSO,2015,2.557180878,,,
LSO,2016,2.21262782,,,
LSO,2017,2.608953151,,,
LSO,2018,4.310561827,,,
LSO,2019,3.036996531,,,
LTU,2010,11.99,,,
LTU,2011,14.78,,,
LTU,2012,14.99,,,
LTU,2013,14.93,,,
LTU,2014,14.82,,,
LTU,2015,12.9,,,
LTU,2016,12.24,,,
LTU,2017,11.05,,,
LTU,2018,10.46,,,
LTU,2019,10.53,,,
LUX,2010,11.785,,,
LUX,2011,11.79,,,
LUX,2012,11.81,,,
LUX,2013,11.445,,,
LUX,2014,11.615,,,
LUX,2015,11.515,,,
LUX,2016,11.48,,,
LUX,2017,11.38,,,
LUX,2018,11.36,,,
LUX,2019,11.1,,,
LVA,2010,9.83,,,
LVA,2011,10.11,,,
LVA,2012,10.2,,,
LVA,2013,10.43,,,
LVA,2014,10.6,,,
LVA,2015,10.8,,,
LVA,2016,11.3,,,
LVA,2017,12.6,,,
LVA,2018,13.2,,,
LVA,2019,12.9,,,
Lao People's Democratic Republic,2010,,28.4,4.2446189,38.0
Lao People's Democratic Republic,2011,,28.3,4.4754315,
Lao People's Democratic Republic,2012,,28.3,4.7175355,
Lao People's Democratic Republic,2013,,28.2,4.9735684,
Lao People's Democratic Republic,2014,,28.2,5.2452296,
Lao People's Democratic Republic,2015,,28.2,5.5348001,32.8
Lao People's Democratic Republic,2016,,28.3,5.842144,
Lao People's Democratic Republic,2017,,28.4,6.1639849,
Lao People's Democratic Republic,2018,,28.4,6.5002814,
Lao People's Democratic Republic,2019,,28.5,6.8515815,
Latvia,2010,,46.0,21.128373,39.6
Latvia,2011,,45.8,21.41493,
Latvia,2012,,45.6,21.687561,
Latvia,2013,,45.4,21.948831,
Latvia,2014,,45.1,22.203989,
Latvia,2015,,44.9,22.45945,37.1
Latvia,2016,,44.6,22.715725,
Latvia,2017,,44.4,22.96989,
Latvia,2018,,44.2,23.220201,
Latvia,2019,,43.9,23.471104,
Lebanon,2010,,39.4,25.390035,35.1
Lebanon,2011,,39.3,25.807884,
Lebanon,2012,,39.2,26.212105,
Lebanon,2013,,39.1,26.605794,
Lebanon,2014,,38.9,26.997644,
Lebanon,2015,,38.7,27.37675,34.7
Lebanon,2016,,38.6,27.748063,
Lebanon,2017,,38.4,28.094995,
Lebanon,2018,,38.3,28.414011,
Lebanon,2019,,38.1,28.727019,
Lesotho,2010,,40.6,15.057442,27.5
Lesotho,2011,,40.6,15.474986,
Lesotho,2012,,40.6,15.891691,
Lesotho,2013,,40.6,16.314992,
Lesotho,2014,,40.5,16.751482,
Lesotho,2015,,40.5,17.207177,26.0
Lesotho,2016,,40.4,17.684132,
Lesotho,2017,,40.3,18.181264,
Lesotho,2018,,40.2,18.697099,
Lesotho,2019,,40.1,19.231862,
Liberia,2010,,41.2,9.40644,12.3
Liberia,2011,,41.1,9.8425008,
Liberia,2012,,40.9,10.276173,
Liberia,2013,,40.7,10.732324,
Liberia,2014,,40.5,11.226437,
Liberia,2015,,40.3,11.765503,10.3
Liberia,2016,,40.0,12.356378,
Liberia,2017,,39.8,12.998709,
Liberia,2018,,39.6,13.692392,
Liberia,2019,,39.4,14.44114,
Libya,2010,,44.5,30.945957,
Libya,2011,,44.4,31.47499,
Libya,2012,,44.2,31.996799,
Libya,2013,,44.0,32.495764,
Libya,2014,,43.8,32.999763,
Libya,2015,,43.6,33.512577,
Libya,2016,,43.4,34.031776,
Libya,2017,,43.2,34.516594,
Libya,2018,,43.0,34.962755,
Libya,2019,,42.7,35.397673,
Lithuania,2010,,51.0,22.544208,37.1
Lithuania,2011,,50.7,22.775547,
Lithuania,2012,,50.3,23.000419,
Lithuania,2013,,50.0,23.221868,
Lithuania,2014,,49.7,23.44262,
Lithuania,2015,,49.3,23.668543,34.6
Lithuania,2016,,49.0,23.899813,
Lithuania,2017,,48.7,24.132235,
Lithuania,2018,,48.4,24.363852,
Lithuania,2019,,48.0,24.597868,
Luxembourg,2010,,37.3,18.19734,26.4
Luxembourg,2011,,36.7,18.218373,
Luxembourg,2012,,36.0,18.215747,
Luxembourg,2013,,35.2,18.202345,
Luxembourg,2014,,34.4,18.1905,
Luxembourg,2015,,33.6,18.189709,24.9
Luxembourg,2016,,32.8,18.20253,
Luxembourg,2017,,32.0,18.222183,
Luxembourg,2018,,31.3,18.24723,
Luxembourg,2019,,30.5,18.277541,
MAR,2010,0.480075114,,,
MAR,2011,0.478439557,,,
MAR,2012,0.46186085,,,
MAR,2013,0.451747825,,,
MAR,2014,0.408041885,,,
MAR,2015,0.376915999,,,
MAR,2016,0.382329796,,,
MAR,2017,0.406292574,,,
MAR,2018,0.469386381,,,
MAR,2019,0.553654563,,,
MDA,2010,6.661586795,,,
MDA,2011,8.104683574,,,
MDA,2012,8.487032424,,,
MDA,2013,9.052217761,,,
MDA,2014,8.119594441,,,
MDA,2015,7.517998838,,,
MDA,2016,7.979550237,,,
MDA,2017,8.367683463,,,
MDA,2018,8.498536545,,,
MDA,2019,8.650612164,,,
MDG,2010,0.662798062,,,
MDG,2011,0.609726675,,,
MDG,2012,0.557557581,,,
MDG,2013,0.57810459,,,
MDG,2014,0.705129407,,,
MDG,2015,0.642629419,,,
MDG,2016,0.658206714,,,
MDG,2017,0.685930962,,,
MDG,2018,0.687097994,,,
MDG,2019,0.65706107,,,
MDV,2010,1.618258434,,,
MDV,2011,1.601469407,,,
MDV,2012,1.563514314,,,
MDV,2013,1.570507778,,,
MDV,2014,1.532217256,,,
MDV,2015,1.646454712,,,
MDV,2016,1.719084945,,,
MDV,2017,1.514783328,,,
MDV,2018,1.763843627,,,
MDV,2019,1.989606913,,,
MEX,2010,4.15,,,
MEX,2011,4.1,,,
MEX,2012,3.96,,,
MEX,2013,3.85,,,
MEX,2014,3.97,,,
MEX,2015,4.31,,,
MEX,2016,4.36,,,
MEX,2017,4.63,,,
MEX,2018,4.8,,,
MEX,2019,4.9,,,
MKD,2010,3.747789221,,,
MKD,2011,3.707738312,,,
MKD,2012,3.689135823,,,
MKD,2013,3.740144014,,,
MKD,2014,3.66445973,,,
MKD,2015,4.364224568,,,
MKD,2016,5.410651822,,,
MKD,2017,3.521470797,,,
MKD,2018,3.689978919,,,
MKD,2019,4.908972495,,,
MLI,2010,3.733365963,,,
MLI,2011,3.649807537,,,
MLI,2012,3.678603693,,,
MLI,2013,3.10616068,,,
MLI,2014,3.667087498,,,
MLI,2015,3.713543638,,,
MLI,2016,3.468408212,,,
MLI,2017,3.407731796,,,
MLI,2018,3.423646435,,,
MLI,2019,0.675892827,,,
MLT,2010,6.333228801,,,
MLT,2011,6.762473816,,,
MLT,2012,6.977267559,,,
MLT,2013,7.276575129,,,
MLT,2014,7.12501372,,,
MLT,2015,7.36389895,,,
MLT,2016,7.921856828,,,
MLT,2017,8.024294356,,,
MLT,2018,7.690101525,,,
MLT,2019,7.59667378,,,
MMR,2010,0.968960628,,,
MMR,2011,1.091151483,,,
MMR,2012,1.237714281,,,
MMR,2013,1.313117148,,,
MMR,2014,1.354497287,,,
MMR,2015,1.435553148,,,
MMR,2016,1.579681308,,,
MMR,2017,1.766854027,,,
MMR,2018,1.872713753,,,
MMR,2019,2.165105577,,,
MNE,2010,9.51155856,,,
MNE,2011,9.421447208,,,
MNE,2012,9.793598002,,,
MNE,2013,9.624489156,,,
MNE,2014,8.414515396,,,
MNE,2015,7.947688381,,,
MNE,2016,8.11609104,,,
MNE,2017,8.581173704,,,
MNE,2018,8.819859804,,,
MNE,2019,8.642571293,,,
MNG,2010,7.89,,,
MNG,2011,6.79,,,
MNG,2012,7.69,,,
MNG,2013,12.83,,,
MNG,2014,10.07,,,
MNG,2015,8.49,,,
MNG,2016,8.75,,,
MNG,2017,6.86,,,
MNG,2018,7.85,,,
MNG,2019,7.13,,,
MOZ,2010,0.905378085,,,
MOZ,2011,0.98476371,,,
MOZ,2012,1.04381989,,,
MOZ,2013,1.056064789,,,
MOZ,2014,1.152518891,,,
MOZ,2015,1.273893364,,,
MOZ,2016,1.377392955,,,
MOZ,2017,1.422750923,,,
MOZ,2018,1.48490861,,,
MOZ,2019,1.524070782,,,
MRT,2010,0.0,,,
MRT,2011,0.0,,,
MRT,2012,0.0,,,
MRT,2013,0.0,,,
MRT,2014,0.0,,,
MRT,2015,0.0,,,
MRT,2016,0.0,,,
MRT,2017,0.0,,,
MRT,2018,0.0,,,
MRT,2019,0.0,,,
MUS,2010,6.794546898,,,
MUS,2011,6.935270487,,,
MUS,2012,6.715021015,,,
MUS,2013,6.783854677,,,
MUS,2014,6.733301307,,,
MUS,2015,6.881279853,,,
MUS,2016,7.290456897,,,
MUS,2017,7.251098519,,,
MUS,2018,7.291150339,,,
MUS,2019,7.182125086,,,
MWI,2010,2.01880224,,,
MWI,2011,2.028721178,,,
MWI,2012,2.063792669,,,
MWI,2013,2.034876866,,,
MWI,2014,1.998226435,,,
MWI,2015,1.877934332,,,
MWI,2016,1.656900198,,,
MWI,2017,1.661499852,,,
MWI,2018,1.760398698,,,
MWI,2019,1.194201062,,,
MYS,2010,0.492518643,,,
MYS,2011,0.521513919,,,
MYS,2012,0.537154276,,,
MYS,2013,0.533927333,,,
MYS,2014,0.531413594,,,
MYS,2015,0.607160608,,,
MYS,2016,0.667490153,,,
MYS,2017,0.705251682,,,
MYS,2018,0.670596105,,,
MYS,2019,0.695170877,,,
Madagascar,2010,,40.3,2.0776283,37.0
Madagascar,2011,,40.1,2.1963954,
Madagascar,2012,,39.8,2.3211032,
Madagascar,2013,,39.4,2.4537185,
Madagascar,2014,,39.0,2.5960824,
Madagascar,2015,,38.6,2.7500551,32.1
Madagascar,2016,,38.2,2.9176658,
Madagascar,2017,,37.8,3.0997556,
Madagascar,2018,,37.3,3.296797,
Madagascar,2019,,36.9,3.5102025,
Malawi,2010,,36.5,4.0310543,15.8
Malawi,2011,,35.9,4.2598635,
Malawi,2012,,35.2,4.4976622,
Malawi,2013,,34.5,4.7459509,
Malawi,2014,,33.7,5.0087925,
Malawi,2015,,32.9,5.2871391,12.9
Malawi,2016,,32.0,5.5818748,
Malawi,2017,,31.2,5.8946572,
Malawi,2018,,30.3,6.2252,
Malawi,2019,,29.5,6.5726653,
Malaysia,2010,,42.0,14.947923,26.0
Malaysia,2011,,41.9,15.492828,
Malaysia,2012,,41.8,16.034755,
Malaysia,2013,,41.6,16.582549,
Malaysia,2014,,41.5,17.143068,
Malaysia,2015,,41.3,17.717817,24.0
Malaysia,2016,,41.2,18.307604,
Malaysia,2017,,41.0,18.909831,
Malaysia,2018,,40.9,19.522338,
Malaysia,2019,,40.8,20.145483,
Maldives,2010,,33.1,10.322921,33.7
Maldives,2011,,33.2,10.764404,
Maldives,2012,,33.3,11.218479,
Maldives,2013,,33.4,11.688483,
Maldives,2014,,33.4,12.194919,
Maldives,2015,,33.5,12.74277,30.3
Maldives,2016,,33.6,13.319957,
Maldives,2017,,33.7,13.922167,
Maldives,2018,,33.9,14.54504,
Maldives,2019,,34.1,15.191363,
Mali,2010,,35.6,7.0514925,11.8
Mali,2011,,35.6,7.3380135,
Mali,2012,,35.4,7.6156639,
Mali,2013,,35.3,7.897108,
Mali,2014,,35.2,8.1942141,
Mali,2015,,35.1,8.5115127,10.0
Mali,2016,,34.9,8.8515341,
Mali,2017,,34.8,9.213727,
Mali,2018,,34.7,9.598849,
Mali,2019,,34.6,10.006309,
Malta,2010,,33.0,29.940382,28.8
Malta,2011,,32.5,30.136564,
Malta,2012,,32.1,30.308446,
Malta,2013,,31.7,30.467466,
Malta,2014,,31.3,30.625662,
Malta,2015,,30.9,30.79243,26.8
Malta,2016,,30.5,30.973616,
Malta,2017,,30.2,31.166375,
Malta,2018,,29.9,31.365338,
Malta,2019,,29.5,31.573185,
Marshall Islands,2010,,30.3,41.266471,28.5
Marshall Islands,2011,,30.6,41.626906,
Marshall Islands,2012,,30.8,41.991746,
Marshall Islands,2013,,31.0,42.351905,
Marshall Islands,2014,,31.2,42.714071,
Marshall Islands,2015,,31.3,43.087393,29.1
Marshall Islands,2016,,31.5,43.461981,
Marshall Islands,2017,,31.6,43.855244,
Marshall Islands,2018,,31.7,44.239464,
Marshall Islands,2019,,31.9,44.636723,
Mauritania,2010,,39.7,15.159988,14.8
Mauritania,2011,,39.5,15.674184,
Mauritania,2012,,39.4,16.192877,
Mauritania,2013,,39.2,16.72795,
Mauritania,2014,,39.0,17.287061,
Mauritania,2015,,38.8,17.872998,12.3
Mauritania,2016,,38.6,18.489343,
Mauritania,2017,,38.3,19.133006,
Mauritania,2018,,38.1,19.800936,
Mauritania,2019,,37.9,20.491625,
Mauritius,2010,,37.2,16.042481,23.0
Mauritius,2011,,36.9,16.262878,
Mauritius,2012,,36.5,16.470829,
Mauritius,2013,,36.1,16.677466,
Mauritius,2014,,35.6,16.892472,
Mauritius,2015,,35.1,17.121787,22.1
Mauritius,2016,,34.6,17.369857,
Mauritius,2017,,34.1,17.634363,
Mauritius,2018,,33.6,17.915215,
Mauritius,2019,,33.1,18.213682,
Mexico,2010,,35.0,27.959147,18.7
Mexico,2011,,34.9,28.64337,
Mexico,2012,,34.6,29.330903,
Mexico,2013,,34.3,30.013812,
Mexico,2014,,33.9,30.692163,
Mexico,2015,,33.6,31.363147,17.0
Mexico,2016,,33.2,32.027817,
Mexico,2017,,32.8,32.686862,
Mexico,2018,,32.4,33.340561,
Mexico,2019,,32.1,33.996403,
Micronesia (Federated States of),2010,,31.2,41.487691,
Micronesia (Federated States of),2011,,31.5,41.919431,
Micronesia (Federated States of),2012,,31.7,42.357948,
Micronesia (Federated States of),2013,,31.9,42.798719,
Micronesia (Federated States of),2014,,32.1,43.243462,
Micronesia (Federated States of),2015,,32.2,43.693253,
Micronesia (Federated States of),2016,,32.4,44.15327,
Micronesia (Federated States of),2017,,32.6,44.629875,
Micronesia (Federated States of),2018,,32.7,45.109484,
Micronesia (Federated States of),2019,,32.9,45.596629,
Mongolia,2010,,45.5,16.320732,31.3
Mongolia,2011,,45.4,16.975267,
Mongolia,2012,,45.2,17.636368,
Mongolia,2013,,45.0,18.297635,
Mongolia,2014,,44.7,18.953456,
Mongolia,2015,,44.4,19.60552,30.5
Mongolia,2016,,44.0,20.256303,
Mongolia,2017,,43.6,20.895976,
Mongolia,2018,,43.2,21.526621,
Mongolia,2019,,42.8,22.158191,
Montenegro,2010,,45.1,14.232114,35.2
Montenegro,2011,,45.1,14.509302,
Montenegro,2012,,45.1,14.784779,
Montenegro,2013,,45.1,15.061934,
Montenegro,2014,,45.1,15.346488,
Montenegro,2015,,45.1,15.64292,33.7
Montenegro,2016,,45.1,15.949565,
Montenegro,2017,,45.1,16.262698,
Montenegro,2018,,45.1,16.582115,
Montenegro,2019,,45.1,16.910724,
Morocco,2010,,37.1,15.713571,16.5
Morocco,2011,,37.0,16.185528,
Morocco,2012,,36.8,16.667043,
Morocco,2013,,36.7,17.158288,
Morocco,2014,,36.5,17.66246,
Morocco,2015,,36.2,18.180078,14.9
Morocco,2016,,36.0,18.712403,
Morocco,2017,,35.8,19.233605,
Morocco,2018,,35.5,19.736782,
Morocco,2019,,35.3,20.234507,
Mozambique,2010,,40.7,5.5012558,
Mozambique,2011,,40.6,5.7936925,
Mozambique,2012,,40.5,6.0980771,
Mozambique,2013,,40.3,6.4177021,
Mozambique,2014,,40.1,6.7552239,
Mozambique,2015,,39.8,7.1125194,
Mozambique,2016,,39.5,7.4893005,
Mozambique,2017,,39.2,7.8880847,
Mozambique,2018,,38.9,8.311975,
Mozambique,2019,,38.6,8.760038,
Myanmar,2010,,36.1,4.9023073,54.8
Myanmar,2011,,36.3,5.0703499,
Myanmar,2012,,36.5,5.2409653,
Myanmar,2013,,36.6,5.4171197,
Myanmar,2014,,36.8,5.6017354,
Myanmar,2015,,37.0,5.7964545,50.2
Myanmar,2016,,37.2,6.0014129,
Myanmar,2017,,37.4,6.2154919,
Myanmar,2018,,37.6,6.4374983,
Myanmar,2019,,37.8,6.6679314,
NAM,2010,8.946070032,,,
NAM,2011,9.131451486,,,
NAM,2012,9.552534209,,,
NAM,2013,9.661651138,,,
NAM,2014,11.23567589,,,
NAM,2015,11.94919247,,,
NAM,2016,11.62907107,,,
NAM,2017,10.99102313,,,
NAM,2018,9.948969086,,,
NAM,2019,10.76645047,,,
NER,2010,0.113259946,,,
NER,2011,0.117621388,,,
NER,2012,0.115658172,,,
NER,2013,0.114697602,,,
NER,2014,0.121446871,,,
NER,2015,0.118915417,,,
NER,2016,0.12613677,,,
NER,2017,0.10290532,,,
NER,2018,0.077605387,,,
NER,2019,0.054406288,,,
NGA,2010,2.303904637,,,
NGA,2011,1.363661382,,,
NGA,2012,1.354796104,,,
NGA,2013,1.390565151,,,
NGA,2014,2.022197467,,,
NGA,2015,1.46826136,,,
NGA,2016,1.441699957,,,
NGA,2017,1.439938521,,,
NGA,2018,1.480304403,,,
NGA,2019,1.492733671,,,
NIC,2010,3.354797691,,,
NIC,2011,3.360921032,,,
NIC,2012,3.59992104,,,
NIC,2013,3.548386011,,,
NIC,2014,3.523887962,,,
NIC,2015,3.697990797,,,
NIC,2016,3.774796069,,,
NIC,2017,3.836249407,,,
NIC,2018,3.737973788,,,
NIC,2019,3.557402153,,,
NIU,2010,2.357582822,,,
NIU,2011,2.358845527,,,
NIU,2012,5.695126773,,,
NIU,2013,2.702724613,,,
NIU,2014,2.702446013,,,
NIU,2015,2.700370878,,,
NIU,2016,2.697503996,,,
NIU,2017,2.696152738,,,
NIU,2018,2.692690317,,,
NIU,2019,2.685322128,,,
NLD,2010,9.07,,,
NLD,2011,9.01,,,
NLD,2012,9.06,,,
NLD,2013,8.58,,,
NLD,2014,8.38,,,
NLD,2015,8.29,,,
NLD,2016,8.27,,,
NLD,2017,8.27,,,
NLD,2018,8.34,,,
NLD,2019,8.25,,,
NOR,2010,6.59,,,
NOR,2011,6.44,,,
NOR,2012,6.21,,,
NOR,2013,6.21,,,
NOR,2014,6.06,,,
NOR,2015,5.97,,,
NOR,2016,6.03,,,
NOR,2017,6.0,,,
NOR,2018,6.02,,,
NOR,2019,6.05,,,
NPL,2010,0.997489887,,,
NPL,2011,0.948771904,,,
NPL,2012,0.903379796,,,
NPL,2013,1.000992286,,,
NPL,2014,0.645019317,,,
NPL,2015,0.968954695,,,
NPL,2016,1.08475118,,,
NPL,2017,0.976892404,,,
NPL,2018,0.979558664,,,
NPL,2019,1.336171765,,,
NRU,2010,4.444957,,,
NRU,2011,4.246743,,,
NRU,2012,3.498707,,,
NRU,2013,2.44179,,,
NRU,2014,2.44179,,,
NRU,2015,2.44179,,,
NRU,2016,2.44179,,,
NRU,2017,2.44179,,,
NRU,2018,2.44179,,,
NRU,2019,2.382,,,
NZL,2010,9.68,,,
NZL,2011,9.52,,,
NZL,2012,9.29,,,
NZL,2013,9.26,,,
NZL,2014,9.08,,,
NZL,2015,8.72,,,
NZL,2016,8.98,,,
NZL,2017,8.94,,,
NZL,2018,8.91,,,
NZL,2019,8.8,,,
Namibia,2010,,45.5,13.522342,19.4
Namibia,2011,,45.5,13.778745,
Namibia,2012,,45.3,14.024325,
Namibia,2013,,45.2,14.267106,
Namibia,2014,,45.0,14.516743,
Namibia,2015,,44.7,14.7756,16.9
Namibia,2016,,44.5,15.04788,
Namibia,2017,,44.3,15.332749,
Namibia,2018,,44.0,15.628593,
Namibia,2019,,43.8,15.936892,
Nauru,2010,,37.9,66.88872,55.6
Nauru,2011,,38.4,67.125207,
Nauru,2012,,38.8,67.379338,
Nauru,2013,,39.3,67.584288,
Nauru,2014,,39.7,67.833942,
Nauru,2015,,40.1,68.121213,52.6
Nauru,2016,,40.5,68.415689,
Nauru,2017,,40.9,68.722552,
Nauru,2018,,41.4,68.965131,
Nauru,2019,,41.8,69.169968,
Nepal,2010,,36.5,2.8780757,44.0
Nepal,2011,,36.5,3.1188957,
Nepal,2012,,36.4,3.3777904,
Nepal,2013,,36.3,3.6559019,
Nepal,2014,,36.2,3.9538346,
Nepal,2015,,36.1,4.2730581,36.3
Nepal,2016,,36.1,4.6127357,
Nepal,2017,,36.1,4.9701408,
Nepal,2018,,36.1,5.3428523,
Nepal,2019,,36.1,5.7317641,
Netherlands (Kingdom of the),2010,,35.7,13.651419,27.7
Netherlands (Kingdom of the),2011,,35.3,13.727564,
Netherlands (Kingdom of the),2012,,34.8,13.786474,
Netherlands (Kingdom of the),2013,,34.3,13.837747,
Netherlands (Kingdom of the),2014,,33.6,13.889955,
Netherlands (Kingdom of the),2015,,33.0,13.949412,24.7
Netherlands (Kingdom of the),2016,,32.4,14.018466,
Netherlands (Kingdom of the),2017,,31.7,14.092663,
Netherlands (Kingdom of the),2018,,31.1,14.169429,
Netherlands (Kingdom of the),2019,,30.5,14.249215,
New Zealand,2010,,32.4,28.353316,20.1
New Zealand,2011,,32.3,28.837189,
New Zealand,2012,,32.1,29.290628,
New Zealand,2013,,31.9,29.729176,
New Zealand,2014,,31.7,30.157989,
New Zealand,2015,,31.5,30.588284,16.4
New Zealand,2016,,31.4,31.023669,
New Zealand,2017,,31.2,31.45566,
New Zealand,2018,,31.0,31.879407,
New Zealand,2019,,30.9,32.297948,
Nicaragua,2010,,36.2,26.217532,
Nicaragua,2011,,36.3,26.860362,
Nicaragua,2012,,36.3,27.499872,
Nicaragua,2013,,36.2,28.132114,
Nicaragua,2014,,36.1,28.759262,
Nicaragua,2015,,36.1,29.378548,
Nicaragua,2016,,36.0,29.988992,
Nicaragua,2017,,35.9,30.59198,
Nicaragua,2018,,35.9,31.189147,
Nicaragua,2019,,35.8,31.785649,
Niger,2010,,43.8,3.6594268,8.6
Niger,2011,,43.6,3.7989847,
Niger,2012,,43.4,3.935124,
Niger,2013,,43.1,4.0748402,
Niger,2014,,42.9,4.22494,
Niger,2015,,42.6,4.388018,8.1
Niger,2016,,42.3,4.5665365,
Niger,2017,,42.1,4.7600351,
Niger,2018,,41.8,4.9689546,
Niger,2019,,41.5,5.1939301,
Nigeria,2010,,36.4,8.1288926,6.1
Nigeria,2011,,36.3,8.40123,
Nigeria,2012,,36.3,8.6651377,
Nigeria,2013,,36.2,8.9344248,
Nigeria,2014,,36.2,9.2218213,
Nigeria,2015,,36.1,9.5309578,4.7
Nigeria,2016,,36.1,9.8654822,
Nigeria,2017,,36.1,10.223781,
Nigeria,2018,,36.1,10.604426,
Nigeria,2019,,36.1,11.007848,
Niue,2010,,36.4,60.181028,
Niue,2011,,36.8,60.666239,
Niue,2012,,37.2,61.179197,
Niue,2013,,37.5,61.668473,
Niue,2014,,37.9,62.161911,
Niue,2015,,38.2,62.674397,
Niue,2016,,38.5,63.197583,
Niue,2017,,38.9,63.716012,
Niue,2018,,39.2,64.249015,
Niue,2019,,39.5,64.861149,
North Macedonia,2010,,45.2,21.28453,
North Macedonia,2011,,45.2,21.73679,
North Macedonia,2012,,45.2,22.195771,
North Macedonia,2013,,45.2,22.66286,
North Macedonia,2014,,45.2,23.142941,
North Macedonia,2015,,45.2,23.641562,
North Macedonia,2016,,45.2,24.159172,
North Macedonia,2017,,45.2,24.6889,
North Macedonia,2018,,45.1,25.227001,
North Macedonia,2019,,45.1,25.776619,
Norway,2010,,34.8,16.007401,26.6
Norway,2011,,34.4,16.27132,
Norway,2012,,33.9,16.51504,
Norway,2013,,33.4,16.749644,
Norway,2014,,32.9,16.985381,
Norway,2015,,32.4,17.229509,20.5
Norway,2016,,31.9,17.484917,
Norway,2017,,31.5,17.744565,
Norway,2018,,31.0,18.006486,
Norway,2019,,30.5,18.27383,
OMN,2010,0.549523884,,,
OMN,2011,0.514182406,,,
OMN,2012,0.480965084,,,
OMN,2013,0.445645455,,,
OMN,2014,0.4322763,,,
OMN,2015,0.471406955,,,
OMN,2016,0.475584971,,,
OMN,2017,0.493507451,,,
OMN,2018,0.516073157,,,
OMN,2019,0.525179999,,,
Oman,2010,,46.9,24.125354,7.9
Oman,2011,,46.9,24.481413,
Oman,2012,,46.8,24.863085,
Oman,2013,,46.7,25.321573,
Oman,2014,,46.6,25.897697,
Oman,2015,,46.5,26.511091,8.1
Oman,2016,,46.3,27.111796,
Oman,2017,,46.1,27.710861,
Oman,2018,,45.9,28.330603,
Oman,2019,,45.6,28.999919,
PAK,2010,0.045167483,,,
PAK,2011,0.045834229,,,
PAK,2012,0.042421593,,,
PAK,2013,0.042572652,,,
PAK,2014,0.04899232,,,
PAK,2015,0.050996594,,,
PAK,2016,0.054848544,,,
PAK,2017,0.056334385,,,
PAK,2018,0.057862909,,,
PAK,2019,0.058646141,,,
PAN,2010,6.14504815,,,
PAN,2011,6.200719765,,,
PAN,2012,6.327541258,,,
PAN,2013,6.337984456,,,
PAN,2014,6.464300294,,,
PAN,2015,6.545264065,,,
PAN,2016,6.330651715,,,
PAN,2017,6.797113077,,,
PAN,2018,6.629408781,,,
PAN,2019,6.601980557,,,
PER,2010,5.879605727,,,
PER,2011,6.136159022,,,
PER,2012,6.362158994,,,
PER,2013,6.085212289,,,
PER,2014,5.68900294,,,
PER,2015,5.702156658,,,
PER,2016,5.799920381,,,
PER,2017,5.821741956,,,
PER,2018,5.79890564,,,
PER,2019,5.639752604,,,
PHL,2010,5.027889008,,,
PHL,2011,5.006426767,,,
PHL,2012,5.199599001,,,
PHL,2013,4.560775221,,,
PHL,2014,4.730319528,,,
PHL,2015,4.569442005,,,
PHL,2016,4.580300966,,,
PHL,2017,4.85462959,,,
PHL,2018,4.995200187,,,
PHL,2019,5.000267215,,,
PNG,2010,0.736244883,,,
PNG,2011,0.800221191,,,
PNG,2012,0.925338601,,,
PNG,2013,0.956927524,,,
PNG,2014,1.12962623,,,
PNG,2015,1.096384963,,,
PNG,2016,1.066870691,,,
PNG,2017,1.557927021,,,
PNG,2018,0.920972947,,,
PNG,2019,0.947974373,,,
POL,2010,10.07,,,
POL,2011,10.24,,,
POL,2012,10.2,,,
POL,2013,10.81,,,
POL,2014,10.46,,,
POL,2015,10.48,,,
POL,2016,10.44,,,
POL,2017,10.57,,,
POL,2018,10.67,,,
POL,2019,10.98,,,
PRK,2010,3.504092803,,,
PRK,2011,3.498583378,,,
PRK,2012,3.515488575,,,
PRK,2013,3.523915376,,,
PRK,2014,3.463630376,,,
PRK,2015,3.383606843,,,
PRK,2016,3.508299625,,,
PRK,2017,3.3353024,,,
PRK,2018,3.271140001,,,
PRK,2019,3.714153796,,,
PRT,2010,11.26,,,
PRT,2011,10.84,,,
PRT,2012,9.76,,,
PRT,2013,9.52,,,
PRT,2014,10.21,,,
PRT,2015,10.33,,,
PRT,2016,9.61,,,
PRT,2017,10.52497499,,,
PRT,2018,10.32099131,,,
PRT,2019,10.81482556,,,
PRY,2010,6.280416615,,,
PRY,2011,6.254480964,,,
PRY,2012,5.980201937,,,
PRY,2013,5.923691799,,,
PRY,2014,5.566575325,,,
PRY,2015,5.357933709,,,
PRY,2016,5.540499269,,,
PRY,2017,5.692774143,,,
PRY,2018,5.716055727,,,
PRY,2019,5.774424472,,,
Pakistan,2010,,41.4,11.211558,28.0
Pakistan,2011,,41.6,11.950167,
Pakistan,2012,,41.8,12.738256,
Pakistan,2013,,42.0,13.577782,
Pakistan,2014,,42.2,14.468773,
Pakistan,2015,,42.4,15.419169,23.7
Pakistan,2016,,42.6,16.423303,
Pakistan,2017,,42.8,17.46247,
Pakistan,2018,,43.0,18.522559,
Pakistan,2019,,43.2,19.606707,
Palau,2010,,43.8,38.840416,21.5
Palau,2011,,44.1,39.016557,
Palau,2012,,44.3,39.187428,
Palau,2013,,44.4,39.344534,
Palau,2014,,44.4,39.497992,
Palau,2015,,44.4,39.665917,19.6
Palau,2016,,44.3,39.845008,
Palau,2017,,44.3,40.031931,
Palau,2018,,44.3,40.231463,
Palau,2019,,44.2,40.442875,
Panama,2010,,36.3,24.923046,8.8
Panama,2011,,36.3,25.803062,
Panama,2012,,36.3,26.70013,
Panama,2013,,36.3,27.608785,
Panama,2014,,36.3,28.528488,
Panama,2015,,36.2,29.454812,7.1
Panama,2016,,36.2,30.384517,
Panama,2017,,36.1,31.317961,
Panama,2018,,36.1,32.253331,
Panama,2019,,36.1,33.192843,
Papua New Guinea,2010,,23.6,16.261414,46.6
Papua New Guinea,2011,,24.0,16.529809,
Papua New Guinea,2012,,24.5,16.811723,
Papua New Guinea,2013,,24.9,17.107564,
Papua New Guinea,2014,,25.3,17.418428,
Papua New Guinea,2015,,25.8,17.747366,43.5
Papua New Guinea,2016,,26.3,18.093632,
Papua New Guinea,2017,,26.8,18.45503,
Papua New Guinea,2018,,27.3,18.829812,
Papua New Guinea,2019,,27.8,19.222926,
Paraguay,2010,,56.4,23.409918,18.4
Paraguay,2011,,56.6,24.106807,
Paraguay,2012,,56.6,24.825747,
Paraguay,2013,,56.6,25.565448,
Paraguay,2014,,56.6,26.326206,
Paraguay,2015,,56.6,27.1074,14.6
Paraguay,2016,,56.5,27.905527,
Paraguay,2017,,56.5,28.715715,
Paraguay,2018,,56.4,29.535466,
Paraguay,2019,,56.4,30.369297,
Peru,2010,,19.8,17.048934,16.7
Peru,2011,,19.8,17.73762,
Peru,2012,,19.8,18.462308,
Peru,2013,,19.8,19.219597,
Peru,2014,,19.9,20.006402,
Peru,2015,,19.9,20.822753,11.7
Peru,2016,,20.1,21.671675,
Peru,2017,,20.3,22.550051,
Peru,2018,,20.5,23.451266,
Peru,2019,,20.7,24.375686,
Philippines,2010,,33.2,5.2867062,27.7
Philippines,2011,,33.3,5.5086218,
Philippines,2012,,33.3,5.7379015,
Philippines,2013,,33.3,5.9783202,
Philippines,2014,,33.3,6.2315986,
Philippines,2015,,33.4,6.4980425,24.4
Philippines,2016,,33.5,6.7783259,
Philippines,2017,,33.6,7.0713088,
Philippines,2018,,33.7,7.3764674,
Philippines,2019,,33.8,7.6948173,
Poland,2010,,46.9,21.273522,30.9
Poland,2011,,47.1,21.739896,
Poland,2012,,47.3,22.209713,
Poland,2013,,47.5,22.685766,
Poland,2014,,47.8,23.173168,
Poland,2015,,48.1,23.678488,27.6
Poland,2016,,48.4,24.198614,
Poland,2017,,48.7,24.725793,
Poland,2018,,48.9,25.256565,
Poland,2019,,49.2,25.795126,
Portugal,2010,,35.7,18.134543,25.5
Portugal,2011,,35.3,18.419355,
Portugal,2012,,34.9,18.694066,
Portugal,2013,,34.5,18.966445,
Portugal,2014,,34.1,19.241884,
Portugal,2015,,33.7,19.526117,25.5
Portugal,2016,,33.3,19.819273,
Portugal,2017,,33.0,20.120077,
Portugal,2018,,32.6,20.42679,
Portugal,2019,,32.3,20.743756,
QAT,2010,1.168003332,,,
QAT,2011,1.202437421,,,
QAT,2012,1.206753078,,,
QAT,2013,1.204190294,,,
QAT,2014,1.133236849,,,
QAT,2015,1.097787481,,,
QAT,2016,1.031960361,,,
QAT,2017,1.006164706,,,
QAT,2018,1.002136964,,,
QAT,2019,1.008559773,,,
Qatar,2010,,43.1,34.429926,12.5
Qatar,2011,,42.9,35.274398,
Qatar,2012,,42.6,36.105171,
Qatar,2013,,42.4,36.905539,
Qatar,2014,,42.1,37.616661,
Qatar,2015,,41.8,38.301104,12.5
Qatar,2016,,41.6,39.081308,
Qatar,2017,,41.4,39.87532,
Qatar,2018,,41.1,40.61988,
Qatar,2019,,40.9,41.331652,
ROU,2010,10.01,,,
ROU,2011,9.59,,,
ROU,2012,9.68,,,
ROU,2013,9.67,,,
ROU,2014,9.51,,,
ROU,2015,9.49,,,
ROU,2016,9.62,,,
ROU,2017,10.21,,,
ROU,2018,11.02,,,
ROU,2019,10.9,,,
RUS,2010,10.83,,,
RUS,2011,10.77,,,
RUS,2012,10.56,,,
RUS,2013,9.77,,,
RUS,2014,8.86,,,
RUS,2015,8.06,,,
RUS,2016,7.73,,,
RUS,2017,7.15,,,
RUS,2018,7.28,,,
RUS,2019,7.29,,,
RWA,2010,1.551102028,,,
RWA,2011,1.521481489,,,
RWA,2012,1.631520417,,,
RWA,2013,1.701608928,,,
RWA,2014,1.567829599,,,
RWA,2015,1.787149269,,,
RWA,2016,1.877969664,,,
RWA,2017,1.745569742,,,
RWA,2018,1.879397838,,,
RWA,2019,2.170076567,,,
Republic of Korea,2010,,28.1,3.7247948,27.0
Republic of Korea,2011,,27.9,3.9070092,
Republic of Korea,2012,,27.7,4.1018803,
Republic of Korea,2013,,27.6,4.3153156,
Republic of Korea,2014,,27.4,4.5505654,
Republic of Korea,2015,,27.2,4.8099637,23.8
Republic of Korea,2016,,27.1,5.0933383,
Republic of Korea,2017,,27.0,5.3994641,
Republic of Korea,2018,,26.8,5.7317417,
Republic of Korea,2019,,26.7,6.0895544,
Republic of Moldova,2010,,50.3,22.744761,27.0
Republic of Moldova,2011,,50.2,22.843184,
Republic of Moldova,2012,,50.0,22.915208,
Republic of Moldova,2013,,49.8,22.963351,
Republic of Moldova,2014,,49.5,22.994339,
Republic of Moldova,2015,,49.3,23.017193,28.1
Republic of Moldova,2016,,49.0,23.02916,
Republic of Moldova,2017,,48.8,23.029351,
Republic of Moldova,2018,,48.5,23.017997,
Republic of Moldova,2019,,48.3,23.001324,
Romania,2010,,47.4,19.794305,33.6
Romania,2011,,47.5,20.841889,
Romania,2012,,47.6,21.920428,
Romania,2013,,47.7,23.026571,
Romania,2014,,47.8,24.159652,
Romania,2015,,47.9,25.324944,32.0
Romania,2016,,48.0,26.518989,
Romania,2017,,48.1,27.732185,
Romania,2018,,48.3,28.959119,
Romania,2019,,48.4,30.200365,
Russian Federation,2010,,48.6,21.815884,30.8
Russian Federation,2011,,48.2,22.051413,
Russian Federation,2012,,47.7,22.269078,
Russian Federation,2013,,47.3,22.476029,
Russian Federation,2014,,46.8,22.670488,
Russian Federation,2015,,46.3,22.859383,30.0
Russian Federation,2016,,45.8,23.044908,
Russian Federation,2017,,45.3,23.227727,
Russian Federation,2018,,44.8,23.409867,
Russian Federation,2019,,44.3,23.593754,
Rwanda,2010,,32.6,2.1225287,18.6
Rwanda,2011,,32.4,2.2758374,
Rwanda,2012,,32.1,2.4400327,
Rwanda,2013,,31.8,2.6162062,
Rwanda,2014,,31.5,2.8061675,
Rwanda,2015,,31.1,3.011165,16.6
Rwanda,2016,,30.8,3.2320216,
Rwanda,2017,,30.5,3.4696966,
Rwanda,2018,,30.2,3.7236981,
Rwanda,2019,,29.8,3.994552,
SDN,2010,0.0,,,
SDN,2011,0.0,,,
SDN,2012,0.0,,,
SDN,2013,0.0,,,
SDN,2014,0.0,,,
SDN,2015,0.0,,,
SDN,2016,0.0,,,
SDN,2017,0.0,,,
SDN,2018,0.0,,,
SDN,2019,0.0,,,
SEN,2010,0.286739187,,,
SEN,2011,0.320034433,,,
SEN,2012,0.279914656,,,
SEN,2013,0.255606048,,,
SEN,2014,0.256575373,,,
SEN,2015,0.255237651,,,
SEN,2016,0.314143035,,,
SEN,2017,0.314968597,,,
SEN,2018,0.299706772,,,
SEN,2019,0.32696538,,,
SGP,2010,1.75,,,
SGP,2011,1.79,,,
SGP,2012,1.84,,,
SGP,2013,1.76,,,
SGP,2014,1.74,,,
SGP,2015,1.73,,,
SGP,2016,1.75,,,
SGP,2017,1.72,,,
SGP,2018,1.79,,,
SGP,2019,1.79,,,
SLB,2010,0.693776163,,,
SLB,2011,0.653404001,,,
SLB,2012,0.640434654,,,
SLB,2013,0.617232331,,,
SLB,2014,0.646432804,,,
SLB,2015,0.690253194,,,
SLB,2016,0.946936047,,,
SLB,2017,2.43848377,,,
SLB,2018,1.075779805,,,
SLB,2019,0.838940374,,,
SLE,2010,0.203121443,,,
SLE,2011,0.239500979,,,
SLE,2012,0.288628425,,,
SLE,2013,0.331229789,,,
SLE,2014,0.231422201,,,
SLE,2015,0.235575509,,,
SLE,2016,0.178722344,,,
SLE,2017,0.160896954,,,
SLE,2018,0.186788957,,,
SLE,2019,0.187611705,,,
SLV,2010,2.322049392,,,
SLV,2011,2.338120727,,,
SLV,2012,2.444601462,,,
SLV,2013,2.380246834,,,
SLV,2014,2.487463185,,,
SLV,2015,2.579596291,,,
SLV,2016,2.682191349,,,
SLV,2017,2.85904855,,,
SLV,2018,2.992938374,,,
SLV,2019,3.102107759,,,
SOM,2010,0.0,,,
SOM,2011,0.0,,,
SOM,2012,0.0,,,
SOM,2013,0.0,,,
SOM,2014,0.0,,,
SOM,2015,0.0,,,
SOM,2016,0.0,,,
SOM,2017,0.0,,,
SOM,2018,0.0,,,
SOM,2019,0.0,,,
SRB,2010,9.173741352,,,
SRB,2011,9.241453797,,,
SRB,2012,9.189415018,,,
SRB,2013,8.961688903,,,
SRB,2014,8.155550195,,,
SRB,2015,7.957217729,,,
SRB,2016,7.886328681,,,
SRB,2017,8.015578741,,,
SRB,2018,8.253845226,,,
SRB,2019,8.088425802,,,
STP,2010,5.315032897,,,
STP,2011,5.321685315,,,
STP,2012,5.401526894,,,
STP,2013,5.971966343,,,
STP,2014,5.423662916,,,
STP,2015,4.79234887,,,
STP,2016,4.500408754,,,
STP,2017,3.800437827,,,
STP,2018,4.198489283,,,
STP,2019,4.571102197,,,
SUR,2010,5.063994866,,,
SUR,2011,5.418513084,,,
SUR,2012,5.543899802,,,
SUR,2013,5.67476725,,,
SUR,2014,5.253306865,,,
SUR,2015,4.619649845,,,
SUR,2016,5.52314934,,,
SUR,2017,5.59315332,,,
SUR,2018,5.867119154,,,
SUR,2019,6.362814487,,,
SVK,2010,10.17,,,
SVK,2011,10.29,,,
SVK,2012,10.16,,,
SVK,2013,9.92,,,
SVK,2014,10.27,,,
SVK,2015,10.27,,,
SVK,2016,9.92,,,
SVK,2017,9.7,,,
SVK,2018,10.08,,,
SVK,2019,10.44,,,
SVN,2010,10.4,,,
SVN,2011,10.6,,,
SVN,2012,11.0,,,
SVN,2013,9.6,,,
SVN,2014,10.9,,,
SVN,2015,11.5,,,
SVN,2016,10.5,,,
SVN,2017,10.1,,,
SVN,2018,10.0,,,
SVN,2019,11.1,,,
SWE,2010,7.38,,,
SWE,2011,7.31,,,
SWE,2012,7.23,,,
SWE,2013,7.32,,,
SWE,2014,7.2,,,
SWE,2015,7.13,,,
SWE,2016,7.15,,,
SWE,2017,7.04,,,
SWE,2018,7.19,,,
SWE,2019,7.14,,,
SWZ,2010,5.830890929,,,
SWZ,2011,6.099630797,,,
SWZ,2012,5.951506052,,,
SWZ,2013,7.946003615,,,
SWZ,2014,6.93622794,,,
SWZ,2015,6.191046037,,,
SWZ,2016,6.888026045,,,
SWZ,2017,6.994669933,,,
SWZ,2018,7.324502487,,,
SWZ,2019,7.039247744,,,
SYC,2010,7.435849177,,,
SYC,2011,9.42268738,,,
SYC,2012,10.45447011,,,
SYC,2013,9.742840044,,,
SYC,2014,11.50381769,,,
SYC,2015,12.58626696,,,
SYC,2016,14.24655354,,,
SYC,2017,13.64141517,,,
SYC,2018,11.25934074,,,
SYC,2019,12.45725764,,,
SYR,2010,0.724563103,,,
SYR,2011,0.551572223,,,
SYR,2012,0.194902831,,,
SYR,2013,0.142471225,,,
SYR,2014,0.20111896,,,
SYR,2015,0.244097523,,,
SYR,2016,0.185532257,,,
SYR,2017,0.123276574,,,
SYR,2018,0.155179386,,,
SYR,2019,0.120035569,,,
Saint Kitts and Nevis,2010,,44.7,37.281445,
Saint Kitts and Nevis,2011,,44.9,38.01975,
Saint Kitts and Nevis,2012,,45.0,38.738459,
Saint Kitts and Nevis,2013,,45.0,39.437395,
Saint Kitts and Nevis,2014,,45.0,40.129983,
Saint Kitts and Nevis,2015,,45.0,40.827677,
Saint Kitts and Nevis,2016,,45.0,41.52813,
Saint Kitts and Nevis,2017,,45.1,42.222098,
Saint Kitts and Nevis,2018,,45.1,42.905155,
Saint Kitts and Nevis,2019,,45.1,43.586189,
Saint Lucia,2010,,39.2,24.636894,16.8
Saint Lucia,2011,,39.3,25.352883,
Saint Lucia,2012,,39.4,26.064301,
Saint Lucia,2013,,39.4,26.768053,
Saint Lucia,2014,,39.5,27.474174,
Saint Lucia,2015,,39.5,28.188327,15.4
Saint Lucia,2016,,39.6,28.910741,
Saint Lucia,2017,,39.7,29.640269,
Saint Lucia,2018,,39.8,30.373135,
Saint Lucia,2019,,39.8,31.118044,
Saint Vincent and the Grenadines,2010,,39.0,25.288865,
Saint Vincent and the Grenadines,2011,,39.1,25.924975,
Saint Vincent and the Grenadines,2012,,39.2,26.558062,
Saint Vincent and the Grenadines,2013,,39.2,27.191588,
Saint Vincent and the Grenadines,2014,,39.2,27.828795,
Saint Vincent and the Grenadines,2015,,39.2,28.474364,
Saint Vincent and the Grenadines,2016,,39.2,29.132119,
Saint Vincent and the Grenadines,2017,,39.2,29.796115,
Saint Vincent and the Grenadines,2018,,39.2,30.465564,
Saint Vincent and the Grenadines,2019,,39.3,31.141129,
Samoa,2010,,35.0,54.266131,31.2
Samoa,2011,,35.4,54.972059,
Samoa,2012,,35.8,55.66783,
Samoa,2013,,36.2,56.358898,
Samoa,2014,,36.6,57.044256,
Samoa,2015,,36.9,57.725555,27.1
Samoa,2016,,37.3,58.407652,
Samoa,2017,,37.6,59.089792,
Samoa,2018,,38.0,59.765321,
Samoa,2019,,38.3,60.440767,
Sao Tome and Principe,2010,,46.9,11.105659,7.3
Sao Tome and Principe,2011,,46.8,11.467658,
Sao Tome and Principe,2012,,46.6,11.815279,
Sao Tome and Principe,2013,,46.4,12.163359,
Sao Tome and Principe,2014,,46.2,12.53103,
Sao Tome and Principe,2015,,46.0,12.923551,7.4
Sao Tome and Principe,2016,,45.8,13.344294,
Sao Tome and Principe,2017,,45.5,13.792217,
Sao Tome and Principe,2018,,45.3,14.266124,
Sao Tome and Principe,2019,,45.1,14.763755,
Saudi Arabia,2010,,34.7,33.777982,14.3
Saudi Arabia,2011,,34.7,34.410015,
Saudi Arabia,2012,,34.6,35.023317,
Saudi Arabia,2013,,34.5,35.622826,
Saudi Arabia,2014,,34.4,36.221495,
Saudi Arabia,2015,,34.3,36.818999,14.4
Saudi Arabia,2016,,34.2,37.41985,
Saudi Arabia,2017,,34.2,37.997967,
Saudi Arabia,2018,,34.1,38.538772,
Saudi Arabia,2019,,34.0,39.058155,
Senegal,2010,,41.5,7.2646976,10.2
Senegal,2011,,41.5,7.4558847,
Senegal,2012,,41.4,7.6410905,
Senegal,2013,,41.3,7.8303859,
Senegal,2014,,41.1,8.0314547,
Senegal,2015,,41.0,8.2468085,8.4
Senegal,2016,,40.9,8.4790207,
Senegal,2017,,40.7,8.7274112,
Senegal,2018,,40.6,8.991199,
Senegal,2019,,40.5,9.2709564,
Serbia,2010,,46.2,17.525996,42.4
Serbia,2011,,46.2,17.866984,
Serbia,2012,,46.2,18.214916,
Serbia,2013,,46.2,18.572606,
Serbia,2014,,46.1,18.943582,
Serbia,2015,,46.1,19.334002,41.1
Serbia,2016,,46.1,19.744027,
Serbia,2017,,46.1,20.167436,
Serbia,2018,,46.1,20.601805,
Serbia,2019,,46.1,21.048439,
Seychelles,2010,,47.9,24.417603,24.9
Seychelles,2011,,47.7,24.779765,
Seychelles,2012,,47.3,25.128081,
Seychelles,2013,,47.0,25.472069,
Seychelles,2014,,46.6,25.832227,
Seychelles,2015,,46.1,26.208946,22.7
Seychelles,2016,,45.7,26.60358,
Seychelles,2017,,45.2,27.012572,
Seychelles,2018,,44.8,27.437264,
Seychelles,2019,,44.3,27.877891,
Sierra Leone,2010,,42.8,5.677221,23.9
Sierra Leone,2011,,42.7,5.7644635,
Sierra Leone,2012,,42.5,5.8395065,
Sierra Leone,2013,,42.3,5.9137195,
Sierra Leone,2014,,42.0,5.9979577,
Sierra Leone,2015,,41.8,6.0945209,18.4
Sierra Leone,2016,,41.6,6.2052224,
Sierra Leone,2017,,41.3,6.3291676,
Sierra Leone,2018,,41.1,6.4654015,
Sierra Leone,2019,,40.8,6.6132195,
Singapore,2010,,34.4,7.2993159,16.6
Singapore,2011,,34.1,7.6752648,
Singapore,2012,,33.7,8.0744609,
Singapore,2013,,33.4,8.5029058,
Singapore,2014,,33.0,8.9639753,
Singapore,2015,,32.7,9.4588876,16.6
Singapore,2016,,32.4,9.9884853,
Singapore,2017,,32.1,10.550378,
Singapore,2018,,31.8,11.145356,
Singapore,2019,,31.5,11.773539,
Slovakia,2010,,42.9,19.730774,31.8
Slovakia,2011,,42.9,20.24972,
Slovakia,2012,,42.9,20.777263,
Slovakia,2013,,42.8,21.313964,
Slovakia,2014,,42.8,21.865351,
Slovakia,2015,,42.8,22.435758,31.9
Slovakia,2016,,42.8,23.02634,
Slovakia,2017,,42.8,23.628342,
Slovakia,2018,,42.7,24.237783,
Slovakia,2019,,42.7,24.857444,
Slovenia,2010,,45.4,15.995561,23.0
Slovenia,2011,,45.4,16.13026,
Slovenia,2012,,45.4,16.269703,
Slovenia,2013,,45.4,16.423593,
Slovenia,2014,,45.4,16.602032,
Slovenia,2015,,45.4,16.820741,21.8
Slovenia,2016,,45.4,17.082401,
Slovenia,2017,,45.4,17.380986,
Slovenia,2018,,45.3,17.714985,
Slovenia,2019,,45.3,18.085465,
Solomon Islands,2010,,25.4,18.48516,40.0
Solomon Islands,2011,,25.9,18.777035,
Solomon Islands,2012,,26.3,19.07538,
Solomon Islands,2013,,26.8,19.382435,
Solomon Islands,2014,,27.3,19.699067,
Solomon Islands,2015,,27.7,20.026182,38.3
Solomon Islands,2016,,28.2,20.364606,
Solomon Islands,2017,,28.7,20.710392,
Solomon Islands,2018,,29.2,21.063668,
Solomon Islands,2019,,29.8,21.426918,
Somalia,2010,,38.5,8.7591164,
Somalia,2011,,38.3,9.1521926,
Somalia,2012,,38.1,9.5553361,
Somalia,2013,,37.9,9.9717513,
Somalia,2014,,37.6,10.406199,
Somalia,2015,,37.3,10.859647,
Somalia,2016,,37.0,11.333711,
Somalia,2017,,36.7,11.828548,
Somalia,2018,,36.4,12.342302,
Somalia,2019,,36.1,12.87439,
South Africa,2010,,45.4,28.13094,22.0
South Africa,2011,,45.5,28.402945,
South Africa,2012,,45.4,28.633341,
South Africa,2013,,45.3,28.839436,
South Africa,2014,,45.2,29.023245,
South Africa,2015,,45.0,29.17468,21.5
South Africa,2016,,44.8,29.387876,
South Africa,2017,,44.6,29.641983,
South Africa,2018,,44.4,29.859245,
South Africa,2019,,44.1,30.081907,
South Sudan,2010,,37.0,4.8434179,
South Sudan,2011,,36.8,5.0682563,
South Sudan,2012,,36.6,5.303603,
South Sudan,2013,,36.3,5.5506684,
South Sudan,2014,,36.0,5.818427,
South Sudan,2015,,35.6,6.1038628,
South Sudan,2016,,35.3,6.4081252,
South Sudan,2017,,34.9,6.7378163,
South Sudan,2018,,34.6,7.0818573,
South Sudan,2019,,34.2,7.4338667,
Spain,2010,,32.8,19.403346,31.7
Spain,2011,,32.1,19.167995,
Spain,2012,,31.4,18.883239,
Spain,2013,,30.7,18.565142,
Spain,2014,,30.1,18.229154,
Spain,2015,,29.4,17.88632,30.3
Spain,2016,,28.8,17.54486,
Spain,2017,,28.2,17.205395,
Spain,2018,,27.7,16.870522,
Spain,2019,,27.2,16.546416,
Sri Lanka,2010,,33.4,5.0065152,24.3
Sri Lanka,2011,,33.6,5.3522974,
Sri Lanka,2012,,33.8,5.7161983,
Sri Lanka,2013,,34.1,6.0994938,
Sri Lanka,2014,,34.3,6.5056309,
Sri Lanka,2015,,34.5,6.9371611,22.1
Sri Lanka,2016,,34.8,7.393799,
Sri Lanka,2017,,35.0,7.8728512,
Sri Lanka,2018,,35.3,8.3703347,
Sri Lanka,2019,,35.6,8.8870585,
Sudan,2010,,42.2,10.667685,
Sudan,2011,,42.2,11.076662,
Sudan,2012,,42.1,11.492568,
Sudan,2013,,42.0,11.922456,
Sudan,2014,,41.8,12.372776,
Sudan,2015,,41.6,12.845907,
Sudan,2016,,41.4,13.346794,
Sudan,2017,,41.2,13.877486,
Sudan,2018,,41.0,14.437759,
Sudan,2019,,40.8,15.029238,
Suriname,2010,,42.1,21.646167,
Suriname,2011,,42.3,22.224969,
Suriname,2012,,42.4,22.802134,
Suriname,2013,,42.5,23.379138,
Suriname,2014,,42.6,23.962612,
Suriname,2015,,42.6,24.554852,
Suriname,2016,,42.7,25.159207,
Suriname,2017,,42.8,25.774246,
Suriname,2018,,42.8,26.397276,
Suriname,2019,,42.9,27.028263,
Sweden,2010,,36.0,14.538844,33.4
Sweden,2011,,35.4,14.597413,
Sweden,2012,,34.8,14.634913,
Sweden,2013,,34.1,14.665705,
Sweden,2014,,33.4,14.700232,
Sweden,2015,,32.8,14.743261,28.3
Sweden,2016,,32.1,14.79968,
Sweden,2017,,31.4,14.862199,
Sweden,2018,,30.8,14.927706,
Sweden,2019,,30.2,14.998071,
Switzerland,2010,,26.9,11.812952,26.9
Switzerland,2011,,26.3,11.817372,
Switzerland,2012,,25.7,11.809546,
Switzerland,2013,,25.1,11.801005,
Switzerland,2014,,24.5,11.79871,
Switzerland,2015,,24.0,11.809126,26.4
Switzerland,2016,,23.4,11.835159,
Switzerland,2017,,22.9,11.868332,
Switzerland,2018,,22.4,11.903986,
Switzerland,2019,,21.9,11.94336,
Syrian Arab Republic,2010,,43.1,28.217763,
Syrian Arab Republic,2011,,43.0,28.709683,
Syrian Arab Republic,2012,,42.8,29.210988,
Syrian Arab Republic,2013,,42.6,29.735985,
Syrian Arab Republic,2014,,42.4,30.274993,
Syrian Arab Republic,2015,,42.1,30.803534,
Syrian Arab Republic,2016,,41.8,31.320381,
Syrian Arab Republic,2017,,41.6,31.805724,
Syrian Arab Republic,2018,,41.4,32.250452,
Syrian Arab Republic,2019,,41.1,32.668421,
TCD,2010,0.530891817,,,
TCD,2011,0.584715115,,,
TCD,2012,0.596133571,,,
TCD,2013,0.623047045,,,
TCD,2014,0.669597369,,,
TCD,2015,0.668659612,,,
TCD,2016,0.643830232,,,
TCD,2017,0.56956361,,,
TCD,2018,0.530316634,,,
TCD,2019,0.490542779,,,
TGO,2010,1.302530472,,,
TGO,2011,1.18226028,,,
TGO,2012,1.077229124,,,
TGO,2013,1.270779068,,,
TGO,2014,1.157876537,,,
TGO,2015,1.263681611,,,
TGO,2016,1.10853594,,,
TGO,2017,0.967521118,,,
TGO,2018,0.992988674,,,
TGO,2019,0.967974849,,,
THA,2010,6.18,,,
THA,2011,6.59,,,
THA,2012,7.07,,,
THA,2013,6.86,,,
THA,2014,6.88,,,
THA,2015,6.9,,,
THA,2016,7.08,,,
THA,2017,7.3,,,
THA,2018,5.95,,,
THA,2019,6.81,,,
TJK,2010,0.691315725,,,
TJK,2011,0.674985306,,,
TJK,2012,0.767598965,,,
TJK,2013,0.77465301,,,
TJK,2014,0.843449231,,,
TJK,2015,0.936812916,,,
TJK,2016,0.897605917,,,
TJK,2017,0.879149427,,,
TJK,2018,0.86720454,,,
TJK,2019,0.820960913,,,
TKM,2010,2.782253092,,,
TKM,2011,2.799447554,,,
TKM,2012,2.912854063,,,
TKM,2013,3.076741754,,,
TKM,2014,3.023887519,,,
TKM,2015,3.048016993,,,
TKM,2016,2.989870098,,,
TKM,2017,2.896453082,,,
TKM,2018,2.743747132,,,
TKM,2019,2.810272648,,,
TLS,2010,0.307751743,,,
TLS,2011,0.469241368,,,
TLS,2012,0.531395946,,,
TLS,2013,0.513232168,,,
TLS,2014,0.559207641,,,
TLS,2015,0.586857057,,,
TLS,2016,0.554367591,,,
TLS,2017,0.632263677,,,
TLS,2018,0.252599058,,,
TLS,2019,0.141279144,,,
TON,2010,0.76704139,,,
TON,2011,0.641775529,,,
TON,2012,0.114487614,,,
TON,2013,0.154539462,,,
TON,2014,0.199264428,,,
TON,2015,0.303701797,,,
TON,2016,0.303698245,,,
TON,2017,0.303672699,,,
TON,2018,0.296214476,,,
TON,2019,0.2937848,,,
TTO,2010,4.883825928,,,
TTO,2011,4.805314036,,,
TTO,2012,4.867914007,,,
TTO,2013,4.787837077,,,
TTO,2014,4.784761131,,,
TTO,2015,4.773460785,,,
TTO,2016,4.477521024,,,
TTO,2017,4.334093422,,,
TTO,2018,4.340079251,,,
TTO,2019,4.363042676,,,
TUN,2010,1.409785859,,,
TUN,2011,1.380420336,,,
TUN,2012,1.409431379,,,
TUN,2013,1.384339798,,,
TUN,2014,1.516770238,,,
TUN,2015,1.586475248,,,
TUN,2016,1.565641131,,,
TUN,2017,1.553811204,,,
TUN,2018,1.55537861,,,
TUN,2019,1.598794688,,,
TUR,2010,1.53,,,
TUR,2011,1.57,,,
TUR,2012,1.57,,,
TUR,2013,1.43,,,
TUR,2014,1.48,,,
TUR,2015,1.38,,,
TUR,2016,1.33,,,
TUR,2017,1.42,,,
TUR,2018,1.48,,,
TUR,2019,1.32,,,
TUV,2010,0.46,,,
TUV,2011,0.19,,,
TUV,2012,1.741210494,,,
TUV,2013,1.848013888,,,
TUV,2014,1.844422171,,,
TUV,2015,1.843553852,,,
TUV,2016,1.844639397,,,
TUV,2017,0.23,,,
TUV,2018,0.23,,,
TUV,2019,0.23,,,
TZA,2010,6.432303144,,,
TZA,2011,6.173945346,,,
TZA,2012,6.048702126,,,
TZA,2013,5.849641326,,,
TZA,2014,6.313778438,,,
TZA,2015,6.313427358,,,
TZA,2016,5.726919416,,,
TZA,2017,5.11310286,,,
TZA,2018,4.799332849,,,
TZA,2019,5.241811645,,,
Tajikistan,2010,,45.5,15.836452,
Tajikistan,2011,,45.7,16.464162,
Tajikistan,2012,,46.0,17.107262,
Tajikistan,2013,,46.2,17.762266,
Tajikistan,2014,,46.4,18.424003,
Tajikistan,2015,,46.5,19.091526,
Tajikistan,2016,,46.6,19.764823,
Tajikistan,2017,,46.7,20.435251,
Tajikistan,2018,,46.8,21.098851,
Tajikistan,2019,,46.8,21.760088,
Thailand,2010,,27.5,9.1482021,22.6
Thailand,2011,,27.6,9.5605955,
Thailand,2012,,27.8,9.987139,
Thailand,2013,,27.9,10.432356,
Thailand,2014,,28.1,10.898519,
Thailand,2015,,28.3,11.387642,21.1
Thailand,2016,,28.5,11.899276,
Thailand,2017,,28.7,12.430901,
Thailand,2018,,29.0,12.980361,
Thailand,2019,,29.2,13.548583,
Timor-Leste,2010,,33.8,0.9940898,46.2
Timor-Leste,2011,,34.0,1.0616132,
Timor-Leste,2012,,34.1,1.1350038,
Timor-Leste,2013,,34.2,1.2150239,
Timor-Leste,2014,,34.3,1.302671,
Timor-Leste,2015,,34.5,1.398836,43.0
Timor-Leste,2016,,34.6,1.5040748,
Timor-Leste,2017,,34.8,1.6186684,
Timor-Leste,2018,,35.1,1.7427497,
Timor-Leste,2019,,35.3,1.8767636,
Togo,2010,,37.5,6.5160416,10.2
Togo,2011,,37.3,6.8233915,
Togo,2012,,37.2,7.1321554,
Togo,2013,,37.0,7.4530482,
Togo,2014,,36.8,7.7969313,
Togo,2015,,36.6,8.1683271,8.3
Togo,2016,,36.5,8.5692115,
Togo,2017,,36.3,8.9988939,
Togo,2018,,36.1,9.4565094,
Togo,2019,,36.0,9.9421658,
Tonga,2010,,37.0,61.022949,32.3
Tonga,2011,,37.7,61.896342,
Tonga,2012,,38.3,62.774438,
Tonga,2013,,39.0,63.655198,
Tonga,2014,,39.7,64.555115,
Tonga,2015,,40.4,65.468103,31.8
Tonga,2016,,41.1,66.38236,
Tonga,2017,,41.9,67.287731,
Tonga,2018,,42.6,68.180418,
Tonga,2019,,43.3,69.06603,
Trinidad and Tobago,2010,,40.7,24.129583,
Trinidad and Tobago,2011,,41.0,24.441309,
Trinidad and Tobago,2012,,41.2,24.738815,
Trinidad and Tobago,2013,,41.4,25.027981,
Trinidad and Tobago,2014,,41.6,25.321722,
Trinidad and Tobago,2015,,41.7,25.62941,
Trinidad and Tobago,2016,,41.9,25.94943,
Trinidad and Tobago,2017,,42.1,26.27933,
Trinidad and Tobago,2018,,42.2,26.594681,
Trinidad and Tobago,2019,,42.4,26.931399,
Tunisia,2010,,34.6,21.09876,25.0
Tunisia,2011,,34.7,21.566531,
Tunisia,2012,,34.7,22.036463,
Tunisia,2013,,34.7,22.501312,
Tunisia,2014,,34.7,22.977675,
Tunisia,2015,,34.7,23.466316,23.0
Tunisia,2016,,34.7,23.968665,
Tunisia,2017,,34.7,24.455029,
Tunisia,2018,,34.7,24.92065,
Tunisia,2019,,34.7,25.380853,
Turkmenistan,2010,,38.6,16.274472,9.3
Turkmenistan,2011,,38.7,16.738339,
Turkmenistan,2012,,38.8,17.196278,
Turkmenistan,2013,,38.9,17.646919,
Turkmenistan,2014,,38.9,18.087298,
Turkmenistan,2015,,39.0,18.519367,7.5
Turkmenistan,2016,,39.0,18.945944,
Turkmenistan,2017,,39.0,19.360942,
Turkmenistan,2018,,39.0,19.765076,
Turkmenistan,2019,,39.0,20.166442,
Tuvalu,2010,,44.9,57.901436,40.7
Tuvalu,2011,,45.6,58.406603,
Tuvalu,2012,,46.2,58.894593,
Tuvalu,2013,,46.9,59.400558,
Tuvalu,2014,,47.5,59.920871,
Tuvalu,2015,,48.1,60.435659,37.6
Tuvalu,2016,,48.7,60.945153,
Tuvalu,2017,,49.3,61.450106,
Tuvalu,2018,,49.9,62.006187,
Tuvalu,2019,,50.4,62.553275,
Türkiye,2010,,35.0,28.847486,32.0
Türkiye,2011,,34.7,29.224059,
Türkiye,2012,,34.5,29.602429,
Türkiye,2013,,34.2,29.981408,
Türkiye,2014,,34.0,30.367914,
Türkiye,2015,,33.7,30.763829,31.3
Türkiye,2016,,33.5,31.171954,
Türkiye,2017,,33.2,31.559798,
Türkiye,2018,,33.0,31.916896,
Türkiye,2019,,32.8,32.258266,
UGA,2010,9.064280082,,,
UGA,2011,8.814299672,,,
UGA,2012,8.286220141,,,
UGA,2013,7.983733231,,,
UGA,2014,7.952140223,,,
UGA,2015,8.111306866,,,
UGA,2016,6.965646295,,,
UGA,2017,6.511960027,,,
UGA,2018,6.58184703,,,
UGA,2019,6.600099946,,,
UKR,2010,7.82,,,
UKR,2011,8.78,,,
UKR,2012,8.59,,,
UKR,2013,8.77,,,
UKR,2014,7.62,,,
UKR,2015,6.08,,,
UKR,2016,5.78,,,
UKR,2017,5.2,,,
UKR,2018,5.52,,,
UKR,2019,5.8,,,
URY,2010,6.2,,,
URY,2011,6.24,,,
URY,2012,6.07,,,
URY,2013,6.14,,,
URY,2014,6.33,,,
URY,2015,6.22,,,
URY,2016,5.77,,,
URY,2017,5.85,,,
URY,2018,5.8,,,
URY,2019,5.61,,,
USA,2010,8.55,,,
USA,2011,8.67,,,
USA,2012,8.82,,,
USA,2013,8.82,,,
USA,2014,8.82,,,
USA,2015,8.79,,,
USA,2016,8.9,,,
USA,2017,8.9,,,
USA,2018,8.93,,,
USA,2019,8.97,,,
UZB,2010,1.74,,,
UZB,2011,1.72,,,
UZB,2012,1.95,,,
UZB,2013,1.94,,,
UZB,2014,2.5,,,
UZB,2015,2.59,,,
UZB,2016,2.4,,,
UZB,2017,2.81,,,
UZB,2018,2.46,,,
UZB,2019,2.45,,,
Uganda,2010,,35.0,3.7068922,14.6
Uganda,2011,,34.8,3.9289642,
Uganda,2012,,34.6,4.1658923,
Uganda,2013,,34.3,4.4210281,
Uganda,2014,,34.0,4.6963621,
Uganda,2015,,33.7,4.9938042,11.0
Uganda,2016,,33.4,5.315271,
Uganda,2017,,33.1,5.663712,
Uganda,2018,,32.8,6.0418431,
Uganda,2019,,32.5,6.4514853,
Ukraine,2010,,48.1,21.39525,31.3
Ukraine,2011,,47.6,21.608192,
Ukraine,2012,,47.1,21.804969,
Ukraine,2013,,46.6,21.992561,
Ukraine,2014,,46.0,22.171605,
Ukraine,2015,,45.5,22.349669,28.5
Ukraine,2016,,44.9,22.527543,
Ukraine,2017,,44.3,22.701436,
Ukraine,2018,,43.7,22.873433,
Ukraine,2019,,43.1,23.04863,
United Arab Emirates,2010,,39.2,32.408139,13.3
United Arab Emirates,2011,,39.4,32.086125,
United Arab Emirates,2012,,39.7,31.948605,
United Arab Emirates,2013,,39.9,31.897157,
United Arab Emirates,2014,,40.1,31.890005,
United Arab Emirates,2015,,40.3,31.910279,11.2
United Arab Emirates,2016,,40.5,31.959581,
United Arab Emirates,2017,,40.8,31.996262,
United Arab Emirates,2018,,41.1,32.003281,
United Arab Emirates,2019,,41.4,32.001853,
United Kingdom of Great Britain and Northern Ireland,2010,,29.4,24.301125,24.1
United Kingdom of Great Britain and Northern Ireland,2011,,29.0,24.553245,
United Kingdom of Great Britain and Northern Ireland,2012,,28.7,24.769516,
United Kingdom of Great Britain and Northern Ireland,2013,,28.3,24.967778,
United Kingdom of Great Britain and Northern Ireland,2014,,27.9,25.158972,
United Kingdom of Great Britain and Northern Ireland,2015,,27.6,25.354999,19.3
United Kingdom of Great Britain and Northern Ireland,2016,,27.3,25.560129,
United Kingdom of Great Britain and Northern Ireland,2017,,27.0,25.767446,
United Kingdom of Great Britain and Northern Ireland,2018,,26.7,25.969675,
United Kingdom of Great Britain and Northern Ireland,2019,,26.4,26.171803,
United Republic of Tanzania,2010,,37.7,6.7079507,16.8
United Republic of Tanzania,2011,,37.4,7.0764832,
United Republic of Tanzania,2012,,37.0,7.4604489,
United Republic of Tanzania,2013,,36.5,7.8635812,
United Republic of Tanzania,2014,,36.0,8.2885318,
United Republic of Tanzania,2015,,35.5,8.7406561,13.1
United Republic of Tanzania,2016,,34.9,9.2205554,
United Republic of Tanzania,2017,,34.4,9.722174,
United Republic of Tanzania,2018,,33.8,10.242861,
United Republic of Tanzania,2019,,33.2,10.783537,
United States of America,2010,,31.9,35.841832,27.9
United States of America,2011,,31.8,36.409339,
United States of America,2012,,31.8,36.934921,
United States of America,2013,,31.7,37.442505,
United States of America,2014,,31.7,37.944382,
United States of America,2015,,31.6,38.44766,26.3
United States of America,2016,,31.6,38.957086,
United States of America,2017,,31.6,39.465436,
United States of America,2018,,31.6,39.966592,
United States of America,2019,,31.6,40.463263,
Uruguay,2010,,42.1,23.579544,27.6
Uruguay,2011,,42.2,24.283564,
Uruguay,2012,,42.3,25.01168,
Uruguay,2013,,42.3,25.761399,
Uruguay,2014,,42.3,26.535496,
Uruguay,2015,,42.3,27.330664,24.4
Uruguay,2016,,42.3,28.145823,
Uruguay,2017,,42.4,28.975448,
Uruguay,2018,,42.4,29.817289,
Uruguay,2019,,42.4,30.674666,
Uzbekistan,2010,,39.3,19.267955,21.9
Uzbekistan,2011,,40.1,20.150897,
Uzbekistan,2012,,40.8,21.047696,
Uzbekistan,2013,,41.5,21.955667,
Uzbekistan,2014,,42.3,22.868882,
Uzbekistan,2015,,43.0,23.780942,19.6
Uzbekistan,2016,,43.6,24.690849,
Uzbekistan,2017,,44.3,25.589213,
Uzbekistan,2018,,45.0,26.475865,
Uzbekistan,2019,,45.7,27.358216,
VCT,2010,6.654458745,,,
VCT,2011,6.702750949,,,
VCT,2012,6.626923316,,,
VCT,2013,6.769372297,,,
VCT,2014,6.840001318,,,
VCT,2015,7.254031919,,,
VCT,2016,7.672896234,,,
VCT,2017,7.677232508,,,
VCT,2018,7.545649951,,,
VCT,2019,7.60699544,,,
VEN,2010,7.37234862,,,
VEN,2011,6.866000832,,,
VEN,2012,6.828646138,,,
VEN,2013,6.861593428,,,
VEN,2014,6.571350081,,,
VEN,2015,6.142864258,,,
VEN,2016,4.010640131,,,
VEN,2017,3.231756364,,,
VEN,2018,2.579929991,,,
VEN,2019,2.141768274,,,
VNM,2010,2.348336711,,,
VNM,2011,2.556395595,,,
VNM,2012,2.670359576,,,
VNM,2013,2.77936482,,,
VNM,2014,2.815319619,,,
VNM,2015,3.029125999,,,
VNM,2016,3.247547852,,,
VNM,2017,3.36319892,,,
VNM,2018,3.311191514,,,
VNM,2019,3.348654657,,,
VUT,2010,1.085635464,,,
VUT,2011,1.488357139,,,
VUT,2012,1.365161148,,,
VUT,2013,1.237934034,,,
VUT,2014,1.587412368,,,
VUT,2015,1.250821738,,,
VUT,2016,1.646541891,,,
VUT,2017,2.239200972,,,
VUT,2018,1.634693378,,,
VUT,2019,2.146007081,,,
Vanuatu,2010,,37.4,18.10144,
Vanuatu,2011,,37.7,18.283695,
Vanuatu,2012,,37.9,18.475892,
Vanuatu,2013,,38.2,18.683463,
Vanuatu,2014,,38.4,18.907145,
Vanuatu,2015,,38.6,19.147116,
Vanuatu,2016,,38.8,19.40594,
Vanuatu,2017,,39.0,19.680123,
Vanuatu,2018,,39.3,19.965616,
Vanuatu,2019,,39.5,20.266366,
Venezuela (Bolivarian Republic of),2010,,39.7,22.418727,
Venezuela (Bolivarian Republic of),2011,,39.7,22.589523,
Venezuela (Bolivarian Republic of),2012,,39.7,22.728722,
Venezuela (Bolivarian Republic of),2013,,39.7,22.831604,
Venezuela (Bolivarian Republic of),2014,,39.7,22.901741,
Venezuela (Bolivarian Republic of),2015,,39.6,22.937085,
Venezuela (Bolivarian Republic of),2016,,39.5,22.940819,
Venezuela (Bolivarian Republic of),2017,,39.5,22.919264,
Venezuela (Bolivarian Republic of),2018,,39.5,22.879703,
Venezuela (Bolivarian Republic of),2019,,39.4,22.833301,
Viet Nam,2010,,28.6,0.6988436,26.6
Viet Nam,2011,,28.7,0.76660826,
Viet Nam,2012,,28.8,0.84088426,
Viet Nam,2013,,28.9,0.92207147,
Viet Nam,2014,,29.0,1.0106123,
Viet Nam,2015,,29.1,1.1069048,24.9
Viet Nam,2016,,29.2,1.2110491,
Viet Nam,2017,,29.4,1.3228442,
Viet Nam,2018,,29.5,1.4426946,
Viet Nam,2019,,29.7,1.5709221,
WSM,2010,2.921310453,,,
WSM,2011,2.674172649,,,
WSM,2012,2.732664789,,,
WSM,2013,2.61406451,,,
WSM,2014,2.328892844,,,
WSM,2015,2.304926998,,,
WSM,2016,2.302224115,,,
WSM,2017,2.476005004,,,
WSM,2018,2.570163878,,,
WSM,2019,2.23748821,,,
YEM,2010,0.0,,,
YEM,2011,0.0,,,
YEM,2012,0.0,,,
YEM,2013,0.0,,,
YEM,2014,0.0,,,
YEM,2015,0.0,,,
YEM,2016,0.0,,,
YEM,2017,0.0,,,
YEM,2018,0.0,,,
YEM,2019,0.0,,,
Yemen,2010,,28.9,8.4176399,24.8
Yemen,2011,,29.0,8.7788574,
Yemen,2012,,29.0,9.1545396,
Yemen,2013,,29.1,9.5447235,
Yemen,2014,,29.1,9.9524066,
Yemen,2015,,29.1,10.379971,23.3
Yemen,2016,,29.2,10.828916,
Yemen,2017,,29.2,11.278841,
Yemen,2018,,29.3,11.728492,
Yemen,2019,,29.3,12.185182,
ZAF,2010,6.78,,,
ZAF,2011,7.03,,,
ZAF,2012,7.1,,,
ZAF,2013,7.06,,,
ZAF,2014,7.11,,,
ZAF,2015,7.15,,,
ZAF,2016,7.05,,,
ZAF,2017,6.99,,,
ZAF,2018,7.19,,,
ZAF,2019,7.2,,,
ZMB,2010,2.812764444,,,
ZMB,2011,2.665326982,,,
ZMB,2012,2.75163853,,,
ZMB,2013,2.903571428,,,
ZMB,2014,3.114038032,,,
ZMB,2015,3.01192416,,,
ZMB,2016,3.029735512,,,
ZMB,2017,3.164391841,,,
ZMB,2018,3.192188265,,,
ZMB,2019,2.811612194,,,
ZWE,2010,4.869950383,,,
ZWE,2011,5.270385344,,,
ZWE,2012,5.850238795,,,
ZWE,2013,5.745568512,,,
ZWE,2014,5.366602622,,,
ZWE,2015,5.169147506,,,
ZWE,2016,4.873193011,,,
ZWE,2017,4.522960509,,,
ZWE,2018,4.812528218,,,
ZWE,2019,4.910072433,,,
Zambia,2010,,37.0,6.230763,17.0
Zambia,2011,,36.6,6.531591,
Zambia,2012,,36.2,6.8440765,
Zambia,2013,,35.7,7.1706749,
Zambia,2014,,35.1,7.5150371,
Zambia,2015,,34.6,7.8801706,15.8
Zambia,2016,,34.0,8.2667835,
Zambia,2017,,33.4,8.6750649,
Zambia,2018,,32.9,9.1049865,
Zambia,2019,,32.3,9.5572688,
Zimbabwe,2010,,43.4,9.422984,15.7
Zimbabwe,2011,,43.4,9.7395383,
Zimbabwe,2012,,43.3,10.065372,
Zimbabwe,2013,,43.2,10.400436,
Zimbabwe,2014,,43.1,10.750912,
Zimbabwe,2015,,42.9,11.118134,13.6
Zimbabwe,2016,,42.8,11.504383,
Zimbabwe,2017,,42.6,11.910026,
Zimbabwe,2018,,42.4,12.331657,
Zimbabwe,2019,,42.3,12.769172,
